lot_id,component_id,is_defective,defect_type
LOT_000,LOT_000_C0000,0,normal
LOT_000,LOT_000_C0001,0,normal
LOT_000,LOT_000_C0002,0,normal
LOT_000,LOT_000_C0003,0,normal
LOT_000,LOT_000_C0004,0,normal
LOT_000,LOT_000_C0005,0,normal
LOT_000,LOT_000_C0006,0,normal
LOT_000,LOT_000_C0007,0,normal
LOT_000,LOT_000_C0008,0,normal
LOT_000,LOT_000_C0009,0,normal
LOT_000,LOT_000_C0010,0,normal
LOT_000,LOT_000_C0011,0,normal
LOT_000,LOT_000_C0012,0,normal
LOT_000,LOT_000_C0013,0,normal
LOT_000,LOT_000_C0014,0,normal
LOT_000,LOT_000_C0015,0,normal
LOT_000,LOT_000_C0016,0,normal
LOT_000,LOT_000_C0017,1,latent
LOT_000,LOT_000_C0018,0,normal
LOT_000,LOT_000_C0019,0,normal
LOT_000,LOT_000_C0020,0,normal
LOT_000,LOT_000_C0021,0,normal
LOT_000,LOT_000_C0022,0,normal
LOT_000,LOT_000_C0023,1,latent
LOT_000,LOT_000_C0024,0,normal
LOT_000,LOT_000_C0025,0,normal
LOT_000,LOT_000_C0026,0,normal
LOT_000,LOT_000_C0027,0,normal
LOT_000,LOT_000_C0028,0,normal
LOT_000,LOT_000_C0029,0,normal
LOT_000,LOT_000_C0030,0,normal
LOT_000,LOT_000_C0031,0,normal
LOT_000,LOT_000_C0032,0,normal
LOT_000,LOT_000_C0033,0,normal
LOT_000,LOT_000_C0034,0,normal
LOT_000,LOT_000_C0035,0,normal
LOT_000,LOT_000_C0036,0,normal
LOT_000,LOT_000_C0037,0,normal
LOT_000,LOT_000_C0038,0,normal
LOT_000,LOT_000_C0039,0,normal
LOT_000,LOT_000_C0040,0,normal
LOT_000,LOT_000_C0041,1,latent
LOT_000,LOT_000_C0042,0,normal
LOT_000,LOT_000_C0043,0,normal
LOT_000,LOT_000_C0044,0,normal
LOT_000,LOT_000_C0045,0,normal
LOT_000,LOT_000_C0046,0,normal
LOT_000,LOT_000_C0047,0,normal
LOT_000,LOT_000_C0048,0,normal
LOT_000,LOT_000_C0049,0,normal
LOT_000,LOT_000_C0050,0,normal
LOT_000,LOT_000_C0051,0,normal
LOT_000,LOT_000_C0052,0,normal
LOT_000,LOT_000_C0053,0,normal
LOT_000,LOT_000_C0054,0,normal
LOT_000,LOT_000_C0055,1,latent
LOT_000,LOT_000_C0056,0,normal
LOT_000,LOT_000_C0057,0,normal
LOT_000,LOT_000_C0058,0,normal
LOT_000,LOT_000_C0059,0,normal
LOT_000,LOT_000_C0060,0,normal
LOT_000,LOT_000_C0061,0,normal
LOT_000,LOT_000_C0062,0,normal
LOT_000,LOT_000_C0063,0,normal
LOT_000,LOT_000_C0064,0,normal
LOT_000,LOT_000_C0065,0,normal
LOT_000,LOT_000_C0066,0,normal
LOT_000,LOT_000_C0067,0,normal
LOT_000,LOT_000_C0068,0,normal
LOT_000,LOT_000_C0069,0,normal
LOT_000,LOT_000_C0070,0,normal
LOT_000,LOT_000_C0071,0,normal
LOT_000,LOT_000_C0072,0,normal
LOT_000,LOT_000_C0073,0,normal
LOT_000,LOT_000_C0074,0,normal
LOT_000,LOT_000_C0075,0,normal
LOT_000,LOT_000_C0076,0,normal
LOT_000,LOT_000_C0077,0,normal
LOT_000,LOT_000_C0078,0,normal
LOT_000,LOT_000_C0079,0,normal
LOT_000,LOT_000_C0080,0,normal
LOT_000,LOT_000_C0081,1,latent
LOT_000,LOT_000_C0082,0,normal
LOT_000,LOT_000_C0083,0,normal
LOT_000,LOT_000_C0084,0,normal
LOT_000,LOT_000_C0085,0,normal
LOT_000,LOT_000_C0086,0,normal
LOT_000,LOT_000_C0087,0,normal
LOT_000,LOT_000_C0088,0,normal
LOT_000,LOT_000_C0089,0,normal
LOT_000,LOT_000_C0090,0,normal
LOT_000,LOT_000_C0091,0,normal
LOT_000,LOT_000_C0092,0,normal
LOT_000,LOT_000_C0093,0,normal
LOT_000,LOT_000_C0094,0,normal
LOT_000,LOT_000_C0095,0,normal
LOT_000,LOT_000_C0096,0,normal
LOT_000,LOT_000_C0097,0,normal
LOT_000,LOT_000_C0098,0,normal
LOT_000,LOT_000_C0099,0,normal
LOT_000,LOT_000_C0100,0,normal
LOT_000,LOT_000_C0101,0,normal
LOT_000,LOT_000_C0102,0,normal
LOT_000,LOT_000_C0103,0,normal
LOT_000,LOT_000_C0104,0,normal
LOT_000,LOT_000_C0105,0,normal
LOT_000,LOT_000_C0106,0,normal
LOT_000,LOT_000_C0107,0,normal
LOT_000,LOT_000_C0108,0,normal
LOT_000,LOT_000_C0109,0,normal
LOT_000,LOT_000_C0110,0,normal
LOT_000,LOT_000_C0111,0,normal
LOT_000,LOT_000_C0112,0,normal
LOT_000,LOT_000_C0113,0,normal
LOT_000,LOT_000_C0114,0,normal
LOT_000,LOT_000_C0115,0,normal
LOT_000,LOT_000_C0116,1,latent
LOT_000,LOT_000_C0117,0,normal
LOT_000,LOT_000_C0118,0,normal
LOT_000,LOT_000_C0119,0,normal
LOT_000,LOT_000_C0120,0,normal
LOT_000,LOT_000_C0121,0,normal
LOT_000,LOT_000_C0122,0,normal
LOT_000,LOT_000_C0123,0,normal
LOT_000,LOT_000_C0124,0,normal
LOT_000,LOT_000_C0125,0,normal
LOT_000,LOT_000_C0126,0,normal
LOT_000,LOT_000_C0127,0,normal
LOT_000,LOT_000_C0128,0,normal
LOT_000,LOT_000_C0129,0,normal
LOT_000,LOT_000_C0130,0,normal
LOT_000,LOT_000_C0131,1,obvious
LOT_000,LOT_000_C0132,0,normal
LOT_000,LOT_000_C0133,1,latent
LOT_000,LOT_000_C0134,0,normal
LOT_000,LOT_000_C0135,0,normal
LOT_000,LOT_000_C0136,0,normal
LOT_000,LOT_000_C0137,0,normal
LOT_000,LOT_000_C0138,0,normal
LOT_000,LOT_000_C0139,0,normal
LOT_000,LOT_000_C0140,0,normal
LOT_000,LOT_000_C0141,0,normal
LOT_000,LOT_000_C0142,0,normal
LOT_000,LOT_000_C0143,0,normal
LOT_000,LOT_000_C0144,0,normal
LOT_000,LOT_000_C0145,0,normal
LOT_000,LOT_000_C0146,0,normal
LOT_000,LOT_000_C0147,0,normal
LOT_000,LOT_000_C0148,0,normal
LOT_000,LOT_000_C0149,0,normal
LOT_000,LOT_000_C0150,0,normal
LOT_000,LOT_000_C0151,0,normal
LOT_000,LOT_000_C0152,0,normal
LOT_000,LOT_000_C0153,0,normal
LOT_000,LOT_000_C0154,0,normal
LOT_000,LOT_000_C0155,0,normal
LOT_000,LOT_000_C0156,1,latent
LOT_000,LOT_000_C0157,1,obvious
LOT_000,LOT_000_C0158,0,normal
LOT_000,LOT_000_C0159,0,normal
LOT_000,LOT_000_C0160,0,normal
LOT_000,LOT_000_C0161,0,normal
LOT_000,LOT_000_C0162,0,normal
LOT_000,LOT_000_C0163,0,normal
LOT_000,LOT_000_C0164,1,latent
LOT_000,LOT_000_C0165,0,normal
LOT_000,LOT_000_C0166,0,normal
LOT_000,LOT_000_C0167,0,normal
LOT_000,LOT_000_C0168,0,normal
LOT_000,LOT_000_C0169,0,normal
LOT_000,LOT_000_C0170,0,normal
LOT_000,LOT_000_C0171,1,latent
LOT_000,LOT_000_C0172,0,normal
LOT_000,LOT_000_C0173,0,normal
LOT_000,LOT_000_C0174,0,normal
LOT_000,LOT_000_C0175,0,normal
LOT_000,LOT_000_C0176,0,normal
LOT_000,LOT_000_C0177,0,normal
LOT_000,LOT_000_C0178,0,normal
LOT_000,LOT_000_C0179,0,normal
LOT_000,LOT_000_C0180,0,normal
LOT_000,LOT_000_C0181,1,obvious
LOT_000,LOT_000_C0182,0,normal
LOT_000,LOT_000_C0183,0,normal
LOT_000,LOT_000_C0184,0,normal
LOT_000,LOT_000_C0185,0,normal
LOT_000,LOT_000_C0186,0,normal
LOT_000,LOT_000_C0187,0,normal
LOT_000,LOT_000_C0188,0,normal
LOT_000,LOT_000_C0189,0,normal
LOT_000,LOT_000_C0190,0,normal
LOT_000,LOT_000_C0191,0,normal
LOT_000,LOT_000_C0192,0,normal
LOT_000,LOT_000_C0193,0,normal
LOT_000,LOT_000_C0194,0,normal
LOT_000,LOT_000_C0195,0,normal
LOT_000,LOT_000_C0196,0,normal
LOT_000,LOT_000_C0197,0,normal
LOT_000,LOT_000_C0198,0,normal
LOT_000,LOT_000_C0199,0,normal
LOT_000,LOT_000_C0200,0,normal
LOT_000,LOT_000_C0201,0,normal
LOT_000,LOT_000_C0202,0,normal
LOT_000,LOT_000_C0203,0,normal
LOT_000,LOT_000_C0204,0,normal
LOT_000,LOT_000_C0205,0,normal
LOT_000,LOT_000_C0206,0,normal
LOT_000,LOT_000_C0207,0,normal
LOT_000,LOT_000_C0208,0,normal
LOT_000,LOT_000_C0209,0,normal
LOT_000,LOT_000_C0210,1,obvious
LOT_000,LOT_000_C0211,0,normal
LOT_000,LOT_000_C0212,0,normal
LOT_000,LOT_000_C0213,0,normal
LOT_000,LOT_000_C0214,0,normal
LOT_000,LOT_000_C0215,0,normal
LOT_000,LOT_000_C0216,0,normal
LOT_000,LOT_000_C0217,0,normal
LOT_000,LOT_000_C0218,1,latent
LOT_000,LOT_000_C0219,0,normal
LOT_000,LOT_000_C0220,0,normal
LOT_000,LOT_000_C0221,1,latent
LOT_000,LOT_000_C0222,0,normal
LOT_000,LOT_000_C0223,0,normal
LOT_000,LOT_000_C0224,0,normal
LOT_000,LOT_000_C0225,0,normal
LOT_000,LOT_000_C0226,0,normal
LOT_000,LOT_000_C0227,0,normal
LOT_000,LOT_000_C0228,0,normal
LOT_000,LOT_000_C0229,0,normal
LOT_000,LOT_000_C0230,0,normal
LOT_000,LOT_000_C0231,0,normal
LOT_000,LOT_000_C0232,1,obvious
LOT_000,LOT_000_C0233,0,normal
LOT_000,LOT_000_C0234,0,normal
LOT_000,LOT_000_C0235,0,normal
LOT_000,LOT_000_C0236,0,normal
LOT_000,LOT_000_C0237,0,normal
LOT_000,LOT_000_C0238,0,normal
LOT_000,LOT_000_C0239,0,normal
LOT_000,LOT_000_C0240,0,normal
LOT_000,LOT_000_C0241,0,normal
LOT_000,LOT_000_C0242,0,normal
LOT_000,LOT_000_C0243,0,normal
LOT_000,LOT_000_C0244,0,normal
LOT_000,LOT_000_C0245,0,normal
LOT_000,LOT_000_C0246,0,normal
LOT_000,LOT_000_C0247,0,normal
LOT_000,LOT_000_C0248,0,normal
LOT_000,LOT_000_C0249,0,normal
LOT_000,LOT_000_C0250,0,normal
LOT_000,LOT_000_C0251,0,normal
LOT_000,LOT_000_C0252,0,normal
LOT_000,LOT_000_C0253,0,normal
LOT_000,LOT_000_C0254,0,normal
LOT_000,LOT_000_C0255,0,normal
LOT_000,LOT_000_C0256,0,normal
LOT_000,LOT_000_C0257,0,normal
LOT_000,LOT_000_C0258,0,normal
LOT_000,LOT_000_C0259,0,normal
LOT_000,LOT_000_C0260,0,normal
LOT_000,LOT_000_C0261,0,normal
LOT_000,LOT_000_C0262,0,normal
LOT_000,LOT_000_C0263,0,normal
LOT_000,LOT_000_C0264,0,normal
LOT_000,LOT_000_C0265,0,normal
LOT_000,LOT_000_C0266,0,normal
LOT_000,LOT_000_C0267,0,normal
LOT_000,LOT_000_C0268,0,normal
LOT_000,LOT_000_C0269,0,normal
LOT_000,LOT_000_C0270,0,normal
LOT_000,LOT_000_C0271,0,normal
LOT_000,LOT_000_C0272,0,normal
LOT_000,LOT_000_C0273,0,normal
LOT_000,LOT_000_C0274,0,normal
LOT_000,LOT_000_C0275,0,normal
LOT_000,LOT_000_C0276,0,normal
LOT_000,LOT_000_C0277,0,normal
LOT_000,LOT_000_C0278,0,normal
LOT_000,LOT_000_C0279,0,normal
LOT_000,LOT_000_C0280,0,normal
LOT_000,LOT_000_C0281,0,normal
LOT_000,LOT_000_C0282,0,normal
LOT_000,LOT_000_C0283,0,normal
LOT_000,LOT_000_C0284,0,normal
LOT_000,LOT_000_C0285,0,normal
LOT_000,LOT_000_C0286,0,normal
LOT_000,LOT_000_C0287,0,normal
LOT_000,LOT_000_C0288,0,normal
LOT_000,LOT_000_C0289,0,normal
LOT_000,LOT_000_C0290,0,normal
LOT_000,LOT_000_C0291,0,normal
LOT_000,LOT_000_C0292,0,normal
LOT_000,LOT_000_C0293,0,normal
LOT_000,LOT_000_C0294,0,normal
LOT_000,LOT_000_C0295,0,normal
LOT_000,LOT_000_C0296,1,latent
LOT_000,LOT_000_C0297,0,normal
LOT_000,LOT_000_C0298,0,normal
LOT_000,LOT_000_C0299,1,obvious
LOT_000,LOT_000_C0300,1,latent
LOT_000,LOT_000_C0301,0,normal
LOT_000,LOT_000_C0302,0,normal
LOT_000,LOT_000_C0303,0,normal
LOT_000,LOT_000_C0304,0,normal
LOT_000,LOT_000_C0305,0,normal
LOT_000,LOT_000_C0306,1,latent
LOT_000,LOT_000_C0307,0,normal
LOT_000,LOT_000_C0308,0,normal
LOT_000,LOT_000_C0309,0,normal
LOT_000,LOT_000_C0310,0,normal
LOT_000,LOT_000_C0311,0,normal
LOT_000,LOT_000_C0312,0,normal
LOT_000,LOT_000_C0313,0,normal
LOT_000,LOT_000_C0314,1,latent
LOT_000,LOT_000_C0315,0,normal
LOT_000,LOT_000_C0316,0,normal
LOT_000,LOT_000_C0317,0,normal
LOT_000,LOT_000_C0318,0,normal
LOT_000,LOT_000_C0319,0,normal
LOT_000,LOT_000_C0320,0,normal
LOT_000,LOT_000_C0321,0,normal
LOT_000,LOT_000_C0322,0,normal
LOT_000,LOT_000_C0323,0,normal
LOT_000,LOT_000_C0324,0,normal
LOT_000,LOT_000_C0325,0,normal
LOT_000,LOT_000_C0326,0,normal
LOT_000,LOT_000_C0327,0,normal
LOT_000,LOT_000_C0328,0,normal
LOT_000,LOT_000_C0329,0,normal
LOT_000,LOT_000_C0330,0,normal
LOT_000,LOT_000_C0331,0,normal
LOT_000,LOT_000_C0332,1,latent
LOT_000,LOT_000_C0333,0,normal
LOT_000,LOT_000_C0334,0,normal
LOT_000,LOT_000_C0335,0,normal
LOT_000,LOT_000_C0336,0,normal
LOT_000,LOT_000_C0337,0,normal
LOT_000,LOT_000_C0338,0,normal
LOT_000,LOT_000_C0339,0,normal
LOT_000,LOT_000_C0340,0,normal
LOT_000,LOT_000_C0341,0,normal
LOT_000,LOT_000_C0342,1,latent
LOT_000,LOT_000_C0343,0,normal
LOT_000,LOT_000_C0344,0,normal
LOT_000,LOT_000_C0345,0,normal
LOT_000,LOT_000_C0346,0,normal
LOT_000,LOT_000_C0347,0,normal
LOT_000,LOT_000_C0348,0,normal
LOT_000,LOT_000_C0349,0,normal
LOT_000,LOT_000_C0350,0,normal
LOT_000,LOT_000_C0351,0,normal
LOT_000,LOT_000_C0352,0,normal
LOT_000,LOT_000_C0353,0,normal
LOT_000,LOT_000_C0354,0,normal
LOT_000,LOT_000_C0355,0,normal
LOT_000,LOT_000_C0356,0,normal
LOT_000,LOT_000_C0357,0,normal
LOT_000,LOT_000_C0358,0,normal
LOT_000,LOT_000_C0359,0,normal
LOT_000,LOT_000_C0360,0,normal
LOT_000,LOT_000_C0361,0,normal
LOT_000,LOT_000_C0362,0,normal
LOT_000,LOT_000_C0363,0,normal
LOT_000,LOT_000_C0364,0,normal
LOT_000,LOT_000_C0365,0,normal
LOT_000,LOT_000_C0366,0,normal
LOT_000,LOT_000_C0367,0,normal
LOT_000,LOT_000_C0368,0,normal
LOT_000,LOT_000_C0369,0,normal
LOT_000,LOT_000_C0370,0,normal
LOT_000,LOT_000_C0371,0,normal
LOT_000,LOT_000_C0372,0,normal
LOT_000,LOT_000_C0373,0,normal
LOT_000,LOT_000_C0374,0,normal
LOT_000,LOT_000_C0375,0,normal
LOT_000,LOT_000_C0376,0,normal
LOT_000,LOT_000_C0377,0,normal
LOT_000,LOT_000_C0378,0,normal
LOT_000,LOT_000_C0379,0,normal
LOT_000,LOT_000_C0380,0,normal
LOT_000,LOT_000_C0381,0,normal
LOT_000,LOT_000_C0382,0,normal
LOT_000,LOT_000_C0383,0,normal
LOT_000,LOT_000_C0384,0,normal
LOT_000,LOT_000_C0385,0,normal
LOT_000,LOT_000_C0386,0,normal
LOT_000,LOT_000_C0387,0,normal
LOT_000,LOT_000_C0388,0,normal
LOT_000,LOT_000_C0389,0,normal
LOT_000,LOT_000_C0390,0,normal
LOT_000,LOT_000_C0391,0,normal
LOT_000,LOT_000_C0392,0,normal
LOT_000,LOT_000_C0393,0,normal
LOT_000,LOT_000_C0394,0,normal
LOT_000,LOT_000_C0395,0,normal
LOT_000,LOT_000_C0396,0,normal
LOT_000,LOT_000_C0397,0,normal
LOT_000,LOT_000_C0398,0,normal
LOT_000,LOT_000_C0399,0,normal
LOT_000,LOT_000_C0400,0,normal
LOT_000,LOT_000_C0401,0,normal
LOT_000,LOT_000_C0402,0,normal
LOT_000,LOT_000_C0403,0,normal
LOT_000,LOT_000_C0404,0,normal
LOT_000,LOT_000_C0405,0,normal
LOT_000,LOT_000_C0406,0,normal
LOT_000,LOT_000_C0407,0,normal
LOT_000,LOT_000_C0408,0,normal
LOT_000,LOT_000_C0409,0,normal
LOT_000,LOT_000_C0410,0,normal
LOT_000,LOT_000_C0411,0,normal
LOT_000,LOT_000_C0412,0,normal
LOT_000,LOT_000_C0413,0,normal
LOT_000,LOT_000_C0414,0,normal
LOT_000,LOT_000_C0415,0,normal
LOT_000,LOT_000_C0416,0,normal
LOT_000,LOT_000_C0417,0,normal
LOT_000,LOT_000_C0418,0,normal
LOT_000,LOT_000_C0419,0,normal
LOT_000,LOT_000_C0420,1,latent
LOT_000,LOT_000_C0421,0,normal
LOT_000,LOT_000_C0422,0,normal
LOT_000,LOT_000_C0423,0,normal
LOT_000,LOT_000_C0424,0,normal
LOT_000,LOT_000_C0425,0,normal
LOT_000,LOT_000_C0426,1,latent
LOT_000,LOT_000_C0427,0,normal
LOT_000,LOT_000_C0428,0,normal
LOT_000,LOT_000_C0429,0,normal
LOT_000,LOT_000_C0430,0,normal
LOT_000,LOT_000_C0431,0,normal
LOT_000,LOT_000_C0432,0,normal
LOT_000,LOT_000_C0433,0,normal
LOT_000,LOT_000_C0434,0,normal
LOT_000,LOT_000_C0435,0,normal
LOT_000,LOT_000_C0436,0,normal
LOT_000,LOT_000_C0437,1,latent
LOT_000,LOT_000_C0438,0,normal
LOT_000,LOT_000_C0439,0,normal
LOT_000,LOT_000_C0440,0,normal
LOT_000,LOT_000_C0441,0,normal
LOT_000,LOT_000_C0442,0,normal
LOT_000,LOT_000_C0443,0,normal
LOT_000,LOT_000_C0444,0,normal
LOT_000,LOT_000_C0445,0,normal
LOT_000,LOT_000_C0446,1,latent
LOT_000,LOT_000_C0447,0,normal
LOT_000,LOT_000_C0448,1,obvious
LOT_000,LOT_000_C0449,0,normal
LOT_000,LOT_000_C0450,0,normal
LOT_000,LOT_000_C0451,0,normal
LOT_000,LOT_000_C0452,0,normal
LOT_000,LOT_000_C0453,0,normal
LOT_000,LOT_000_C0454,0,normal
LOT_000,LOT_000_C0455,0,normal
LOT_000,LOT_000_C0456,0,normal
LOT_000,LOT_000_C0457,0,normal
LOT_000,LOT_000_C0458,1,obvious
LOT_000,LOT_000_C0459,0,normal
LOT_000,LOT_000_C0460,0,normal
LOT_000,LOT_000_C0461,0,normal
LOT_000,LOT_000_C0462,0,normal
LOT_000,LOT_000_C0463,0,normal
LOT_000,LOT_000_C0464,0,normal
LOT_000,LOT_000_C0465,0,normal
LOT_000,LOT_000_C0466,0,normal
LOT_000,LOT_000_C0467,0,normal
LOT_000,LOT_000_C0468,0,normal
LOT_000,LOT_000_C0469,0,normal
LOT_000,LOT_000_C0470,0,normal
LOT_000,LOT_000_C0471,0,normal
LOT_000,LOT_000_C0472,0,normal
LOT_000,LOT_000_C0473,1,latent
LOT_000,LOT_000_C0474,0,normal
LOT_000,LOT_000_C0475,0,normal
LOT_000,LOT_000_C0476,0,normal
LOT_000,LOT_000_C0477,0,normal
LOT_000,LOT_000_C0478,0,normal
LOT_000,LOT_000_C0479,0,normal
LOT_000,LOT_000_C0480,0,normal
LOT_000,LOT_000_C0481,0,normal
LOT_000,LOT_000_C0482,0,normal
LOT_000,LOT_000_C0483,0,normal
LOT_000,LOT_000_C0484,0,normal
LOT_000,LOT_000_C0485,0,normal
LOT_000,LOT_000_C0486,0,normal
LOT_000,LOT_000_C0487,0,normal
LOT_000,LOT_000_C0488,0,normal
LOT_000,LOT_000_C0489,0,normal
LOT_000,LOT_000_C0490,0,normal
LOT_000,LOT_000_C0491,0,normal
LOT_000,LOT_000_C0492,0,normal
LOT_000,LOT_000_C0493,0,normal
LOT_000,LOT_000_C0494,0,normal
LOT_000,LOT_000_C0495,0,normal
LOT_000,LOT_000_C0496,0,normal
LOT_000,LOT_000_C0497,0,normal
LOT_000,LOT_000_C0498,0,normal
LOT_000,LOT_000_C0499,0,normal
LOT_000,LOT_000_C0500,0,normal
LOT_000,LOT_000_C0501,0,normal
LOT_000,LOT_000_C0502,0,normal
LOT_000,LOT_000_C0503,0,normal
LOT_000,LOT_000_C0504,0,normal
LOT_000,LOT_000_C0505,0,normal
LOT_000,LOT_000_C0506,0,normal
LOT_000,LOT_000_C0507,0,normal
LOT_000,LOT_000_C0508,0,normal
LOT_000,LOT_000_C0509,0,normal
LOT_000,LOT_000_C0510,1,latent
LOT_000,LOT_000_C0511,0,normal
LOT_000,LOT_000_C0512,0,normal
LOT_000,LOT_000_C0513,0,normal
LOT_000,LOT_000_C0514,1,obvious
LOT_000,LOT_000_C0515,0,normal
LOT_000,LOT_000_C0516,0,normal
LOT_000,LOT_000_C0517,0,normal
LOT_000,LOT_000_C0518,0,normal
LOT_000,LOT_000_C0519,0,normal
LOT_000,LOT_000_C0520,0,normal
LOT_000,LOT_000_C0521,0,normal
LOT_000,LOT_000_C0522,0,normal
LOT_000,LOT_000_C0523,0,normal
LOT_000,LOT_000_C0524,0,normal
LOT_000,LOT_000_C0525,0,normal
LOT_000,LOT_000_C0526,0,normal
LOT_000,LOT_000_C0527,0,normal
LOT_000,LOT_000_C0528,0,normal
LOT_000,LOT_000_C0529,0,normal
LOT_000,LOT_000_C0530,0,normal
LOT_000,LOT_000_C0531,0,normal
LOT_000,LOT_000_C0532,1,latent
LOT_000,LOT_000_C0533,0,normal
LOT_000,LOT_000_C0534,0,normal
LOT_000,LOT_000_C0535,0,normal
LOT_000,LOT_000_C0536,1,obvious
LOT_000,LOT_000_C0537,0,normal
LOT_000,LOT_000_C0538,0,normal
LOT_000,LOT_000_C0539,0,normal
LOT_000,LOT_000_C0540,0,normal
LOT_000,LOT_000_C0541,0,normal
LOT_000,LOT_000_C0542,1,latent
LOT_000,LOT_000_C0543,0,normal
LOT_001,LOT_001_C0000,0,normal
LOT_001,LOT_001_C0001,0,normal
LOT_001,LOT_001_C0002,0,normal
LOT_001,LOT_001_C0003,0,normal
LOT_001,LOT_001_C0004,0,normal
LOT_001,LOT_001_C0005,0,normal
LOT_001,LOT_001_C0006,0,normal
LOT_001,LOT_001_C0007,0,normal
LOT_001,LOT_001_C0008,0,normal
LOT_001,LOT_001_C0009,0,normal
LOT_001,LOT_001_C0010,0,normal
LOT_001,LOT_001_C0011,0,normal
LOT_001,LOT_001_C0012,0,normal
LOT_001,LOT_001_C0013,0,normal
LOT_001,LOT_001_C0014,0,normal
LOT_001,LOT_001_C0015,0,normal
LOT_001,LOT_001_C0016,0,normal
LOT_001,LOT_001_C0017,0,normal
LOT_001,LOT_001_C0018,0,normal
LOT_001,LOT_001_C0019,0,normal
LOT_001,LOT_001_C0020,0,normal
LOT_001,LOT_001_C0021,0,normal
LOT_001,LOT_001_C0022,0,normal
LOT_001,LOT_001_C0023,0,normal
LOT_001,LOT_001_C0024,0,normal
LOT_001,LOT_001_C0025,0,normal
LOT_001,LOT_001_C0026,0,normal
LOT_001,LOT_001_C0027,0,normal
LOT_001,LOT_001_C0028,0,normal
LOT_001,LOT_001_C0029,0,normal
LOT_001,LOT_001_C0030,0,normal
LOT_001,LOT_001_C0031,0,normal
LOT_001,LOT_001_C0032,0,normal
LOT_001,LOT_001_C0033,0,normal
LOT_001,LOT_001_C0034,0,normal
LOT_001,LOT_001_C0035,0,normal
LOT_001,LOT_001_C0036,0,normal
LOT_001,LOT_001_C0037,0,normal
LOT_001,LOT_001_C0038,0,normal
LOT_001,LOT_001_C0039,0,normal
LOT_001,LOT_001_C0040,0,normal
LOT_001,LOT_001_C0041,0,normal
LOT_001,LOT_001_C0042,0,normal
LOT_001,LOT_001_C0043,0,normal
LOT_001,LOT_001_C0044,0,normal
LOT_001,LOT_001_C0045,0,normal
LOT_001,LOT_001_C0046,1,latent
LOT_001,LOT_001_C0047,0,normal
LOT_001,LOT_001_C0048,0,normal
LOT_001,LOT_001_C0049,0,normal
LOT_001,LOT_001_C0050,0,normal
LOT_001,LOT_001_C0051,0,normal
LOT_001,LOT_001_C0052,0,normal
LOT_001,LOT_001_C0053,0,normal
LOT_001,LOT_001_C0054,0,normal
LOT_001,LOT_001_C0055,0,normal
LOT_001,LOT_001_C0056,1,latent
LOT_001,LOT_001_C0057,1,latent
LOT_001,LOT_001_C0058,0,normal
LOT_001,LOT_001_C0059,0,normal
LOT_001,LOT_001_C0060,0,normal
LOT_001,LOT_001_C0061,0,normal
LOT_001,LOT_001_C0062,0,normal
LOT_001,LOT_001_C0063,0,normal
LOT_001,LOT_001_C0064,0,normal
LOT_001,LOT_001_C0065,0,normal
LOT_001,LOT_001_C0066,0,normal
LOT_001,LOT_001_C0067,0,normal
LOT_001,LOT_001_C0068,0,normal
LOT_001,LOT_001_C0069,0,normal
LOT_001,LOT_001_C0070,0,normal
LOT_001,LOT_001_C0071,0,normal
LOT_001,LOT_001_C0072,0,normal
LOT_001,LOT_001_C0073,0,normal
LOT_001,LOT_001_C0074,0,normal
LOT_001,LOT_001_C0075,0,normal
LOT_001,LOT_001_C0076,0,normal
LOT_001,LOT_001_C0077,1,latent
LOT_001,LOT_001_C0078,0,normal
LOT_001,LOT_001_C0079,0,normal
LOT_001,LOT_001_C0080,0,normal
LOT_001,LOT_001_C0081,0,normal
LOT_001,LOT_001_C0082,0,normal
LOT_001,LOT_001_C0083,0,normal
LOT_001,LOT_001_C0084,0,normal
LOT_001,LOT_001_C0085,0,normal
LOT_001,LOT_001_C0086,0,normal
LOT_001,LOT_001_C0087,0,normal
LOT_001,LOT_001_C0088,0,normal
LOT_001,LOT_001_C0089,0,normal
LOT_001,LOT_001_C0090,0,normal
LOT_001,LOT_001_C0091,0,normal
LOT_001,LOT_001_C0092,0,normal
LOT_001,LOT_001_C0093,0,normal
LOT_001,LOT_001_C0094,0,normal
LOT_001,LOT_001_C0095,1,latent
LOT_001,LOT_001_C0096,0,normal
LOT_001,LOT_001_C0097,0,normal
LOT_001,LOT_001_C0098,0,normal
LOT_001,LOT_001_C0099,0,normal
LOT_001,LOT_001_C0100,0,normal
LOT_001,LOT_001_C0101,0,normal
LOT_001,LOT_001_C0102,0,normal
LOT_001,LOT_001_C0103,0,normal
LOT_001,LOT_001_C0104,1,latent
LOT_001,LOT_001_C0105,1,obvious
LOT_001,LOT_001_C0106,0,normal
LOT_001,LOT_001_C0107,0,normal
LOT_001,LOT_001_C0108,0,normal
LOT_001,LOT_001_C0109,0,normal
LOT_001,LOT_001_C0110,0,normal
LOT_001,LOT_001_C0111,0,normal
LOT_001,LOT_001_C0112,0,normal
LOT_001,LOT_001_C0113,0,normal
LOT_001,LOT_001_C0114,1,latent
LOT_001,LOT_001_C0115,0,normal
LOT_001,LOT_001_C0116,0,normal
LOT_001,LOT_001_C0117,0,normal
LOT_001,LOT_001_C0118,0,normal
LOT_001,LOT_001_C0119,0,normal
LOT_001,LOT_001_C0120,0,normal
LOT_001,LOT_001_C0121,0,normal
LOT_001,LOT_001_C0122,0,normal
LOT_001,LOT_001_C0123,0,normal
LOT_001,LOT_001_C0124,0,normal
LOT_001,LOT_001_C0125,0,normal
LOT_001,LOT_001_C0126,1,obvious
LOT_001,LOT_001_C0127,0,normal
LOT_001,LOT_001_C0128,0,normal
LOT_001,LOT_001_C0129,0,normal
LOT_001,LOT_001_C0130,0,normal
LOT_001,LOT_001_C0131,0,normal
LOT_001,LOT_001_C0132,0,normal
LOT_001,LOT_001_C0133,0,normal
LOT_001,LOT_001_C0134,0,normal
LOT_001,LOT_001_C0135,0,normal
LOT_001,LOT_001_C0136,0,normal
LOT_001,LOT_001_C0137,0,normal
LOT_001,LOT_001_C0138,0,normal
LOT_001,LOT_001_C0139,0,normal
LOT_001,LOT_001_C0140,0,normal
LOT_001,LOT_001_C0141,0,normal
LOT_001,LOT_001_C0142,0,normal
LOT_001,LOT_001_C0143,0,normal
LOT_001,LOT_001_C0144,0,normal
LOT_001,LOT_001_C0145,0,normal
LOT_001,LOT_001_C0146,0,normal
LOT_001,LOT_001_C0147,0,normal
LOT_001,LOT_001_C0148,0,normal
LOT_001,LOT_001_C0149,0,normal
LOT_001,LOT_001_C0150,0,normal
LOT_001,LOT_001_C0151,0,normal
LOT_001,LOT_001_C0152,0,normal
LOT_001,LOT_001_C0153,0,normal
LOT_001,LOT_001_C0154,0,normal
LOT_001,LOT_001_C0155,0,normal
LOT_001,LOT_001_C0156,0,normal
LOT_001,LOT_001_C0157,1,latent
LOT_001,LOT_001_C0158,0,normal
LOT_001,LOT_001_C0159,0,normal
LOT_001,LOT_001_C0160,0,normal
LOT_001,LOT_001_C0161,0,normal
LOT_001,LOT_001_C0162,0,normal
LOT_001,LOT_001_C0163,0,normal
LOT_001,LOT_001_C0164,0,normal
LOT_001,LOT_001_C0165,0,normal
LOT_001,LOT_001_C0166,0,normal
LOT_001,LOT_001_C0167,1,latent
LOT_001,LOT_001_C0168,0,normal
LOT_001,LOT_001_C0169,0,normal
LOT_001,LOT_001_C0170,0,normal
LOT_001,LOT_001_C0171,0,normal
LOT_001,LOT_001_C0172,0,normal
LOT_001,LOT_001_C0173,0,normal
LOT_001,LOT_001_C0174,0,normal
LOT_001,LOT_001_C0175,0,normal
LOT_001,LOT_001_C0176,0,normal
LOT_001,LOT_001_C0177,0,normal
LOT_001,LOT_001_C0178,1,latent
LOT_001,LOT_001_C0179,0,normal
LOT_001,LOT_001_C0180,0,normal
LOT_001,LOT_001_C0181,0,normal
LOT_001,LOT_001_C0182,0,normal
LOT_001,LOT_001_C0183,0,normal
LOT_001,LOT_001_C0184,0,normal
LOT_001,LOT_001_C0185,0,normal
LOT_001,LOT_001_C0186,0,normal
LOT_001,LOT_001_C0187,0,normal
LOT_001,LOT_001_C0188,0,normal
LOT_001,LOT_001_C0189,0,normal
LOT_001,LOT_001_C0190,0,normal
LOT_001,LOT_001_C0191,0,normal
LOT_001,LOT_001_C0192,0,normal
LOT_001,LOT_001_C0193,0,normal
LOT_001,LOT_001_C0194,0,normal
LOT_001,LOT_001_C0195,0,normal
LOT_001,LOT_001_C0196,0,normal
LOT_001,LOT_001_C0197,0,normal
LOT_001,LOT_001_C0198,0,normal
LOT_001,LOT_001_C0199,1,latent
LOT_001,LOT_001_C0200,0,normal
LOT_001,LOT_001_C0201,0,normal
LOT_001,LOT_001_C0202,0,normal
LOT_001,LOT_001_C0203,0,normal
LOT_001,LOT_001_C0204,0,normal
LOT_001,LOT_001_C0205,0,normal
LOT_001,LOT_001_C0206,0,normal
LOT_001,LOT_001_C0207,0,normal
LOT_001,LOT_001_C0208,0,normal
LOT_001,LOT_001_C0209,0,normal
LOT_001,LOT_001_C0210,0,normal
LOT_001,LOT_001_C0211,0,normal
LOT_001,LOT_001_C0212,0,normal
LOT_001,LOT_001_C0213,0,normal
LOT_001,LOT_001_C0214,0,normal
LOT_001,LOT_001_C0215,0,normal
LOT_001,LOT_001_C0216,0,normal
LOT_001,LOT_001_C0217,0,normal
LOT_001,LOT_001_C0218,0,normal
LOT_001,LOT_001_C0219,0,normal
LOT_001,LOT_001_C0220,0,normal
LOT_001,LOT_001_C0221,0,normal
LOT_001,LOT_001_C0222,0,normal
LOT_001,LOT_001_C0223,0,normal
LOT_001,LOT_001_C0224,0,normal
LOT_001,LOT_001_C0225,0,normal
LOT_001,LOT_001_C0226,1,obvious
LOT_001,LOT_001_C0227,0,normal
LOT_001,LOT_001_C0228,0,normal
LOT_001,LOT_001_C0229,0,normal
LOT_001,LOT_001_C0230,0,normal
LOT_001,LOT_001_C0231,1,latent
LOT_001,LOT_001_C0232,0,normal
LOT_001,LOT_001_C0233,0,normal
LOT_001,LOT_001_C0234,0,normal
LOT_001,LOT_001_C0235,1,latent
LOT_001,LOT_001_C0236,0,normal
LOT_001,LOT_001_C0237,0,normal
LOT_001,LOT_001_C0238,0,normal
LOT_001,LOT_001_C0239,0,normal
LOT_001,LOT_001_C0240,0,normal
LOT_001,LOT_001_C0241,1,latent
LOT_001,LOT_001_C0242,1,latent
LOT_001,LOT_001_C0243,0,normal
LOT_001,LOT_001_C0244,0,normal
LOT_001,LOT_001_C0245,0,normal
LOT_001,LOT_001_C0246,0,normal
LOT_001,LOT_001_C0247,0,normal
LOT_001,LOT_001_C0248,0,normal
LOT_001,LOT_001_C0249,0,normal
LOT_001,LOT_001_C0250,0,normal
LOT_001,LOT_001_C0251,0,normal
LOT_001,LOT_001_C0252,0,normal
LOT_001,LOT_001_C0253,0,normal
LOT_001,LOT_001_C0254,0,normal
LOT_001,LOT_001_C0255,0,normal
LOT_001,LOT_001_C0256,0,normal
LOT_001,LOT_001_C0257,0,normal
LOT_001,LOT_001_C0258,0,normal
LOT_001,LOT_001_C0259,0,normal
LOT_001,LOT_001_C0260,0,normal
LOT_001,LOT_001_C0261,1,obvious
LOT_001,LOT_001_C0262,0,normal
LOT_001,LOT_001_C0263,0,normal
LOT_001,LOT_001_C0264,0,normal
LOT_001,LOT_001_C0265,0,normal
LOT_001,LOT_001_C0266,0,normal
LOT_001,LOT_001_C0267,0,normal
LOT_001,LOT_001_C0268,0,normal
LOT_001,LOT_001_C0269,0,normal
LOT_001,LOT_001_C0270,1,latent
LOT_001,LOT_001_C0271,0,normal
LOT_001,LOT_001_C0272,0,normal
LOT_001,LOT_001_C0273,0,normal
LOT_001,LOT_001_C0274,0,normal
LOT_001,LOT_001_C0275,0,normal
LOT_001,LOT_001_C0276,1,latent
LOT_001,LOT_001_C0277,0,normal
LOT_001,LOT_001_C0278,0,normal
LOT_001,LOT_001_C0279,0,normal
LOT_001,LOT_001_C0280,0,normal
LOT_001,LOT_001_C0281,0,normal
LOT_001,LOT_001_C0282,1,obvious
LOT_001,LOT_001_C0283,0,normal
LOT_001,LOT_001_C0284,0,normal
LOT_001,LOT_001_C0285,0,normal
LOT_001,LOT_001_C0286,0,normal
LOT_001,LOT_001_C0287,0,normal
LOT_001,LOT_001_C0288,0,normal
LOT_001,LOT_001_C0289,0,normal
LOT_001,LOT_001_C0290,0,normal
LOT_001,LOT_001_C0291,0,normal
LOT_001,LOT_001_C0292,1,latent
LOT_001,LOT_001_C0293,0,normal
LOT_001,LOT_001_C0294,0,normal
LOT_001,LOT_001_C0295,0,normal
LOT_001,LOT_001_C0296,0,normal
LOT_001,LOT_001_C0297,0,normal
LOT_001,LOT_001_C0298,0,normal
LOT_001,LOT_001_C0299,0,normal
LOT_001,LOT_001_C0300,0,normal
LOT_001,LOT_001_C0301,0,normal
LOT_001,LOT_001_C0302,0,normal
LOT_001,LOT_001_C0303,0,normal
LOT_001,LOT_001_C0304,0,normal
LOT_001,LOT_001_C0305,0,normal
LOT_001,LOT_001_C0306,0,normal
LOT_001,LOT_001_C0307,0,normal
LOT_001,LOT_001_C0308,0,normal
LOT_001,LOT_001_C0309,0,normal
LOT_001,LOT_001_C0310,0,normal
LOT_001,LOT_001_C0311,0,normal
LOT_001,LOT_001_C0312,0,normal
LOT_001,LOT_001_C0313,0,normal
LOT_001,LOT_001_C0314,0,normal
LOT_001,LOT_001_C0315,0,normal
LOT_001,LOT_001_C0316,0,normal
LOT_001,LOT_001_C0317,0,normal
LOT_001,LOT_001_C0318,0,normal
LOT_001,LOT_001_C0319,0,normal
LOT_001,LOT_001_C0320,0,normal
LOT_001,LOT_001_C0321,0,normal
LOT_001,LOT_001_C0322,0,normal
LOT_001,LOT_001_C0323,0,normal
LOT_001,LOT_001_C0324,0,normal
LOT_001,LOT_001_C0325,1,latent
LOT_001,LOT_001_C0326,0,normal
LOT_001,LOT_001_C0327,0,normal
LOT_001,LOT_001_C0328,0,normal
LOT_001,LOT_001_C0329,0,normal
LOT_001,LOT_001_C0330,0,normal
LOT_001,LOT_001_C0331,0,normal
LOT_001,LOT_001_C0332,0,normal
LOT_001,LOT_001_C0333,0,normal
LOT_001,LOT_001_C0334,0,normal
LOT_001,LOT_001_C0335,0,normal
LOT_001,LOT_001_C0336,0,normal
LOT_001,LOT_001_C0337,0,normal
LOT_001,LOT_001_C0338,0,normal
LOT_001,LOT_001_C0339,1,latent
LOT_001,LOT_001_C0340,0,normal
LOT_001,LOT_001_C0341,0,normal
LOT_001,LOT_001_C0342,0,normal
LOT_001,LOT_001_C0343,0,normal
LOT_001,LOT_001_C0344,0,normal
LOT_001,LOT_001_C0345,0,normal
LOT_001,LOT_001_C0346,0,normal
LOT_001,LOT_001_C0347,1,latent
LOT_001,LOT_001_C0348,0,normal
LOT_001,LOT_001_C0349,0,normal
LOT_001,LOT_001_C0350,0,normal
LOT_001,LOT_001_C0351,0,normal
LOT_001,LOT_001_C0352,0,normal
LOT_001,LOT_001_C0353,0,normal
LOT_001,LOT_001_C0354,0,normal
LOT_001,LOT_001_C0355,0,normal
LOT_001,LOT_001_C0356,0,normal
LOT_001,LOT_001_C0357,0,normal
LOT_001,LOT_001_C0358,0,normal
LOT_001,LOT_001_C0359,0,normal
LOT_001,LOT_001_C0360,0,normal
LOT_001,LOT_001_C0361,0,normal
LOT_001,LOT_001_C0362,0,normal
LOT_001,LOT_001_C0363,0,normal
LOT_001,LOT_001_C0364,1,obvious
LOT_001,LOT_001_C0365,0,normal
LOT_001,LOT_001_C0366,0,normal
LOT_001,LOT_001_C0367,0,normal
LOT_001,LOT_001_C0368,0,normal
LOT_001,LOT_001_C0369,0,normal
LOT_001,LOT_001_C0370,0,normal
LOT_001,LOT_001_C0371,0,normal
LOT_001,LOT_001_C0372,0,normal
LOT_001,LOT_001_C0373,0,normal
LOT_001,LOT_001_C0374,1,latent
LOT_001,LOT_001_C0375,0,normal
LOT_001,LOT_001_C0376,0,normal
LOT_001,LOT_001_C0377,0,normal
LOT_001,LOT_001_C0378,0,normal
LOT_001,LOT_001_C0379,0,normal
LOT_001,LOT_001_C0380,0,normal
LOT_001,LOT_001_C0381,0,normal
LOT_001,LOT_001_C0382,0,normal
LOT_001,LOT_001_C0383,0,normal
LOT_001,LOT_001_C0384,0,normal
LOT_001,LOT_001_C0385,0,normal
LOT_001,LOT_001_C0386,0,normal
LOT_001,LOT_001_C0387,0,normal
LOT_001,LOT_001_C0388,0,normal
LOT_001,LOT_001_C0389,0,normal
LOT_001,LOT_001_C0390,0,normal
LOT_001,LOT_001_C0391,0,normal
LOT_001,LOT_001_C0392,0,normal
LOT_001,LOT_001_C0393,0,normal
LOT_001,LOT_001_C0394,0,normal
LOT_001,LOT_001_C0395,0,normal
LOT_001,LOT_001_C0396,0,normal
LOT_001,LOT_001_C0397,0,normal
LOT_001,LOT_001_C0398,0,normal
LOT_001,LOT_001_C0399,1,latent
LOT_001,LOT_001_C0400,1,latent
LOT_001,LOT_001_C0401,0,normal
LOT_001,LOT_001_C0402,0,normal
LOT_001,LOT_001_C0403,0,normal
LOT_001,LOT_001_C0404,1,latent
LOT_001,LOT_001_C0405,0,normal
LOT_001,LOT_001_C0406,0,normal
LOT_001,LOT_001_C0407,0,normal
LOT_001,LOT_001_C0408,0,normal
LOT_001,LOT_001_C0409,0,normal
LOT_001,LOT_001_C0410,0,normal
LOT_001,LOT_001_C0411,0,normal
LOT_001,LOT_001_C0412,0,normal
LOT_001,LOT_001_C0413,0,normal
LOT_001,LOT_001_C0414,0,normal
LOT_001,LOT_001_C0415,0,normal
LOT_001,LOT_001_C0416,0,normal
LOT_001,LOT_001_C0417,0,normal
LOT_001,LOT_001_C0418,0,normal
LOT_001,LOT_001_C0419,0,normal
LOT_001,LOT_001_C0420,0,normal
LOT_001,LOT_001_C0421,0,normal
LOT_001,LOT_001_C0422,0,normal
LOT_001,LOT_001_C0423,0,normal
LOT_001,LOT_001_C0424,0,normal
LOT_001,LOT_001_C0425,0,normal
LOT_001,LOT_001_C0426,0,normal
LOT_001,LOT_001_C0427,0,normal
LOT_001,LOT_001_C0428,0,normal
LOT_001,LOT_001_C0429,0,normal
LOT_001,LOT_001_C0430,0,normal
LOT_001,LOT_001_C0431,0,normal
LOT_001,LOT_001_C0432,0,normal
LOT_001,LOT_001_C0433,1,latent
LOT_001,LOT_001_C0434,0,normal
LOT_001,LOT_001_C0435,0,normal
LOT_001,LOT_001_C0436,0,normal
LOT_001,LOT_001_C0437,0,normal
LOT_001,LOT_001_C0438,0,normal
LOT_001,LOT_001_C0439,0,normal
LOT_001,LOT_001_C0440,0,normal
LOT_001,LOT_001_C0441,0,normal
LOT_001,LOT_001_C0442,0,normal
LOT_001,LOT_001_C0443,0,normal
LOT_001,LOT_001_C0444,0,normal
LOT_001,LOT_001_C0445,0,normal
LOT_001,LOT_001_C0446,0,normal
LOT_001,LOT_001_C0447,0,normal
LOT_001,LOT_001_C0448,0,normal
LOT_001,LOT_001_C0449,0,normal
LOT_001,LOT_001_C0450,0,normal
LOT_001,LOT_001_C0451,0,normal
LOT_001,LOT_001_C0452,0,normal
LOT_001,LOT_001_C0453,0,normal
LOT_001,LOT_001_C0454,0,normal
LOT_001,LOT_001_C0455,0,normal
LOT_001,LOT_001_C0456,0,normal
LOT_001,LOT_001_C0457,1,latent
LOT_001,LOT_001_C0458,1,latent
LOT_001,LOT_001_C0459,0,normal
LOT_001,LOT_001_C0460,0,normal
LOT_001,LOT_001_C0461,0,normal
LOT_001,LOT_001_C0462,0,normal
LOT_001,LOT_001_C0463,0,normal
LOT_001,LOT_001_C0464,1,obvious
LOT_001,LOT_001_C0465,0,normal
LOT_001,LOT_001_C0466,0,normal
LOT_001,LOT_001_C0467,0,normal
LOT_001,LOT_001_C0468,0,normal
LOT_001,LOT_001_C0469,0,normal
LOT_001,LOT_001_C0470,0,normal
LOT_001,LOT_001_C0471,0,normal
LOT_001,LOT_001_C0472,0,normal
LOT_001,LOT_001_C0473,0,normal
LOT_001,LOT_001_C0474,0,normal
LOT_001,LOT_001_C0475,0,normal
LOT_001,LOT_001_C0476,0,normal
LOT_001,LOT_001_C0477,0,normal
LOT_001,LOT_001_C0478,0,normal
LOT_001,LOT_001_C0479,0,normal
LOT_001,LOT_001_C0480,0,normal
LOT_001,LOT_001_C0481,0,normal
LOT_001,LOT_001_C0482,0,normal
LOT_001,LOT_001_C0483,0,normal
LOT_001,LOT_001_C0484,0,normal
LOT_001,LOT_001_C0485,0,normal
LOT_001,LOT_001_C0486,0,normal
LOT_001,LOT_001_C0487,0,normal
LOT_001,LOT_001_C0488,0,normal
LOT_001,LOT_001_C0489,0,normal
LOT_001,LOT_001_C0490,0,normal
LOT_001,LOT_001_C0491,0,normal
LOT_001,LOT_001_C0492,0,normal
LOT_001,LOT_001_C0493,1,latent
LOT_001,LOT_001_C0494,1,latent
LOT_001,LOT_001_C0495,0,normal
LOT_001,LOT_001_C0496,0,normal
LOT_001,LOT_001_C0497,0,normal
LOT_001,LOT_001_C0498,0,normal
LOT_001,LOT_001_C0499,0,normal
LOT_001,LOT_001_C0500,0,normal
LOT_001,LOT_001_C0501,0,normal
LOT_001,LOT_001_C0502,0,normal
LOT_001,LOT_001_C0503,0,normal
LOT_001,LOT_001_C0504,1,obvious
LOT_001,LOT_001_C0505,0,normal
LOT_001,LOT_001_C0506,0,normal
LOT_001,LOT_001_C0507,0,normal
LOT_001,LOT_001_C0508,0,normal
LOT_001,LOT_001_C0509,0,normal
LOT_001,LOT_001_C0510,0,normal
LOT_001,LOT_001_C0511,0,normal
LOT_001,LOT_001_C0512,0,normal
LOT_001,LOT_001_C0513,0,normal
LOT_001,LOT_001_C0514,1,obvious
LOT_001,LOT_001_C0515,1,latent
LOT_001,LOT_001_C0516,0,normal
LOT_001,LOT_001_C0517,0,normal
LOT_001,LOT_001_C0518,0,normal
LOT_001,LOT_001_C0519,0,normal
LOT_001,LOT_001_C0520,0,normal
LOT_001,LOT_001_C0521,0,normal
LOT_001,LOT_001_C0522,0,normal
LOT_001,LOT_001_C0523,0,normal
LOT_001,LOT_001_C0524,0,normal
LOT_001,LOT_001_C0525,0,normal
LOT_001,LOT_001_C0526,0,normal
LOT_001,LOT_001_C0527,0,normal
LOT_001,LOT_001_C0528,0,normal
LOT_001,LOT_001_C0529,0,normal
LOT_001,LOT_001_C0530,0,normal
LOT_001,LOT_001_C0531,0,normal
LOT_001,LOT_001_C0532,0,normal
LOT_001,LOT_001_C0533,0,normal
LOT_001,LOT_001_C0534,0,normal
LOT_001,LOT_001_C0535,0,normal
LOT_001,LOT_001_C0536,0,normal
LOT_001,LOT_001_C0537,0,normal
LOT_001,LOT_001_C0538,0,normal
LOT_001,LOT_001_C0539,0,normal
LOT_001,LOT_001_C0540,0,normal
LOT_001,LOT_001_C0541,0,normal
LOT_001,LOT_001_C0542,0,normal
LOT_001,LOT_001_C0543,0,normal
LOT_001,LOT_001_C0544,0,normal
LOT_001,LOT_001_C0545,0,normal
LOT_001,LOT_001_C0546,0,normal
LOT_001,LOT_001_C0547,0,normal
LOT_001,LOT_001_C0548,0,normal
LOT_001,LOT_001_C0549,0,normal
LOT_001,LOT_001_C0550,0,normal
LOT_001,LOT_001_C0551,1,latent
LOT_001,LOT_001_C0552,0,normal
LOT_001,LOT_001_C0553,0,normal
LOT_001,LOT_001_C0554,0,normal
LOT_001,LOT_001_C0555,0,normal
LOT_001,LOT_001_C0556,0,normal
LOT_001,LOT_001_C0557,0,normal
LOT_001,LOT_001_C0558,0,normal
LOT_001,LOT_001_C0559,0,normal
LOT_001,LOT_001_C0560,0,normal
LOT_001,LOT_001_C0561,0,normal
LOT_001,LOT_001_C0562,0,normal
LOT_001,LOT_001_C0563,1,latent
LOT_001,LOT_001_C0564,0,normal
LOT_001,LOT_001_C0565,0,normal
LOT_001,LOT_001_C0566,0,normal
LOT_001,LOT_001_C0567,0,normal
LOT_001,LOT_001_C0568,0,normal
LOT_001,LOT_001_C0569,0,normal
LOT_001,LOT_001_C0570,0,normal
LOT_001,LOT_001_C0571,0,normal
LOT_001,LOT_001_C0572,0,normal
LOT_001,LOT_001_C0573,1,latent
LOT_001,LOT_001_C0574,0,normal
LOT_001,LOT_001_C0575,0,normal
LOT_001,LOT_001_C0576,0,normal
LOT_001,LOT_001_C0577,0,normal
LOT_001,LOT_001_C0578,0,normal
LOT_001,LOT_001_C0579,0,normal
LOT_001,LOT_001_C0580,0,normal
LOT_001,LOT_001_C0581,0,normal
LOT_001,LOT_001_C0582,0,normal
LOT_001,LOT_001_C0583,0,normal
LOT_001,LOT_001_C0584,0,normal
LOT_001,LOT_001_C0585,0,normal
LOT_001,LOT_001_C0586,0,normal
LOT_001,LOT_001_C0587,0,normal
LOT_001,LOT_001_C0588,0,normal
LOT_001,LOT_001_C0589,0,normal
LOT_001,LOT_001_C0590,0,normal
LOT_001,LOT_001_C0591,1,latent
LOT_001,LOT_001_C0592,0,normal
LOT_001,LOT_001_C0593,0,normal
LOT_001,LOT_001_C0594,0,normal
LOT_001,LOT_001_C0595,0,normal
LOT_001,LOT_001_C0596,0,normal
LOT_001,LOT_001_C0597,0,normal
LOT_001,LOT_001_C0598,0,normal
LOT_001,LOT_001_C0599,0,normal
LOT_001,LOT_001_C0600,0,normal
LOT_001,LOT_001_C0601,0,normal
LOT_001,LOT_001_C0602,0,normal
LOT_001,LOT_001_C0603,0,normal
LOT_001,LOT_001_C0604,0,normal
LOT_001,LOT_001_C0605,0,normal
LOT_001,LOT_001_C0606,0,normal
LOT_001,LOT_001_C0607,0,normal
LOT_001,LOT_001_C0608,0,normal
LOT_001,LOT_001_C0609,0,normal
LOT_001,LOT_001_C0610,0,normal
LOT_001,LOT_001_C0611,0,normal
LOT_001,LOT_001_C0612,0,normal
LOT_001,LOT_001_C0613,0,normal
LOT_001,LOT_001_C0614,0,normal
LOT_001,LOT_001_C0615,0,normal
LOT_001,LOT_001_C0616,0,normal
LOT_001,LOT_001_C0617,0,normal
LOT_001,LOT_001_C0618,0,normal
LOT_001,LOT_001_C0619,0,normal
LOT_001,LOT_001_C0620,0,normal
LOT_001,LOT_001_C0621,0,normal
LOT_001,LOT_001_C0622,0,normal
LOT_001,LOT_001_C0623,0,normal
LOT_001,LOT_001_C0624,0,normal
LOT_001,LOT_001_C0625,1,latent
LOT_001,LOT_001_C0626,0,normal
LOT_001,LOT_001_C0627,0,normal
LOT_001,LOT_001_C0628,1,latent
LOT_001,LOT_001_C0629,0,normal
LOT_001,LOT_001_C0630,0,normal
LOT_001,LOT_001_C0631,0,normal
LOT_001,LOT_001_C0632,0,normal
LOT_001,LOT_001_C0633,0,normal
LOT_001,LOT_001_C0634,0,normal
LOT_001,LOT_001_C0635,0,normal
LOT_001,LOT_001_C0636,0,normal
LOT_001,LOT_001_C0637,0,normal
LOT_001,LOT_001_C0638,0,normal
LOT_001,LOT_001_C0639,0,normal
LOT_001,LOT_001_C0640,0,normal
LOT_001,LOT_001_C0641,0,normal
LOT_001,LOT_001_C0642,0,normal
LOT_001,LOT_001_C0643,0,normal
LOT_001,LOT_001_C0644,0,normal
LOT_001,LOT_001_C0645,0,normal
LOT_001,LOT_001_C0646,1,latent
LOT_001,LOT_001_C0647,1,latent
LOT_001,LOT_001_C0648,0,normal
LOT_001,LOT_001_C0649,0,normal
LOT_001,LOT_001_C0650,0,normal
LOT_001,LOT_001_C0651,1,latent
LOT_001,LOT_001_C0652,0,normal
LOT_001,LOT_001_C0653,0,normal
LOT_001,LOT_001_C0654,0,normal
LOT_001,LOT_001_C0655,0,normal
LOT_001,LOT_001_C0656,0,normal
LOT_001,LOT_001_C0657,1,latent
LOT_001,LOT_001_C0658,0,normal
LOT_001,LOT_001_C0659,0,normal
LOT_001,LOT_001_C0660,0,normal
LOT_001,LOT_001_C0661,1,latent
LOT_001,LOT_001_C0662,0,normal
LOT_001,LOT_001_C0663,1,obvious
LOT_001,LOT_001_C0664,0,normal
LOT_001,LOT_001_C0665,0,normal
LOT_001,LOT_001_C0666,0,normal
LOT_001,LOT_001_C0667,0,normal
LOT_001,LOT_001_C0668,1,latent
LOT_001,LOT_001_C0669,0,normal
LOT_001,LOT_001_C0670,1,latent
LOT_001,LOT_001_C0671,0,normal
LOT_001,LOT_001_C0672,0,normal
LOT_001,LOT_001_C0673,0,normal
LOT_001,LOT_001_C0674,0,normal
LOT_001,LOT_001_C0675,0,normal
LOT_001,LOT_001_C0676,0,normal
LOT_001,LOT_001_C0677,0,normal
LOT_001,LOT_001_C0678,0,normal
LOT_001,LOT_001_C0679,1,latent
LOT_001,LOT_001_C0680,0,normal
LOT_001,LOT_001_C0681,0,normal
LOT_001,LOT_001_C0682,0,normal
LOT_001,LOT_001_C0683,0,normal
LOT_001,LOT_001_C0684,0,normal
LOT_001,LOT_001_C0685,0,normal
LOT_001,LOT_001_C0686,0,normal
LOT_001,LOT_001_C0687,0,normal
LOT_001,LOT_001_C0688,0,normal
LOT_001,LOT_001_C0689,0,normal
LOT_001,LOT_001_C0690,0,normal
LOT_001,LOT_001_C0691,0,normal
LOT_001,LOT_001_C0692,0,normal
LOT_001,LOT_001_C0693,0,normal
LOT_001,LOT_001_C0694,0,normal
LOT_001,LOT_001_C0695,0,normal
LOT_001,LOT_001_C0696,0,normal
LOT_001,LOT_001_C0697,0,normal
LOT_001,LOT_001_C0698,0,normal
LOT_001,LOT_001_C0699,0,normal
LOT_001,LOT_001_C0700,0,normal
LOT_001,LOT_001_C0701,1,latent
LOT_001,LOT_001_C0702,0,normal
LOT_001,LOT_001_C0703,0,normal
LOT_001,LOT_001_C0704,0,normal
LOT_001,LOT_001_C0705,0,normal
LOT_001,LOT_001_C0706,1,latent
LOT_001,LOT_001_C0707,0,normal
LOT_001,LOT_001_C0708,0,normal
LOT_001,LOT_001_C0709,0,normal
LOT_001,LOT_001_C0710,0,normal
LOT_001,LOT_001_C0711,0,normal
LOT_001,LOT_001_C0712,0,normal
LOT_001,LOT_001_C0713,0,normal
LOT_001,LOT_001_C0714,0,normal
LOT_001,LOT_001_C0715,1,latent
LOT_001,LOT_001_C0716,0,normal
LOT_001,LOT_001_C0717,0,normal
LOT_001,LOT_001_C0718,0,normal
LOT_001,LOT_001_C0719,0,normal
LOT_001,LOT_001_C0720,0,normal
LOT_001,LOT_001_C0721,0,normal
LOT_001,LOT_001_C0722,0,normal
LOT_001,LOT_001_C0723,0,normal
LOT_001,LOT_001_C0724,0,normal
LOT_001,LOT_001_C0725,0,normal
LOT_001,LOT_001_C0726,0,normal
LOT_001,LOT_001_C0727,0,normal
LOT_001,LOT_001_C0728,0,normal
LOT_001,LOT_001_C0729,0,normal
LOT_001,LOT_001_C0730,0,normal
LOT_001,LOT_001_C0731,0,normal
LOT_001,LOT_001_C0732,0,normal
LOT_001,LOT_001_C0733,0,normal
LOT_001,LOT_001_C0734,0,normal
LOT_001,LOT_001_C0735,0,normal
LOT_001,LOT_001_C0736,0,normal
LOT_001,LOT_001_C0737,0,normal
LOT_001,LOT_001_C0738,0,normal
LOT_001,LOT_001_C0739,0,normal
LOT_001,LOT_001_C0740,0,normal
LOT_001,LOT_001_C0741,0,normal
LOT_001,LOT_001_C0742,0,normal
LOT_001,LOT_001_C0743,0,normal
LOT_001,LOT_001_C0744,0,normal
LOT_001,LOT_001_C0745,0,normal
LOT_001,LOT_001_C0746,0,normal
LOT_001,LOT_001_C0747,0,normal
LOT_001,LOT_001_C0748,0,normal
LOT_001,LOT_001_C0749,0,normal
LOT_001,LOT_001_C0750,0,normal
LOT_001,LOT_001_C0751,0,normal
LOT_001,LOT_001_C0752,0,normal
LOT_001,LOT_001_C0753,0,normal
LOT_001,LOT_001_C0754,0,normal
LOT_001,LOT_001_C0755,0,normal
LOT_001,LOT_001_C0756,0,normal
LOT_001,LOT_001_C0757,1,latent
LOT_001,LOT_001_C0758,0,normal
LOT_001,LOT_001_C0759,0,normal
LOT_001,LOT_001_C0760,0,normal
LOT_001,LOT_001_C0761,0,normal
LOT_001,LOT_001_C0762,1,latent
LOT_001,LOT_001_C0763,0,normal
LOT_001,LOT_001_C0764,0,normal
LOT_001,LOT_001_C0765,0,normal
LOT_001,LOT_001_C0766,0,normal
LOT_001,LOT_001_C0767,0,normal
LOT_001,LOT_001_C0768,0,normal
LOT_001,LOT_001_C0769,0,normal
LOT_001,LOT_001_C0770,0,normal
LOT_001,LOT_001_C0771,0,normal
LOT_001,LOT_001_C0772,0,normal
LOT_001,LOT_001_C0773,0,normal
LOT_001,LOT_001_C0774,0,normal
LOT_001,LOT_001_C0775,0,normal
LOT_001,LOT_001_C0776,0,normal
LOT_001,LOT_001_C0777,0,normal
LOT_001,LOT_001_C0778,0,normal
LOT_001,LOT_001_C0779,0,normal
LOT_001,LOT_001_C0780,0,normal
LOT_001,LOT_001_C0781,0,normal
LOT_001,LOT_001_C0782,0,normal
LOT_001,LOT_001_C0783,0,normal
LOT_001,LOT_001_C0784,0,normal
LOT_001,LOT_001_C0785,0,normal
LOT_001,LOT_001_C0786,0,normal
LOT_001,LOT_001_C0787,0,normal
LOT_001,LOT_001_C0788,0,normal
LOT_001,LOT_001_C0789,0,normal
LOT_001,LOT_001_C0790,0,normal
LOT_001,LOT_001_C0791,0,normal
LOT_001,LOT_001_C0792,0,normal
LOT_001,LOT_001_C0793,0,normal
LOT_001,LOT_001_C0794,0,normal
LOT_001,LOT_001_C0795,0,normal
LOT_001,LOT_001_C0796,0,normal
LOT_001,LOT_001_C0797,0,normal
LOT_001,LOT_001_C0798,0,normal
LOT_001,LOT_001_C0799,0,normal
LOT_001,LOT_001_C0800,0,normal
LOT_001,LOT_001_C0801,0,normal
LOT_001,LOT_001_C0802,0,normal
LOT_001,LOT_001_C0803,0,normal
LOT_001,LOT_001_C0804,0,normal
LOT_001,LOT_001_C0805,1,latent
LOT_001,LOT_001_C0806,0,normal
LOT_001,LOT_001_C0807,0,normal
LOT_001,LOT_001_C0808,0,normal
LOT_001,LOT_001_C0809,0,normal
LOT_001,LOT_001_C0810,0,normal
LOT_001,LOT_001_C0811,0,normal
LOT_001,LOT_001_C0812,0,normal
LOT_001,LOT_001_C0813,0,normal
LOT_001,LOT_001_C0814,0,normal
LOT_001,LOT_001_C0815,0,normal
LOT_001,LOT_001_C0816,0,normal
LOT_001,LOT_001_C0817,0,normal
LOT_001,LOT_001_C0818,0,normal
LOT_001,LOT_001_C0819,0,normal
LOT_001,LOT_001_C0820,0,normal
LOT_001,LOT_001_C0821,0,normal
LOT_001,LOT_001_C0822,0,normal
LOT_001,LOT_001_C0823,0,normal
LOT_001,LOT_001_C0824,0,normal
LOT_001,LOT_001_C0825,0,normal
LOT_001,LOT_001_C0826,0,normal
LOT_001,LOT_001_C0827,0,normal
LOT_001,LOT_001_C0828,0,normal
LOT_001,LOT_001_C0829,0,normal
LOT_001,LOT_001_C0830,0,normal
LOT_001,LOT_001_C0831,1,obvious
LOT_001,LOT_001_C0832,0,normal
LOT_001,LOT_001_C0833,0,normal
LOT_001,LOT_001_C0834,0,normal
LOT_001,LOT_001_C0835,1,obvious
LOT_001,LOT_001_C0836,0,normal
LOT_001,LOT_001_C0837,0,normal
LOT_001,LOT_001_C0838,0,normal
LOT_001,LOT_001_C0839,0,normal
LOT_001,LOT_001_C0840,0,normal
LOT_001,LOT_001_C0841,0,normal
LOT_001,LOT_001_C0842,0,normal
LOT_001,LOT_001_C0843,0,normal
LOT_001,LOT_001_C0844,0,normal
LOT_001,LOT_001_C0845,0,normal
LOT_001,LOT_001_C0846,1,latent
LOT_001,LOT_001_C0847,0,normal
LOT_001,LOT_001_C0848,0,normal
LOT_001,LOT_001_C0849,1,latent
LOT_001,LOT_001_C0850,0,normal
LOT_001,LOT_001_C0851,0,normal
LOT_001,LOT_001_C0852,0,normal
LOT_001,LOT_001_C0853,1,latent
LOT_001,LOT_001_C0854,0,normal
LOT_001,LOT_001_C0855,0,normal
LOT_001,LOT_001_C0856,0,normal
LOT_001,LOT_001_C0857,0,normal
LOT_001,LOT_001_C0858,0,normal
LOT_001,LOT_001_C0859,0,normal
LOT_001,LOT_001_C0860,0,normal
LOT_001,LOT_001_C0861,0,normal
LOT_001,LOT_001_C0862,0,normal
LOT_001,LOT_001_C0863,0,normal
LOT_001,LOT_001_C0864,0,normal
LOT_001,LOT_001_C0865,0,normal
LOT_001,LOT_001_C0866,1,latent
LOT_001,LOT_001_C0867,0,normal
LOT_001,LOT_001_C0868,0,normal
LOT_001,LOT_001_C0869,0,normal
LOT_001,LOT_001_C0870,1,latent
LOT_001,LOT_001_C0871,0,normal
LOT_001,LOT_001_C0872,0,normal
LOT_001,LOT_001_C0873,0,normal
LOT_001,LOT_001_C0874,0,normal
LOT_001,LOT_001_C0875,0,normal
LOT_001,LOT_001_C0876,0,normal
LOT_001,LOT_001_C0877,0,normal
LOT_001,LOT_001_C0878,0,normal
LOT_001,LOT_001_C0879,0,normal
LOT_001,LOT_001_C0880,0,normal
LOT_001,LOT_001_C0881,0,normal
LOT_001,LOT_001_C0882,0,normal
LOT_001,LOT_001_C0883,0,normal
LOT_001,LOT_001_C0884,0,normal
LOT_001,LOT_001_C0885,0,normal
LOT_001,LOT_001_C0886,1,latent
LOT_001,LOT_001_C0887,0,normal
LOT_001,LOT_001_C0888,0,normal
LOT_001,LOT_001_C0889,1,latent
LOT_001,LOT_001_C0890,0,normal
LOT_001,LOT_001_C0891,0,normal
LOT_001,LOT_001_C0892,0,normal
LOT_001,LOT_001_C0893,0,normal
LOT_001,LOT_001_C0894,0,normal
LOT_001,LOT_001_C0895,0,normal
LOT_001,LOT_001_C0896,0,normal
LOT_001,LOT_001_C0897,0,normal
LOT_001,LOT_001_C0898,1,latent
LOT_001,LOT_001_C0899,0,normal
LOT_001,LOT_001_C0900,0,normal
LOT_001,LOT_001_C0901,1,latent
LOT_001,LOT_001_C0902,0,normal
LOT_001,LOT_001_C0903,0,normal
LOT_001,LOT_001_C0904,0,normal
LOT_001,LOT_001_C0905,0,normal
LOT_001,LOT_001_C0906,0,normal
LOT_001,LOT_001_C0907,0,normal
LOT_001,LOT_001_C0908,0,normal
LOT_001,LOT_001_C0909,0,normal
LOT_001,LOT_001_C0910,0,normal
LOT_001,LOT_001_C0911,0,normal
LOT_001,LOT_001_C0912,0,normal
LOT_001,LOT_001_C0913,0,normal
LOT_001,LOT_001_C0914,0,normal
LOT_001,LOT_001_C0915,0,normal
LOT_001,LOT_001_C0916,0,normal
LOT_001,LOT_001_C0917,0,normal
LOT_001,LOT_001_C0918,0,normal
LOT_001,LOT_001_C0919,0,normal
LOT_001,LOT_001_C0920,0,normal
LOT_001,LOT_001_C0921,0,normal
LOT_001,LOT_001_C0922,1,latent
LOT_001,LOT_001_C0923,0,normal
LOT_001,LOT_001_C0924,0,normal
LOT_001,LOT_001_C0925,0,normal
LOT_001,LOT_001_C0926,0,normal
LOT_001,LOT_001_C0927,0,normal
LOT_001,LOT_001_C0928,1,latent
LOT_001,LOT_001_C0929,0,normal
LOT_001,LOT_001_C0930,0,normal
LOT_001,LOT_001_C0931,0,normal
LOT_001,LOT_001_C0932,0,normal
LOT_001,LOT_001_C0933,0,normal
LOT_001,LOT_001_C0934,1,latent
LOT_001,LOT_001_C0935,0,normal
LOT_001,LOT_001_C0936,0,normal
LOT_001,LOT_001_C0937,0,normal
LOT_001,LOT_001_C0938,0,normal
LOT_001,LOT_001_C0939,0,normal
LOT_001,LOT_001_C0940,0,normal
LOT_002,LOT_002_C0000,0,normal
LOT_002,LOT_002_C0001,0,normal
LOT_002,LOT_002_C0002,0,normal
LOT_002,LOT_002_C0003,0,normal
LOT_002,LOT_002_C0004,0,normal
LOT_002,LOT_002_C0005,0,normal
LOT_002,LOT_002_C0006,0,normal
LOT_002,LOT_002_C0007,0,normal
LOT_002,LOT_002_C0008,1,latent
LOT_002,LOT_002_C0009,0,normal
LOT_002,LOT_002_C0010,0,normal
LOT_002,LOT_002_C0011,0,normal
LOT_002,LOT_002_C0012,0,normal
LOT_002,LOT_002_C0013,0,normal
LOT_002,LOT_002_C0014,1,latent
LOT_002,LOT_002_C0015,0,normal
LOT_002,LOT_002_C0016,0,normal
LOT_002,LOT_002_C0017,0,normal
LOT_002,LOT_002_C0018,0,normal
LOT_002,LOT_002_C0019,0,normal
LOT_002,LOT_002_C0020,0,normal
LOT_002,LOT_002_C0021,0,normal
LOT_002,LOT_002_C0022,0,normal
LOT_002,LOT_002_C0023,0,normal
LOT_002,LOT_002_C0024,0,normal
LOT_002,LOT_002_C0025,0,normal
LOT_002,LOT_002_C0026,0,normal
LOT_002,LOT_002_C0027,0,normal
LOT_002,LOT_002_C0028,0,normal
LOT_002,LOT_002_C0029,0,normal
LOT_002,LOT_002_C0030,0,normal
LOT_002,LOT_002_C0031,0,normal
LOT_002,LOT_002_C0032,0,normal
LOT_002,LOT_002_C0033,0,normal
LOT_002,LOT_002_C0034,0,normal
LOT_002,LOT_002_C0035,0,normal
LOT_002,LOT_002_C0036,0,normal
LOT_002,LOT_002_C0037,0,normal
LOT_002,LOT_002_C0038,0,normal
LOT_002,LOT_002_C0039,0,normal
LOT_002,LOT_002_C0040,0,normal
LOT_002,LOT_002_C0041,0,normal
LOT_002,LOT_002_C0042,0,normal
LOT_002,LOT_002_C0043,0,normal
LOT_002,LOT_002_C0044,0,normal
LOT_002,LOT_002_C0045,0,normal
LOT_002,LOT_002_C0046,1,latent
LOT_002,LOT_002_C0047,0,normal
LOT_002,LOT_002_C0048,0,normal
LOT_002,LOT_002_C0049,0,normal
LOT_002,LOT_002_C0050,0,normal
LOT_002,LOT_002_C0051,0,normal
LOT_002,LOT_002_C0052,0,normal
LOT_002,LOT_002_C0053,0,normal
LOT_002,LOT_002_C0054,0,normal
LOT_002,LOT_002_C0055,0,normal
LOT_002,LOT_002_C0056,0,normal
LOT_002,LOT_002_C0057,0,normal
LOT_002,LOT_002_C0058,0,normal
LOT_002,LOT_002_C0059,0,normal
LOT_002,LOT_002_C0060,0,normal
LOT_002,LOT_002_C0061,0,normal
LOT_002,LOT_002_C0062,0,normal
LOT_002,LOT_002_C0063,0,normal
LOT_002,LOT_002_C0064,0,normal
LOT_002,LOT_002_C0065,0,normal
LOT_002,LOT_002_C0066,0,normal
LOT_002,LOT_002_C0067,0,normal
LOT_002,LOT_002_C0068,0,normal
LOT_002,LOT_002_C0069,0,normal
LOT_002,LOT_002_C0070,0,normal
LOT_002,LOT_002_C0071,0,normal
LOT_002,LOT_002_C0072,0,normal
LOT_002,LOT_002_C0073,0,normal
LOT_002,LOT_002_C0074,0,normal
LOT_002,LOT_002_C0075,0,normal
LOT_002,LOT_002_C0076,0,normal
LOT_002,LOT_002_C0077,0,normal
LOT_002,LOT_002_C0078,0,normal
LOT_002,LOT_002_C0079,0,normal
LOT_002,LOT_002_C0080,0,normal
LOT_002,LOT_002_C0081,0,normal
LOT_002,LOT_002_C0082,0,normal
LOT_002,LOT_002_C0083,0,normal
LOT_002,LOT_002_C0084,0,normal
LOT_002,LOT_002_C0085,0,normal
LOT_002,LOT_002_C0086,0,normal
LOT_002,LOT_002_C0087,0,normal
LOT_002,LOT_002_C0088,0,normal
LOT_002,LOT_002_C0089,0,normal
LOT_002,LOT_002_C0090,0,normal
LOT_002,LOT_002_C0091,0,normal
LOT_002,LOT_002_C0092,0,normal
LOT_002,LOT_002_C0093,0,normal
LOT_002,LOT_002_C0094,0,normal
LOT_002,LOT_002_C0095,0,normal
LOT_002,LOT_002_C0096,0,normal
LOT_002,LOT_002_C0097,0,normal
LOT_002,LOT_002_C0098,0,normal
LOT_002,LOT_002_C0099,0,normal
LOT_002,LOT_002_C0100,0,normal
LOT_002,LOT_002_C0101,0,normal
LOT_002,LOT_002_C0102,0,normal
LOT_002,LOT_002_C0103,0,normal
LOT_002,LOT_002_C0104,1,latent
LOT_002,LOT_002_C0105,1,obvious
LOT_002,LOT_002_C0106,0,normal
LOT_002,LOT_002_C0107,0,normal
LOT_002,LOT_002_C0108,0,normal
LOT_002,LOT_002_C0109,0,normal
LOT_002,LOT_002_C0110,0,normal
LOT_002,LOT_002_C0111,0,normal
LOT_002,LOT_002_C0112,0,normal
LOT_002,LOT_002_C0113,0,normal
LOT_002,LOT_002_C0114,0,normal
LOT_002,LOT_002_C0115,0,normal
LOT_002,LOT_002_C0116,0,normal
LOT_002,LOT_002_C0117,0,normal
LOT_002,LOT_002_C0118,1,latent
LOT_002,LOT_002_C0119,0,normal
LOT_002,LOT_002_C0120,0,normal
LOT_002,LOT_002_C0121,0,normal
LOT_002,LOT_002_C0122,0,normal
LOT_002,LOT_002_C0123,0,normal
LOT_002,LOT_002_C0124,0,normal
LOT_002,LOT_002_C0125,0,normal
LOT_002,LOT_002_C0126,0,normal
LOT_002,LOT_002_C0127,0,normal
LOT_002,LOT_002_C0128,0,normal
LOT_002,LOT_002_C0129,0,normal
LOT_002,LOT_002_C0130,0,normal
LOT_002,LOT_002_C0131,0,normal
LOT_002,LOT_002_C0132,0,normal
LOT_002,LOT_002_C0133,0,normal
LOT_002,LOT_002_C0134,0,normal
LOT_002,LOT_002_C0135,1,latent
LOT_002,LOT_002_C0136,0,normal
LOT_002,LOT_002_C0137,0,normal
LOT_002,LOT_002_C0138,0,normal
LOT_002,LOT_002_C0139,0,normal
LOT_002,LOT_002_C0140,0,normal
LOT_002,LOT_002_C0141,0,normal
LOT_002,LOT_002_C0142,0,normal
LOT_002,LOT_002_C0143,1,latent
LOT_002,LOT_002_C0144,0,normal
LOT_002,LOT_002_C0145,0,normal
LOT_002,LOT_002_C0146,0,normal
LOT_002,LOT_002_C0147,0,normal
LOT_002,LOT_002_C0148,0,normal
LOT_002,LOT_002_C0149,0,normal
LOT_002,LOT_002_C0150,0,normal
LOT_002,LOT_002_C0151,0,normal
LOT_002,LOT_002_C0152,0,normal
LOT_002,LOT_002_C0153,0,normal
LOT_002,LOT_002_C0154,0,normal
LOT_002,LOT_002_C0155,0,normal
LOT_002,LOT_002_C0156,1,latent
LOT_002,LOT_002_C0157,0,normal
LOT_002,LOT_002_C0158,0,normal
LOT_002,LOT_002_C0159,0,normal
LOT_002,LOT_002_C0160,0,normal
LOT_002,LOT_002_C0161,0,normal
LOT_002,LOT_002_C0162,0,normal
LOT_002,LOT_002_C0163,0,normal
LOT_002,LOT_002_C0164,0,normal
LOT_002,LOT_002_C0165,0,normal
LOT_002,LOT_002_C0166,0,normal
LOT_002,LOT_002_C0167,0,normal
LOT_002,LOT_002_C0168,0,normal
LOT_002,LOT_002_C0169,1,latent
LOT_002,LOT_002_C0170,0,normal
LOT_002,LOT_002_C0171,0,normal
LOT_002,LOT_002_C0172,0,normal
LOT_002,LOT_002_C0173,0,normal
LOT_002,LOT_002_C0174,0,normal
LOT_002,LOT_002_C0175,0,normal
LOT_002,LOT_002_C0176,0,normal
LOT_002,LOT_002_C0177,0,normal
LOT_002,LOT_002_C0178,0,normal
LOT_002,LOT_002_C0179,0,normal
LOT_002,LOT_002_C0180,0,normal
LOT_002,LOT_002_C0181,0,normal
LOT_002,LOT_002_C0182,0,normal
LOT_002,LOT_002_C0183,1,latent
LOT_002,LOT_002_C0184,0,normal
LOT_002,LOT_002_C0185,0,normal
LOT_002,LOT_002_C0186,0,normal
LOT_002,LOT_002_C0187,0,normal
LOT_002,LOT_002_C0188,0,normal
LOT_002,LOT_002_C0189,0,normal
LOT_002,LOT_002_C0190,0,normal
LOT_002,LOT_002_C0191,0,normal
LOT_002,LOT_002_C0192,0,normal
LOT_002,LOT_002_C0193,0,normal
LOT_002,LOT_002_C0194,0,normal
LOT_002,LOT_002_C0195,0,normal
LOT_002,LOT_002_C0196,0,normal
LOT_002,LOT_002_C0197,0,normal
LOT_002,LOT_002_C0198,0,normal
LOT_002,LOT_002_C0199,0,normal
LOT_002,LOT_002_C0200,0,normal
LOT_002,LOT_002_C0201,0,normal
LOT_002,LOT_002_C0202,0,normal
LOT_002,LOT_002_C0203,0,normal
LOT_002,LOT_002_C0204,0,normal
LOT_002,LOT_002_C0205,0,normal
LOT_002,LOT_002_C0206,0,normal
LOT_002,LOT_002_C0207,0,normal
LOT_002,LOT_002_C0208,1,obvious
LOT_002,LOT_002_C0209,0,normal
LOT_002,LOT_002_C0210,0,normal
LOT_002,LOT_002_C0211,0,normal
LOT_002,LOT_002_C0212,0,normal
LOT_002,LOT_002_C0213,0,normal
LOT_002,LOT_002_C0214,0,normal
LOT_002,LOT_002_C0215,0,normal
LOT_002,LOT_002_C0216,0,normal
LOT_002,LOT_002_C0217,0,normal
LOT_002,LOT_002_C0218,1,latent
LOT_002,LOT_002_C0219,0,normal
LOT_002,LOT_002_C0220,0,normal
LOT_002,LOT_002_C0221,0,normal
LOT_002,LOT_002_C0222,0,normal
LOT_002,LOT_002_C0223,0,normal
LOT_002,LOT_002_C0224,0,normal
LOT_002,LOT_002_C0225,0,normal
LOT_002,LOT_002_C0226,0,normal
LOT_002,LOT_002_C0227,0,normal
LOT_002,LOT_002_C0228,0,normal
LOT_002,LOT_002_C0229,1,latent
LOT_002,LOT_002_C0230,0,normal
LOT_002,LOT_002_C0231,0,normal
LOT_002,LOT_002_C0232,0,normal
LOT_002,LOT_002_C0233,0,normal
LOT_002,LOT_002_C0234,0,normal
LOT_002,LOT_002_C0235,0,normal
LOT_002,LOT_002_C0236,0,normal
LOT_002,LOT_002_C0237,1,latent
LOT_002,LOT_002_C0238,0,normal
LOT_002,LOT_002_C0239,0,normal
LOT_002,LOT_002_C0240,0,normal
LOT_002,LOT_002_C0241,0,normal
LOT_002,LOT_002_C0242,0,normal
LOT_002,LOT_002_C0243,0,normal
LOT_002,LOT_002_C0244,0,normal
LOT_002,LOT_002_C0245,0,normal
LOT_002,LOT_002_C0246,1,obvious
LOT_002,LOT_002_C0247,0,normal
LOT_002,LOT_002_C0248,0,normal
LOT_002,LOT_002_C0249,0,normal
LOT_002,LOT_002_C0250,0,normal
LOT_002,LOT_002_C0251,0,normal
LOT_002,LOT_002_C0252,0,normal
LOT_002,LOT_002_C0253,0,normal
LOT_002,LOT_002_C0254,0,normal
LOT_002,LOT_002_C0255,0,normal
LOT_002,LOT_002_C0256,0,normal
LOT_002,LOT_002_C0257,0,normal
LOT_002,LOT_002_C0258,0,normal
LOT_002,LOT_002_C0259,0,normal
LOT_002,LOT_002_C0260,0,normal
LOT_002,LOT_002_C0261,0,normal
LOT_002,LOT_002_C0262,0,normal
LOT_002,LOT_002_C0263,0,normal
LOT_002,LOT_002_C0264,0,normal
LOT_002,LOT_002_C0265,0,normal
LOT_002,LOT_002_C0266,0,normal
LOT_002,LOT_002_C0267,0,normal
LOT_002,LOT_002_C0268,1,obvious
LOT_002,LOT_002_C0269,0,normal
LOT_002,LOT_002_C0270,0,normal
LOT_002,LOT_002_C0271,0,normal
LOT_002,LOT_002_C0272,0,normal
LOT_002,LOT_002_C0273,0,normal
LOT_002,LOT_002_C0274,0,normal
LOT_002,LOT_002_C0275,0,normal
LOT_002,LOT_002_C0276,0,normal
LOT_002,LOT_002_C0277,0,normal
LOT_002,LOT_002_C0278,0,normal
LOT_002,LOT_002_C0279,0,normal
LOT_002,LOT_002_C0280,0,normal
LOT_002,LOT_002_C0281,1,obvious
LOT_002,LOT_002_C0282,0,normal
LOT_002,LOT_002_C0283,0,normal
LOT_002,LOT_002_C0284,0,normal
LOT_002,LOT_002_C0285,0,normal
LOT_002,LOT_002_C0286,0,normal
LOT_002,LOT_002_C0287,0,normal
LOT_002,LOT_002_C0288,0,normal
LOT_002,LOT_002_C0289,0,normal
LOT_002,LOT_002_C0290,0,normal
LOT_002,LOT_002_C0291,0,normal
LOT_002,LOT_002_C0292,0,normal
LOT_002,LOT_002_C0293,0,normal
LOT_002,LOT_002_C0294,0,normal
LOT_002,LOT_002_C0295,0,normal
LOT_002,LOT_002_C0296,0,normal
LOT_002,LOT_002_C0297,0,normal
LOT_002,LOT_002_C0298,0,normal
LOT_002,LOT_002_C0299,0,normal
LOT_002,LOT_002_C0300,0,normal
LOT_002,LOT_002_C0301,0,normal
LOT_002,LOT_002_C0302,0,normal
LOT_002,LOT_002_C0303,0,normal
LOT_002,LOT_002_C0304,0,normal
LOT_002,LOT_002_C0305,1,obvious
LOT_002,LOT_002_C0306,0,normal
LOT_002,LOT_002_C0307,0,normal
LOT_002,LOT_002_C0308,0,normal
LOT_002,LOT_002_C0309,0,normal
LOT_002,LOT_002_C0310,0,normal
LOT_002,LOT_002_C0311,0,normal
LOT_002,LOT_002_C0312,0,normal
LOT_002,LOT_002_C0313,0,normal
LOT_002,LOT_002_C0314,0,normal
LOT_002,LOT_002_C0315,0,normal
LOT_002,LOT_002_C0316,0,normal
LOT_002,LOT_002_C0317,0,normal
LOT_002,LOT_002_C0318,0,normal
LOT_002,LOT_002_C0319,0,normal
LOT_002,LOT_002_C0320,0,normal
LOT_002,LOT_002_C0321,0,normal
LOT_002,LOT_002_C0322,0,normal
LOT_002,LOT_002_C0323,0,normal
LOT_002,LOT_002_C0324,0,normal
LOT_002,LOT_002_C0325,1,latent
LOT_002,LOT_002_C0326,0,normal
LOT_002,LOT_002_C0327,0,normal
LOT_002,LOT_002_C0328,0,normal
LOT_002,LOT_002_C0329,0,normal
LOT_002,LOT_002_C0330,0,normal
LOT_002,LOT_002_C0331,0,normal
LOT_002,LOT_002_C0332,0,normal
LOT_002,LOT_002_C0333,0,normal
LOT_002,LOT_002_C0334,0,normal
LOT_002,LOT_002_C0335,0,normal
LOT_002,LOT_002_C0336,0,normal
LOT_002,LOT_002_C0337,0,normal
LOT_002,LOT_002_C0338,0,normal
LOT_002,LOT_002_C0339,0,normal
LOT_002,LOT_002_C0340,0,normal
LOT_002,LOT_002_C0341,0,normal
LOT_002,LOT_002_C0342,0,normal
LOT_002,LOT_002_C0343,0,normal
LOT_002,LOT_002_C0344,1,obvious
LOT_002,LOT_002_C0345,0,normal
LOT_002,LOT_002_C0346,0,normal
LOT_002,LOT_002_C0347,0,normal
LOT_002,LOT_002_C0348,0,normal
LOT_002,LOT_002_C0349,0,normal
LOT_002,LOT_002_C0350,0,normal
LOT_002,LOT_002_C0351,0,normal
LOT_002,LOT_002_C0352,0,normal
LOT_002,LOT_002_C0353,0,normal
LOT_002,LOT_002_C0354,0,normal
LOT_002,LOT_002_C0355,0,normal
LOT_002,LOT_002_C0356,0,normal
LOT_002,LOT_002_C0357,0,normal
LOT_002,LOT_002_C0358,0,normal
LOT_002,LOT_002_C0359,0,normal
LOT_002,LOT_002_C0360,0,normal
LOT_002,LOT_002_C0361,0,normal
LOT_002,LOT_002_C0362,0,normal
LOT_002,LOT_002_C0363,0,normal
LOT_002,LOT_002_C0364,0,normal
LOT_002,LOT_002_C0365,0,normal
LOT_002,LOT_002_C0366,0,normal
LOT_002,LOT_002_C0367,0,normal
LOT_002,LOT_002_C0368,0,normal
LOT_002,LOT_002_C0369,0,normal
LOT_002,LOT_002_C0370,0,normal
LOT_002,LOT_002_C0371,1,obvious
LOT_002,LOT_002_C0372,0,normal
LOT_002,LOT_002_C0373,0,normal
LOT_002,LOT_002_C0374,0,normal
LOT_002,LOT_002_C0375,0,normal
LOT_002,LOT_002_C0376,0,normal
LOT_002,LOT_002_C0377,0,normal
LOT_002,LOT_002_C0378,0,normal
LOT_002,LOT_002_C0379,0,normal
LOT_002,LOT_002_C0380,0,normal
LOT_002,LOT_002_C0381,0,normal
LOT_002,LOT_002_C0382,0,normal
LOT_002,LOT_002_C0383,0,normal
LOT_002,LOT_002_C0384,0,normal
LOT_002,LOT_002_C0385,0,normal
LOT_002,LOT_002_C0386,0,normal
LOT_002,LOT_002_C0387,0,normal
LOT_002,LOT_002_C0388,0,normal
LOT_002,LOT_002_C0389,0,normal
LOT_002,LOT_002_C0390,0,normal
LOT_002,LOT_002_C0391,1,latent
LOT_002,LOT_002_C0392,0,normal
LOT_002,LOT_002_C0393,0,normal
LOT_002,LOT_002_C0394,0,normal
LOT_002,LOT_002_C0395,0,normal
LOT_002,LOT_002_C0396,1,latent
LOT_002,LOT_002_C0397,0,normal
LOT_002,LOT_002_C0398,0,normal
LOT_002,LOT_002_C0399,0,normal
LOT_002,LOT_002_C0400,0,normal
LOT_002,LOT_002_C0401,0,normal
LOT_002,LOT_002_C0402,0,normal
LOT_002,LOT_002_C0403,0,normal
LOT_002,LOT_002_C0404,0,normal
LOT_002,LOT_002_C0405,0,normal
LOT_002,LOT_002_C0406,0,normal
LOT_002,LOT_002_C0407,0,normal
LOT_002,LOT_002_C0408,0,normal
LOT_002,LOT_002_C0409,0,normal
LOT_002,LOT_002_C0410,0,normal
LOT_002,LOT_002_C0411,0,normal
LOT_002,LOT_002_C0412,0,normal
LOT_002,LOT_002_C0413,0,normal
LOT_002,LOT_002_C0414,0,normal
LOT_002,LOT_002_C0415,0,normal
LOT_002,LOT_002_C0416,0,normal
LOT_002,LOT_002_C0417,0,normal
LOT_002,LOT_002_C0418,0,normal
LOT_002,LOT_002_C0419,0,normal
LOT_002,LOT_002_C0420,0,normal
LOT_002,LOT_002_C0421,0,normal
LOT_002,LOT_002_C0422,0,normal
LOT_002,LOT_002_C0423,0,normal
LOT_002,LOT_002_C0424,0,normal
LOT_002,LOT_002_C0425,0,normal
LOT_002,LOT_002_C0426,0,normal
LOT_002,LOT_002_C0427,0,normal
LOT_002,LOT_002_C0428,0,normal
LOT_002,LOT_002_C0429,0,normal
LOT_002,LOT_002_C0430,0,normal
LOT_002,LOT_002_C0431,0,normal
LOT_002,LOT_002_C0432,0,normal
LOT_002,LOT_002_C0433,0,normal
LOT_002,LOT_002_C0434,0,normal
LOT_002,LOT_002_C0435,0,normal
LOT_002,LOT_002_C0436,0,normal
LOT_002,LOT_002_C0437,0,normal
LOT_002,LOT_002_C0438,0,normal
LOT_002,LOT_002_C0439,0,normal
LOT_002,LOT_002_C0440,0,normal
LOT_002,LOT_002_C0441,0,normal
LOT_002,LOT_002_C0442,0,normal
LOT_002,LOT_002_C0443,0,normal
LOT_002,LOT_002_C0444,0,normal
LOT_002,LOT_002_C0445,0,normal
LOT_002,LOT_002_C0446,0,normal
LOT_002,LOT_002_C0447,0,normal
LOT_002,LOT_002_C0448,0,normal
LOT_002,LOT_002_C0449,0,normal
LOT_002,LOT_002_C0450,0,normal
LOT_002,LOT_002_C0451,0,normal
LOT_002,LOT_002_C0452,0,normal
LOT_002,LOT_002_C0453,0,normal
LOT_002,LOT_002_C0454,0,normal
LOT_002,LOT_002_C0455,0,normal
LOT_002,LOT_002_C0456,0,normal
LOT_002,LOT_002_C0457,0,normal
LOT_002,LOT_002_C0458,0,normal
LOT_002,LOT_002_C0459,0,normal
LOT_002,LOT_002_C0460,0,normal
LOT_002,LOT_002_C0461,0,normal
LOT_002,LOT_002_C0462,0,normal
LOT_002,LOT_002_C0463,0,normal
LOT_002,LOT_002_C0464,0,normal
LOT_002,LOT_002_C0465,0,normal
LOT_002,LOT_002_C0466,0,normal
LOT_002,LOT_002_C0467,1,latent
LOT_002,LOT_002_C0468,0,normal
LOT_002,LOT_002_C0469,0,normal
LOT_002,LOT_002_C0470,0,normal
LOT_002,LOT_002_C0471,0,normal
LOT_002,LOT_002_C0472,0,normal
LOT_002,LOT_002_C0473,0,normal
LOT_002,LOT_002_C0474,0,normal
LOT_002,LOT_002_C0475,0,normal
LOT_002,LOT_002_C0476,0,normal
LOT_002,LOT_002_C0477,0,normal
LOT_002,LOT_002_C0478,0,normal
LOT_002,LOT_002_C0479,0,normal
LOT_002,LOT_002_C0480,0,normal
LOT_002,LOT_002_C0481,1,latent
LOT_002,LOT_002_C0482,0,normal
LOT_002,LOT_002_C0483,0,normal
LOT_002,LOT_002_C0484,0,normal
LOT_002,LOT_002_C0485,0,normal
LOT_002,LOT_002_C0486,0,normal
LOT_002,LOT_002_C0487,0,normal
LOT_002,LOT_002_C0488,0,normal
LOT_002,LOT_002_C0489,0,normal
LOT_002,LOT_002_C0490,0,normal
LOT_002,LOT_002_C0491,0,normal
LOT_002,LOT_002_C0492,0,normal
LOT_002,LOT_002_C0493,0,normal
LOT_002,LOT_002_C0494,0,normal
LOT_002,LOT_002_C0495,0,normal
LOT_002,LOT_002_C0496,0,normal
LOT_002,LOT_002_C0497,0,normal
LOT_002,LOT_002_C0498,0,normal
LOT_002,LOT_002_C0499,0,normal
LOT_002,LOT_002_C0500,0,normal
LOT_002,LOT_002_C0501,1,latent
LOT_002,LOT_002_C0502,0,normal
LOT_002,LOT_002_C0503,0,normal
LOT_002,LOT_002_C0504,0,normal
LOT_002,LOT_002_C0505,0,normal
LOT_002,LOT_002_C0506,0,normal
LOT_002,LOT_002_C0507,0,normal
LOT_002,LOT_002_C0508,0,normal
LOT_002,LOT_002_C0509,0,normal
LOT_002,LOT_002_C0510,0,normal
LOT_002,LOT_002_C0511,0,normal
LOT_002,LOT_002_C0512,0,normal
LOT_002,LOT_002_C0513,0,normal
LOT_002,LOT_002_C0514,0,normal
LOT_002,LOT_002_C0515,0,normal
LOT_002,LOT_002_C0516,0,normal
LOT_002,LOT_002_C0517,0,normal
LOT_002,LOT_002_C0518,0,normal
LOT_002,LOT_002_C0519,0,normal
LOT_002,LOT_002_C0520,0,normal
LOT_002,LOT_002_C0521,0,normal
LOT_002,LOT_002_C0522,0,normal
LOT_002,LOT_002_C0523,0,normal
LOT_002,LOT_002_C0524,0,normal
LOT_002,LOT_002_C0525,0,normal
LOT_002,LOT_002_C0526,1,latent
LOT_002,LOT_002_C0527,0,normal
LOT_002,LOT_002_C0528,0,normal
LOT_002,LOT_002_C0529,0,normal
LOT_002,LOT_002_C0530,0,normal
LOT_002,LOT_002_C0531,0,normal
LOT_002,LOT_002_C0532,0,normal
LOT_002,LOT_002_C0533,0,normal
LOT_002,LOT_002_C0534,0,normal
LOT_002,LOT_002_C0535,0,normal
LOT_002,LOT_002_C0536,0,normal
LOT_002,LOT_002_C0537,0,normal
LOT_002,LOT_002_C0538,0,normal
LOT_002,LOT_002_C0539,0,normal
LOT_002,LOT_002_C0540,0,normal
LOT_002,LOT_002_C0541,0,normal
LOT_002,LOT_002_C0542,0,normal
LOT_002,LOT_002_C0543,0,normal
LOT_002,LOT_002_C0544,0,normal
LOT_002,LOT_002_C0545,0,normal
LOT_002,LOT_002_C0546,1,latent
LOT_002,LOT_002_C0547,0,normal
LOT_002,LOT_002_C0548,0,normal
LOT_002,LOT_002_C0549,0,normal
LOT_002,LOT_002_C0550,0,normal
LOT_002,LOT_002_C0551,0,normal
LOT_002,LOT_002_C0552,0,normal
LOT_002,LOT_002_C0553,0,normal
LOT_002,LOT_002_C0554,0,normal
LOT_002,LOT_002_C0555,0,normal
LOT_002,LOT_002_C0556,0,normal
LOT_002,LOT_002_C0557,0,normal
LOT_002,LOT_002_C0558,0,normal
LOT_002,LOT_002_C0559,0,normal
LOT_002,LOT_002_C0560,0,normal
LOT_002,LOT_002_C0561,0,normal
LOT_002,LOT_002_C0562,0,normal
LOT_002,LOT_002_C0563,0,normal
LOT_002,LOT_002_C0564,0,normal
LOT_002,LOT_002_C0565,0,normal
LOT_002,LOT_002_C0566,0,normal
LOT_002,LOT_002_C0567,0,normal
LOT_002,LOT_002_C0568,0,normal
LOT_002,LOT_002_C0569,0,normal
LOT_002,LOT_002_C0570,0,normal
LOT_002,LOT_002_C0571,0,normal
LOT_002,LOT_002_C0572,0,normal
LOT_002,LOT_002_C0573,0,normal
LOT_002,LOT_002_C0574,0,normal
LOT_002,LOT_002_C0575,0,normal
LOT_002,LOT_002_C0576,0,normal
LOT_002,LOT_002_C0577,0,normal
LOT_002,LOT_002_C0578,0,normal
LOT_002,LOT_002_C0579,0,normal
LOT_002,LOT_002_C0580,0,normal
LOT_002,LOT_002_C0581,0,normal
LOT_002,LOT_002_C0582,0,normal
LOT_002,LOT_002_C0583,0,normal
LOT_002,LOT_002_C0584,0,normal
LOT_002,LOT_002_C0585,0,normal
LOT_002,LOT_002_C0586,0,normal
LOT_002,LOT_002_C0587,0,normal
LOT_002,LOT_002_C0588,0,normal
LOT_002,LOT_002_C0589,0,normal
LOT_002,LOT_002_C0590,0,normal
LOT_002,LOT_002_C0591,0,normal
LOT_002,LOT_002_C0592,0,normal
LOT_002,LOT_002_C0593,0,normal
LOT_002,LOT_002_C0594,0,normal
LOT_002,LOT_002_C0595,0,normal
LOT_002,LOT_002_C0596,0,normal
LOT_002,LOT_002_C0597,0,normal
LOT_002,LOT_002_C0598,0,normal
LOT_002,LOT_002_C0599,0,normal
LOT_002,LOT_002_C0600,0,normal
LOT_002,LOT_002_C0601,0,normal
LOT_002,LOT_002_C0602,0,normal
LOT_002,LOT_002_C0603,0,normal
LOT_002,LOT_002_C0604,0,normal
LOT_002,LOT_002_C0605,0,normal
LOT_002,LOT_002_C0606,0,normal
LOT_002,LOT_002_C0607,0,normal
LOT_002,LOT_002_C0608,0,normal
LOT_002,LOT_002_C0609,0,normal
LOT_002,LOT_002_C0610,0,normal
LOT_002,LOT_002_C0611,0,normal
LOT_002,LOT_002_C0612,0,normal
LOT_002,LOT_002_C0613,1,obvious
LOT_002,LOT_002_C0614,0,normal
LOT_002,LOT_002_C0615,0,normal
LOT_002,LOT_002_C0616,0,normal
LOT_002,LOT_002_C0617,0,normal
LOT_002,LOT_002_C0618,0,normal
LOT_002,LOT_002_C0619,0,normal
LOT_002,LOT_002_C0620,0,normal
LOT_002,LOT_002_C0621,0,normal
LOT_002,LOT_002_C0622,0,normal
LOT_002,LOT_002_C0623,0,normal
LOT_002,LOT_002_C0624,0,normal
LOT_002,LOT_002_C0625,0,normal
LOT_002,LOT_002_C0626,0,normal
LOT_002,LOT_002_C0627,0,normal
LOT_002,LOT_002_C0628,0,normal
LOT_002,LOT_002_C0629,0,normal
LOT_002,LOT_002_C0630,0,normal
LOT_002,LOT_002_C0631,0,normal
LOT_002,LOT_002_C0632,0,normal
LOT_002,LOT_002_C0633,1,obvious
LOT_002,LOT_002_C0634,0,normal
LOT_002,LOT_002_C0635,0,normal
LOT_002,LOT_002_C0636,0,normal
LOT_002,LOT_002_C0637,0,normal
LOT_002,LOT_002_C0638,0,normal
LOT_002,LOT_002_C0639,0,normal
LOT_002,LOT_002_C0640,0,normal
LOT_002,LOT_002_C0641,0,normal
LOT_002,LOT_002_C0642,0,normal
LOT_002,LOT_002_C0643,0,normal
LOT_002,LOT_002_C0644,0,normal
LOT_002,LOT_002_C0645,0,normal
LOT_002,LOT_002_C0646,0,normal
LOT_002,LOT_002_C0647,0,normal
LOT_002,LOT_002_C0648,0,normal
LOT_002,LOT_002_C0649,0,normal
LOT_002,LOT_002_C0650,0,normal
LOT_002,LOT_002_C0651,0,normal
LOT_002,LOT_002_C0652,0,normal
LOT_002,LOT_002_C0653,0,normal
LOT_002,LOT_002_C0654,0,normal
LOT_002,LOT_002_C0655,0,normal
LOT_002,LOT_002_C0656,0,normal
LOT_002,LOT_002_C0657,1,obvious
LOT_002,LOT_002_C0658,0,normal
LOT_002,LOT_002_C0659,0,normal
LOT_002,LOT_002_C0660,0,normal
LOT_002,LOT_002_C0661,0,normal
LOT_002,LOT_002_C0662,0,normal
LOT_002,LOT_002_C0663,0,normal
LOT_002,LOT_002_C0664,0,normal
LOT_002,LOT_002_C0665,0,normal
LOT_002,LOT_002_C0666,0,normal
LOT_002,LOT_002_C0667,0,normal
LOT_002,LOT_002_C0668,0,normal
LOT_002,LOT_002_C0669,0,normal
LOT_002,LOT_002_C0670,0,normal
LOT_002,LOT_002_C0671,0,normal
LOT_002,LOT_002_C0672,0,normal
LOT_002,LOT_002_C0673,0,normal
LOT_002,LOT_002_C0674,0,normal
LOT_002,LOT_002_C0675,0,normal
LOT_002,LOT_002_C0676,0,normal
LOT_002,LOT_002_C0677,0,normal
LOT_002,LOT_002_C0678,0,normal
LOT_002,LOT_002_C0679,0,normal
LOT_002,LOT_002_C0680,0,normal
LOT_002,LOT_002_C0681,0,normal
LOT_002,LOT_002_C0682,0,normal
LOT_002,LOT_002_C0683,0,normal
LOT_002,LOT_002_C0684,1,latent
LOT_002,LOT_002_C0685,0,normal
LOT_002,LOT_002_C0686,0,normal
LOT_002,LOT_002_C0687,0,normal
LOT_002,LOT_002_C0688,0,normal
LOT_002,LOT_002_C0689,1,latent
LOT_002,LOT_002_C0690,0,normal
LOT_002,LOT_002_C0691,0,normal
LOT_002,LOT_002_C0692,0,normal
LOT_002,LOT_002_C0693,0,normal
LOT_002,LOT_002_C0694,0,normal
LOT_002,LOT_002_C0695,0,normal
LOT_002,LOT_002_C0696,0,normal
LOT_002,LOT_002_C0697,0,normal
LOT_002,LOT_002_C0698,0,normal
LOT_002,LOT_002_C0699,0,normal
LOT_002,LOT_002_C0700,0,normal
LOT_002,LOT_002_C0701,0,normal
LOT_002,LOT_002_C0702,1,latent
LOT_002,LOT_002_C0703,0,normal
LOT_002,LOT_002_C0704,0,normal
LOT_002,LOT_002_C0705,0,normal
LOT_002,LOT_002_C0706,0,normal
LOT_002,LOT_002_C0707,0,normal
LOT_002,LOT_002_C0708,0,normal
LOT_002,LOT_002_C0709,0,normal
LOT_002,LOT_002_C0710,0,normal
LOT_002,LOT_002_C0711,0,normal
LOT_002,LOT_002_C0712,0,normal
LOT_002,LOT_002_C0713,0,normal
LOT_002,LOT_002_C0714,0,normal
LOT_002,LOT_002_C0715,0,normal
LOT_002,LOT_002_C0716,0,normal
LOT_002,LOT_002_C0717,0,normal
LOT_002,LOT_002_C0718,0,normal
LOT_002,LOT_002_C0719,0,normal
LOT_002,LOT_002_C0720,0,normal
LOT_002,LOT_002_C0721,0,normal
LOT_002,LOT_002_C0722,0,normal
LOT_002,LOT_002_C0723,0,normal
LOT_002,LOT_002_C0724,0,normal
LOT_002,LOT_002_C0725,0,normal
LOT_002,LOT_002_C0726,0,normal
LOT_002,LOT_002_C0727,0,normal
LOT_002,LOT_002_C0728,0,normal
LOT_002,LOT_002_C0729,0,normal
LOT_002,LOT_002_C0730,0,normal
LOT_002,LOT_002_C0731,0,normal
LOT_002,LOT_002_C0732,0,normal
LOT_002,LOT_002_C0733,0,normal
LOT_002,LOT_002_C0734,0,normal
LOT_002,LOT_002_C0735,0,normal
LOT_002,LOT_002_C0736,0,normal
LOT_002,LOT_002_C0737,0,normal
LOT_002,LOT_002_C0738,0,normal
LOT_002,LOT_002_C0739,0,normal
LOT_002,LOT_002_C0740,0,normal
LOT_002,LOT_002_C0741,0,normal
LOT_002,LOT_002_C0742,0,normal
LOT_002,LOT_002_C0743,0,normal
LOT_002,LOT_002_C0744,0,normal
LOT_002,LOT_002_C0745,0,normal
LOT_002,LOT_002_C0746,0,normal
LOT_002,LOT_002_C0747,0,normal
LOT_002,LOT_002_C0748,0,normal
LOT_002,LOT_002_C0749,1,latent
LOT_002,LOT_002_C0750,0,normal
LOT_002,LOT_002_C0751,0,normal
LOT_002,LOT_002_C0752,0,normal
LOT_002,LOT_002_C0753,1,latent
LOT_002,LOT_002_C0754,0,normal
LOT_002,LOT_002_C0755,0,normal
LOT_002,LOT_002_C0756,0,normal
LOT_002,LOT_002_C0757,0,normal
LOT_002,LOT_002_C0758,0,normal
LOT_002,LOT_002_C0759,1,latent
LOT_002,LOT_002_C0760,0,normal
LOT_002,LOT_002_C0761,0,normal
LOT_002,LOT_002_C0762,0,normal
LOT_002,LOT_002_C0763,0,normal
LOT_002,LOT_002_C0764,0,normal
LOT_002,LOT_002_C0765,0,normal
LOT_002,LOT_002_C0766,0,normal
LOT_002,LOT_002_C0767,0,normal
LOT_002,LOT_002_C0768,1,latent
LOT_002,LOT_002_C0769,0,normal
LOT_002,LOT_002_C0770,0,normal
LOT_002,LOT_002_C0771,0,normal
LOT_002,LOT_002_C0772,0,normal
LOT_002,LOT_002_C0773,0,normal
LOT_002,LOT_002_C0774,0,normal
LOT_002,LOT_002_C0775,0,normal
LOT_002,LOT_002_C0776,0,normal
LOT_002,LOT_002_C0777,0,normal
LOT_002,LOT_002_C0778,0,normal
LOT_002,LOT_002_C0779,0,normal
LOT_002,LOT_002_C0780,1,obvious
LOT_002,LOT_002_C0781,0,normal
LOT_002,LOT_002_C0782,0,normal
LOT_002,LOT_002_C0783,0,normal
LOT_002,LOT_002_C0784,0,normal
LOT_002,LOT_002_C0785,0,normal
LOT_002,LOT_002_C0786,0,normal
LOT_002,LOT_002_C0787,0,normal
LOT_002,LOT_002_C0788,1,latent
LOT_002,LOT_002_C0789,0,normal
LOT_002,LOT_002_C0790,0,normal
LOT_002,LOT_002_C0791,1,latent
LOT_002,LOT_002_C0792,0,normal
LOT_002,LOT_002_C0793,0,normal
LOT_002,LOT_002_C0794,0,normal
LOT_002,LOT_002_C0795,0,normal
LOT_002,LOT_002_C0796,0,normal
LOT_002,LOT_002_C0797,0,normal
LOT_002,LOT_002_C0798,0,normal
LOT_002,LOT_002_C0799,0,normal
LOT_002,LOT_002_C0800,0,normal
LOT_002,LOT_002_C0801,0,normal
LOT_002,LOT_002_C0802,0,normal
LOT_002,LOT_002_C0803,0,normal
LOT_002,LOT_002_C0804,0,normal
LOT_002,LOT_002_C0805,0,normal
LOT_002,LOT_002_C0806,0,normal
LOT_002,LOT_002_C0807,0,normal
LOT_002,LOT_002_C0808,0,normal
LOT_002,LOT_002_C0809,0,normal
LOT_002,LOT_002_C0810,0,normal
LOT_002,LOT_002_C0811,0,normal
LOT_002,LOT_002_C0812,1,latent
LOT_002,LOT_002_C0813,0,normal
LOT_002,LOT_002_C0814,0,normal
LOT_002,LOT_002_C0815,0,normal
LOT_002,LOT_002_C0816,1,latent
LOT_002,LOT_002_C0817,1,latent
LOT_002,LOT_002_C0818,0,normal
LOT_002,LOT_002_C0819,0,normal
LOT_002,LOT_002_C0820,0,normal
LOT_002,LOT_002_C0821,0,normal
LOT_002,LOT_002_C0822,0,normal
LOT_002,LOT_002_C0823,0,normal
LOT_002,LOT_002_C0824,0,normal
LOT_002,LOT_002_C0825,0,normal
LOT_002,LOT_002_C0826,0,normal
LOT_002,LOT_002_C0827,0,normal
LOT_002,LOT_002_C0828,0,normal
LOT_002,LOT_002_C0829,0,normal
LOT_002,LOT_002_C0830,0,normal
LOT_002,LOT_002_C0831,0,normal
LOT_002,LOT_002_C0832,0,normal
LOT_002,LOT_002_C0833,0,normal
LOT_002,LOT_002_C0834,1,latent
LOT_002,LOT_002_C0835,0,normal
LOT_002,LOT_002_C0836,0,normal
LOT_002,LOT_002_C0837,0,normal
LOT_002,LOT_002_C0838,0,normal
LOT_002,LOT_002_C0839,0,normal
LOT_002,LOT_002_C0840,0,normal
LOT_002,LOT_002_C0841,0,normal
LOT_002,LOT_002_C0842,0,normal
LOT_003,LOT_003_C0000,0,normal
LOT_003,LOT_003_C0001,0,normal
LOT_003,LOT_003_C0002,0,normal
LOT_003,LOT_003_C0003,0,normal
LOT_003,LOT_003_C0004,1,latent
LOT_003,LOT_003_C0005,0,normal
LOT_003,LOT_003_C0006,0,normal
LOT_003,LOT_003_C0007,1,latent
LOT_003,LOT_003_C0008,0,normal
LOT_003,LOT_003_C0009,0,normal
LOT_003,LOT_003_C0010,0,normal
LOT_003,LOT_003_C0011,0,normal
LOT_003,LOT_003_C0012,0,normal
LOT_003,LOT_003_C0013,0,normal
LOT_003,LOT_003_C0014,0,normal
LOT_003,LOT_003_C0015,0,normal
LOT_003,LOT_003_C0016,0,normal
LOT_003,LOT_003_C0017,0,normal
LOT_003,LOT_003_C0018,0,normal
LOT_003,LOT_003_C0019,0,normal
LOT_003,LOT_003_C0020,0,normal
LOT_003,LOT_003_C0021,0,normal
LOT_003,LOT_003_C0022,0,normal
LOT_003,LOT_003_C0023,0,normal
LOT_003,LOT_003_C0024,0,normal
LOT_003,LOT_003_C0025,0,normal
LOT_003,LOT_003_C0026,0,normal
LOT_003,LOT_003_C0027,0,normal
LOT_003,LOT_003_C0028,0,normal
LOT_003,LOT_003_C0029,0,normal
LOT_003,LOT_003_C0030,0,normal
LOT_003,LOT_003_C0031,0,normal
LOT_003,LOT_003_C0032,0,normal
LOT_003,LOT_003_C0033,0,normal
LOT_003,LOT_003_C0034,0,normal
LOT_003,LOT_003_C0035,0,normal
LOT_003,LOT_003_C0036,0,normal
LOT_003,LOT_003_C0037,0,normal
LOT_003,LOT_003_C0038,0,normal
LOT_003,LOT_003_C0039,0,normal
LOT_003,LOT_003_C0040,0,normal
LOT_003,LOT_003_C0041,0,normal
LOT_003,LOT_003_C0042,0,normal
LOT_003,LOT_003_C0043,0,normal
LOT_003,LOT_003_C0044,0,normal
LOT_003,LOT_003_C0045,0,normal
LOT_003,LOT_003_C0046,0,normal
LOT_003,LOT_003_C0047,0,normal
LOT_003,LOT_003_C0048,0,normal
LOT_003,LOT_003_C0049,0,normal
LOT_003,LOT_003_C0050,0,normal
LOT_003,LOT_003_C0051,0,normal
LOT_003,LOT_003_C0052,0,normal
LOT_003,LOT_003_C0053,0,normal
LOT_003,LOT_003_C0054,0,normal
LOT_003,LOT_003_C0055,0,normal
LOT_003,LOT_003_C0056,0,normal
LOT_003,LOT_003_C0057,0,normal
LOT_003,LOT_003_C0058,0,normal
LOT_003,LOT_003_C0059,0,normal
LOT_003,LOT_003_C0060,0,normal
LOT_003,LOT_003_C0061,0,normal
LOT_003,LOT_003_C0062,0,normal
LOT_003,LOT_003_C0063,0,normal
LOT_003,LOT_003_C0064,1,latent
LOT_003,LOT_003_C0065,0,normal
LOT_003,LOT_003_C0066,0,normal
LOT_003,LOT_003_C0067,0,normal
LOT_003,LOT_003_C0068,0,normal
LOT_003,LOT_003_C0069,0,normal
LOT_003,LOT_003_C0070,1,latent
LOT_003,LOT_003_C0071,0,normal
LOT_003,LOT_003_C0072,0,normal
LOT_003,LOT_003_C0073,0,normal
LOT_003,LOT_003_C0074,0,normal
LOT_003,LOT_003_C0075,0,normal
LOT_003,LOT_003_C0076,0,normal
LOT_003,LOT_003_C0077,0,normal
LOT_003,LOT_003_C0078,0,normal
LOT_003,LOT_003_C0079,0,normal
LOT_003,LOT_003_C0080,0,normal
LOT_003,LOT_003_C0081,0,normal
LOT_003,LOT_003_C0082,1,obvious
LOT_003,LOT_003_C0083,0,normal
LOT_003,LOT_003_C0084,0,normal
LOT_003,LOT_003_C0085,1,latent
LOT_003,LOT_003_C0086,0,normal
LOT_003,LOT_003_C0087,0,normal
LOT_003,LOT_003_C0088,0,normal
LOT_003,LOT_003_C0089,0,normal
LOT_003,LOT_003_C0090,0,normal
LOT_003,LOT_003_C0091,0,normal
LOT_003,LOT_003_C0092,0,normal
LOT_003,LOT_003_C0093,0,normal
LOT_003,LOT_003_C0094,0,normal
LOT_003,LOT_003_C0095,0,normal
LOT_003,LOT_003_C0096,0,normal
LOT_003,LOT_003_C0097,0,normal
LOT_003,LOT_003_C0098,0,normal
LOT_003,LOT_003_C0099,0,normal
LOT_003,LOT_003_C0100,0,normal
LOT_003,LOT_003_C0101,0,normal
LOT_003,LOT_003_C0102,0,normal
LOT_003,LOT_003_C0103,1,obvious
LOT_003,LOT_003_C0104,0,normal
LOT_003,LOT_003_C0105,0,normal
LOT_003,LOT_003_C0106,0,normal
LOT_003,LOT_003_C0107,0,normal
LOT_003,LOT_003_C0108,0,normal
LOT_003,LOT_003_C0109,0,normal
LOT_003,LOT_003_C0110,0,normal
LOT_003,LOT_003_C0111,1,obvious
LOT_003,LOT_003_C0112,0,normal
LOT_003,LOT_003_C0113,0,normal
LOT_003,LOT_003_C0114,0,normal
LOT_003,LOT_003_C0115,1,latent
LOT_003,LOT_003_C0116,0,normal
LOT_003,LOT_003_C0117,0,normal
LOT_003,LOT_003_C0118,0,normal
LOT_003,LOT_003_C0119,0,normal
LOT_003,LOT_003_C0120,0,normal
LOT_003,LOT_003_C0121,0,normal
LOT_003,LOT_003_C0122,0,normal
LOT_003,LOT_003_C0123,0,normal
LOT_003,LOT_003_C0124,0,normal
LOT_003,LOT_003_C0125,0,normal
LOT_003,LOT_003_C0126,0,normal
LOT_003,LOT_003_C0127,0,normal
LOT_003,LOT_003_C0128,0,normal
LOT_003,LOT_003_C0129,0,normal
LOT_003,LOT_003_C0130,0,normal
LOT_003,LOT_003_C0131,0,normal
LOT_003,LOT_003_C0132,0,normal
LOT_003,LOT_003_C0133,0,normal
LOT_003,LOT_003_C0134,0,normal
LOT_003,LOT_003_C0135,0,normal
LOT_003,LOT_003_C0136,1,latent
LOT_003,LOT_003_C0137,0,normal
LOT_003,LOT_003_C0138,0,normal
LOT_003,LOT_003_C0139,0,normal
LOT_003,LOT_003_C0140,0,normal
LOT_003,LOT_003_C0141,0,normal
LOT_003,LOT_003_C0142,0,normal
LOT_003,LOT_003_C0143,0,normal
LOT_003,LOT_003_C0144,0,normal
LOT_003,LOT_003_C0145,0,normal
LOT_003,LOT_003_C0146,1,latent
LOT_003,LOT_003_C0147,0,normal
LOT_003,LOT_003_C0148,0,normal
LOT_003,LOT_003_C0149,0,normal
LOT_003,LOT_003_C0150,1,obvious
LOT_003,LOT_003_C0151,0,normal
LOT_003,LOT_003_C0152,0,normal
LOT_003,LOT_003_C0153,0,normal
LOT_003,LOT_003_C0154,0,normal
LOT_003,LOT_003_C0155,0,normal
LOT_003,LOT_003_C0156,1,latent
LOT_003,LOT_003_C0157,0,normal
LOT_003,LOT_003_C0158,0,normal
LOT_003,LOT_003_C0159,0,normal
LOT_003,LOT_003_C0160,0,normal
LOT_003,LOT_003_C0161,0,normal
LOT_003,LOT_003_C0162,0,normal
LOT_003,LOT_003_C0163,0,normal
LOT_003,LOT_003_C0164,0,normal
LOT_003,LOT_003_C0165,0,normal
LOT_003,LOT_003_C0166,0,normal
LOT_003,LOT_003_C0167,0,normal
LOT_003,LOT_003_C0168,0,normal
LOT_003,LOT_003_C0169,0,normal
LOT_003,LOT_003_C0170,0,normal
LOT_003,LOT_003_C0171,0,normal
LOT_003,LOT_003_C0172,0,normal
LOT_003,LOT_003_C0173,0,normal
LOT_003,LOT_003_C0174,0,normal
LOT_003,LOT_003_C0175,0,normal
LOT_003,LOT_003_C0176,0,normal
LOT_003,LOT_003_C0177,0,normal
LOT_003,LOT_003_C0178,1,latent
LOT_003,LOT_003_C0179,0,normal
LOT_003,LOT_003_C0180,0,normal
LOT_003,LOT_003_C0181,0,normal
LOT_003,LOT_003_C0182,0,normal
LOT_003,LOT_003_C0183,0,normal
LOT_003,LOT_003_C0184,0,normal
LOT_003,LOT_003_C0185,0,normal
LOT_003,LOT_003_C0186,0,normal
LOT_003,LOT_003_C0187,0,normal
LOT_003,LOT_003_C0188,0,normal
LOT_003,LOT_003_C0189,0,normal
LOT_003,LOT_003_C0190,0,normal
LOT_003,LOT_003_C0191,0,normal
LOT_003,LOT_003_C0192,0,normal
LOT_003,LOT_003_C0193,0,normal
LOT_003,LOT_003_C0194,0,normal
LOT_003,LOT_003_C0195,0,normal
LOT_003,LOT_003_C0196,0,normal
LOT_003,LOT_003_C0197,0,normal
LOT_003,LOT_003_C0198,0,normal
LOT_003,LOT_003_C0199,0,normal
LOT_003,LOT_003_C0200,0,normal
LOT_003,LOT_003_C0201,0,normal
LOT_003,LOT_003_C0202,0,normal
LOT_003,LOT_003_C0203,0,normal
LOT_003,LOT_003_C0204,0,normal
LOT_003,LOT_003_C0205,0,normal
LOT_003,LOT_003_C0206,0,normal
LOT_003,LOT_003_C0207,0,normal
LOT_003,LOT_003_C0208,0,normal
LOT_003,LOT_003_C0209,0,normal
LOT_003,LOT_003_C0210,0,normal
LOT_003,LOT_003_C0211,0,normal
LOT_003,LOT_003_C0212,0,normal
LOT_003,LOT_003_C0213,0,normal
LOT_003,LOT_003_C0214,0,normal
LOT_003,LOT_003_C0215,0,normal
LOT_003,LOT_003_C0216,0,normal
LOT_003,LOT_003_C0217,0,normal
LOT_003,LOT_003_C0218,0,normal
LOT_003,LOT_003_C0219,0,normal
LOT_003,LOT_003_C0220,0,normal
LOT_003,LOT_003_C0221,0,normal
LOT_003,LOT_003_C0222,0,normal
LOT_003,LOT_003_C0223,0,normal
LOT_003,LOT_003_C0224,0,normal
LOT_003,LOT_003_C0225,0,normal
LOT_003,LOT_003_C0226,0,normal
LOT_003,LOT_003_C0227,0,normal
LOT_003,LOT_003_C0228,0,normal
LOT_003,LOT_003_C0229,0,normal
LOT_003,LOT_003_C0230,0,normal
LOT_003,LOT_003_C0231,0,normal
LOT_003,LOT_003_C0232,0,normal
LOT_003,LOT_003_C0233,0,normal
LOT_003,LOT_003_C0234,0,normal
LOT_003,LOT_003_C0235,0,normal
LOT_003,LOT_003_C0236,0,normal
LOT_003,LOT_003_C0237,0,normal
LOT_003,LOT_003_C0238,0,normal
LOT_003,LOT_003_C0239,0,normal
LOT_003,LOT_003_C0240,0,normal
LOT_003,LOT_003_C0241,0,normal
LOT_003,LOT_003_C0242,0,normal
LOT_003,LOT_003_C0243,0,normal
LOT_003,LOT_003_C0244,0,normal
LOT_003,LOT_003_C0245,0,normal
LOT_003,LOT_003_C0246,0,normal
LOT_003,LOT_003_C0247,0,normal
LOT_003,LOT_003_C0248,0,normal
LOT_003,LOT_003_C0249,0,normal
LOT_003,LOT_003_C0250,0,normal
LOT_003,LOT_003_C0251,0,normal
LOT_003,LOT_003_C0252,0,normal
LOT_003,LOT_003_C0253,0,normal
LOT_003,LOT_003_C0254,0,normal
LOT_003,LOT_003_C0255,0,normal
LOT_003,LOT_003_C0256,1,obvious
LOT_003,LOT_003_C0257,0,normal
LOT_003,LOT_003_C0258,0,normal
LOT_003,LOT_003_C0259,0,normal
LOT_003,LOT_003_C0260,0,normal
LOT_003,LOT_003_C0261,0,normal
LOT_003,LOT_003_C0262,0,normal
LOT_003,LOT_003_C0263,0,normal
LOT_003,LOT_003_C0264,1,obvious
LOT_003,LOT_003_C0265,0,normal
LOT_003,LOT_003_C0266,0,normal
LOT_003,LOT_003_C0267,0,normal
LOT_003,LOT_003_C0268,0,normal
LOT_003,LOT_003_C0269,0,normal
LOT_003,LOT_003_C0270,0,normal
LOT_003,LOT_003_C0271,0,normal
LOT_003,LOT_003_C0272,0,normal
LOT_003,LOT_003_C0273,0,normal
LOT_003,LOT_003_C0274,0,normal
LOT_003,LOT_003_C0275,0,normal
LOT_003,LOT_003_C0276,0,normal
LOT_003,LOT_003_C0277,0,normal
LOT_003,LOT_003_C0278,0,normal
LOT_003,LOT_003_C0279,1,latent
LOT_003,LOT_003_C0280,0,normal
LOT_003,LOT_003_C0281,0,normal
LOT_003,LOT_003_C0282,0,normal
LOT_003,LOT_003_C0283,0,normal
LOT_003,LOT_003_C0284,0,normal
LOT_003,LOT_003_C0285,0,normal
LOT_003,LOT_003_C0286,0,normal
LOT_003,LOT_003_C0287,0,normal
LOT_003,LOT_003_C0288,0,normal
LOT_003,LOT_003_C0289,0,normal
LOT_003,LOT_003_C0290,0,normal
LOT_003,LOT_003_C0291,0,normal
LOT_003,LOT_003_C0292,0,normal
LOT_003,LOT_003_C0293,0,normal
LOT_003,LOT_003_C0294,0,normal
LOT_003,LOT_003_C0295,0,normal
LOT_003,LOT_003_C0296,0,normal
LOT_003,LOT_003_C0297,0,normal
LOT_003,LOT_003_C0298,0,normal
LOT_003,LOT_003_C0299,0,normal
LOT_003,LOT_003_C0300,0,normal
LOT_003,LOT_003_C0301,0,normal
LOT_003,LOT_003_C0302,1,latent
LOT_003,LOT_003_C0303,1,latent
LOT_003,LOT_003_C0304,0,normal
LOT_003,LOT_003_C0305,0,normal
LOT_003,LOT_003_C0306,0,normal
LOT_003,LOT_003_C0307,0,normal
LOT_003,LOT_003_C0308,0,normal
LOT_003,LOT_003_C0309,0,normal
LOT_003,LOT_003_C0310,0,normal
LOT_003,LOT_003_C0311,1,latent
LOT_003,LOT_003_C0312,0,normal
LOT_003,LOT_003_C0313,0,normal
LOT_003,LOT_003_C0314,0,normal
LOT_003,LOT_003_C0315,0,normal
LOT_003,LOT_003_C0316,0,normal
LOT_003,LOT_003_C0317,0,normal
LOT_003,LOT_003_C0318,0,normal
LOT_003,LOT_003_C0319,0,normal
LOT_003,LOT_003_C0320,0,normal
LOT_003,LOT_003_C0321,0,normal
LOT_003,LOT_003_C0322,0,normal
LOT_003,LOT_003_C0323,0,normal
LOT_003,LOT_003_C0324,0,normal
LOT_003,LOT_003_C0325,0,normal
LOT_003,LOT_003_C0326,0,normal
LOT_003,LOT_003_C0327,0,normal
LOT_003,LOT_003_C0328,0,normal
LOT_003,LOT_003_C0329,0,normal
LOT_003,LOT_003_C0330,0,normal
LOT_003,LOT_003_C0331,0,normal
LOT_003,LOT_003_C0332,0,normal
LOT_003,LOT_003_C0333,0,normal
LOT_003,LOT_003_C0334,0,normal
LOT_003,LOT_003_C0335,0,normal
LOT_003,LOT_003_C0336,0,normal
LOT_003,LOT_003_C0337,0,normal
LOT_003,LOT_003_C0338,0,normal
LOT_003,LOT_003_C0339,0,normal
LOT_003,LOT_003_C0340,0,normal
LOT_003,LOT_003_C0341,0,normal
LOT_003,LOT_003_C0342,0,normal
LOT_003,LOT_003_C0343,0,normal
LOT_003,LOT_003_C0344,0,normal
LOT_003,LOT_003_C0345,0,normal
LOT_003,LOT_003_C0346,0,normal
LOT_003,LOT_003_C0347,0,normal
LOT_003,LOT_003_C0348,0,normal
LOT_003,LOT_003_C0349,0,normal
LOT_003,LOT_003_C0350,0,normal
LOT_003,LOT_003_C0351,0,normal
LOT_003,LOT_003_C0352,0,normal
LOT_003,LOT_003_C0353,0,normal
LOT_003,LOT_003_C0354,0,normal
LOT_003,LOT_003_C0355,0,normal
LOT_003,LOT_003_C0356,0,normal
LOT_003,LOT_003_C0357,0,normal
LOT_003,LOT_003_C0358,0,normal
LOT_003,LOT_003_C0359,0,normal
LOT_003,LOT_003_C0360,0,normal
LOT_003,LOT_003_C0361,0,normal
LOT_003,LOT_003_C0362,0,normal
LOT_003,LOT_003_C0363,1,latent
LOT_003,LOT_003_C0364,0,normal
LOT_003,LOT_003_C0365,0,normal
LOT_003,LOT_003_C0366,0,normal
LOT_003,LOT_003_C0367,0,normal
LOT_003,LOT_003_C0368,0,normal
LOT_003,LOT_003_C0369,0,normal
LOT_003,LOT_003_C0370,0,normal
LOT_003,LOT_003_C0371,0,normal
LOT_003,LOT_003_C0372,0,normal
LOT_003,LOT_003_C0373,1,latent
LOT_003,LOT_003_C0374,1,latent
LOT_003,LOT_003_C0375,0,normal
LOT_003,LOT_003_C0376,0,normal
LOT_003,LOT_003_C0377,0,normal
LOT_003,LOT_003_C0378,0,normal
LOT_003,LOT_003_C0379,0,normal
LOT_003,LOT_003_C0380,0,normal
LOT_003,LOT_003_C0381,0,normal
LOT_003,LOT_003_C0382,0,normal
LOT_003,LOT_003_C0383,0,normal
LOT_003,LOT_003_C0384,0,normal
LOT_003,LOT_003_C0385,0,normal
LOT_003,LOT_003_C0386,0,normal
LOT_003,LOT_003_C0387,0,normal
LOT_003,LOT_003_C0388,0,normal
LOT_003,LOT_003_C0389,0,normal
LOT_003,LOT_003_C0390,0,normal
LOT_003,LOT_003_C0391,0,normal
LOT_003,LOT_003_C0392,1,obvious
LOT_003,LOT_003_C0393,0,normal
LOT_003,LOT_003_C0394,0,normal
LOT_003,LOT_003_C0395,0,normal
LOT_003,LOT_003_C0396,0,normal
LOT_003,LOT_003_C0397,0,normal
LOT_003,LOT_003_C0398,0,normal
LOT_003,LOT_003_C0399,0,normal
LOT_003,LOT_003_C0400,0,normal
LOT_003,LOT_003_C0401,0,normal
LOT_003,LOT_003_C0402,0,normal
LOT_003,LOT_003_C0403,0,normal
LOT_003,LOT_003_C0404,0,normal
LOT_003,LOT_003_C0405,0,normal
LOT_003,LOT_003_C0406,1,obvious
LOT_003,LOT_003_C0407,0,normal
LOT_003,LOT_003_C0408,0,normal
LOT_003,LOT_003_C0409,0,normal
LOT_003,LOT_003_C0410,0,normal
LOT_003,LOT_003_C0411,0,normal
LOT_003,LOT_003_C0412,0,normal
LOT_003,LOT_003_C0413,0,normal
LOT_003,LOT_003_C0414,0,normal
LOT_003,LOT_003_C0415,0,normal
LOT_003,LOT_003_C0416,0,normal
LOT_003,LOT_003_C0417,0,normal
LOT_003,LOT_003_C0418,1,obvious
LOT_003,LOT_003_C0419,0,normal
LOT_003,LOT_003_C0420,0,normal
LOT_003,LOT_003_C0421,0,normal
LOT_003,LOT_003_C0422,0,normal
LOT_003,LOT_003_C0423,0,normal
LOT_003,LOT_003_C0424,0,normal
LOT_003,LOT_003_C0425,0,normal
LOT_003,LOT_003_C0426,1,latent
LOT_003,LOT_003_C0427,0,normal
LOT_003,LOT_003_C0428,0,normal
LOT_003,LOT_003_C0429,0,normal
LOT_003,LOT_003_C0430,0,normal
LOT_003,LOT_003_C0431,0,normal
LOT_003,LOT_003_C0432,0,normal
LOT_003,LOT_003_C0433,0,normal
LOT_003,LOT_003_C0434,0,normal
LOT_003,LOT_003_C0435,1,latent
LOT_003,LOT_003_C0436,0,normal
LOT_003,LOT_003_C0437,0,normal
LOT_003,LOT_003_C0438,0,normal
LOT_003,LOT_003_C0439,0,normal
LOT_003,LOT_003_C0440,0,normal
LOT_003,LOT_003_C0441,0,normal
LOT_003,LOT_003_C0442,0,normal
LOT_003,LOT_003_C0443,0,normal
LOT_003,LOT_003_C0444,0,normal
LOT_003,LOT_003_C0445,0,normal
LOT_003,LOT_003_C0446,0,normal
LOT_003,LOT_003_C0447,0,normal
LOT_003,LOT_003_C0448,0,normal
LOT_003,LOT_003_C0449,0,normal
LOT_003,LOT_003_C0450,0,normal
LOT_003,LOT_003_C0451,0,normal
LOT_003,LOT_003_C0452,1,obvious
LOT_003,LOT_003_C0453,0,normal
LOT_003,LOT_003_C0454,0,normal
LOT_003,LOT_003_C0455,0,normal
LOT_003,LOT_003_C0456,0,normal
LOT_003,LOT_003_C0457,0,normal
LOT_003,LOT_003_C0458,0,normal
LOT_003,LOT_003_C0459,0,normal
LOT_003,LOT_003_C0460,1,latent
LOT_003,LOT_003_C0461,0,normal
LOT_003,LOT_003_C0462,0,normal
LOT_003,LOT_003_C0463,0,normal
LOT_003,LOT_003_C0464,0,normal
LOT_003,LOT_003_C0465,0,normal
LOT_003,LOT_003_C0466,0,normal
LOT_003,LOT_003_C0467,0,normal
LOT_003,LOT_003_C0468,0,normal
LOT_003,LOT_003_C0469,0,normal
LOT_003,LOT_003_C0470,0,normal
LOT_003,LOT_003_C0471,0,normal
LOT_003,LOT_003_C0472,0,normal
LOT_003,LOT_003_C0473,0,normal
LOT_003,LOT_003_C0474,0,normal
LOT_003,LOT_003_C0475,0,normal
LOT_003,LOT_003_C0476,0,normal
LOT_003,LOT_003_C0477,0,normal
LOT_003,LOT_003_C0478,0,normal
LOT_003,LOT_003_C0479,0,normal
LOT_003,LOT_003_C0480,0,normal
LOT_003,LOT_003_C0481,0,normal
LOT_003,LOT_003_C0482,0,normal
LOT_003,LOT_003_C0483,0,normal
LOT_003,LOT_003_C0484,0,normal
LOT_003,LOT_003_C0485,0,normal
LOT_003,LOT_003_C0486,0,normal
LOT_003,LOT_003_C0487,0,normal
LOT_003,LOT_003_C0488,0,normal
LOT_003,LOT_003_C0489,0,normal
LOT_003,LOT_003_C0490,0,normal
LOT_003,LOT_003_C0491,0,normal
LOT_003,LOT_003_C0492,0,normal
LOT_003,LOT_003_C0493,0,normal
LOT_003,LOT_003_C0494,0,normal
LOT_003,LOT_003_C0495,0,normal
LOT_003,LOT_003_C0496,0,normal
LOT_003,LOT_003_C0497,0,normal
LOT_003,LOT_003_C0498,0,normal
LOT_003,LOT_003_C0499,0,normal
LOT_003,LOT_003_C0500,0,normal
LOT_003,LOT_003_C0501,0,normal
LOT_003,LOT_003_C0502,0,normal
LOT_003,LOT_003_C0503,0,normal
LOT_003,LOT_003_C0504,0,normal
LOT_003,LOT_003_C0505,0,normal
LOT_003,LOT_003_C0506,0,normal
LOT_003,LOT_003_C0507,0,normal
LOT_003,LOT_003_C0508,0,normal
LOT_003,LOT_003_C0509,0,normal
LOT_003,LOT_003_C0510,0,normal
LOT_003,LOT_003_C0511,0,normal
LOT_003,LOT_003_C0512,0,normal
LOT_003,LOT_003_C0513,0,normal
LOT_003,LOT_003_C0514,0,normal
LOT_003,LOT_003_C0515,0,normal
LOT_003,LOT_003_C0516,0,normal
LOT_003,LOT_003_C0517,0,normal
LOT_003,LOT_003_C0518,0,normal
LOT_003,LOT_003_C0519,0,normal
LOT_003,LOT_003_C0520,0,normal
LOT_003,LOT_003_C0521,0,normal
LOT_003,LOT_003_C0522,0,normal
LOT_003,LOT_003_C0523,0,normal
LOT_003,LOT_003_C0524,0,normal
LOT_003,LOT_003_C0525,1,latent
LOT_003,LOT_003_C0526,0,normal
LOT_003,LOT_003_C0527,0,normal
LOT_003,LOT_003_C0528,0,normal
LOT_003,LOT_003_C0529,0,normal
LOT_003,LOT_003_C0530,0,normal
LOT_003,LOT_003_C0531,0,normal
LOT_003,LOT_003_C0532,0,normal
LOT_003,LOT_003_C0533,0,normal
LOT_003,LOT_003_C0534,1,obvious
LOT_003,LOT_003_C0535,0,normal
LOT_003,LOT_003_C0536,0,normal
LOT_003,LOT_003_C0537,0,normal
LOT_003,LOT_003_C0538,0,normal
LOT_003,LOT_003_C0539,0,normal
LOT_003,LOT_003_C0540,0,normal
LOT_003,LOT_003_C0541,0,normal
LOT_003,LOT_003_C0542,0,normal
LOT_003,LOT_003_C0543,0,normal
LOT_003,LOT_003_C0544,0,normal
LOT_003,LOT_003_C0545,0,normal
LOT_003,LOT_003_C0546,0,normal
LOT_003,LOT_003_C0547,0,normal
LOT_003,LOT_003_C0548,0,normal
LOT_003,LOT_003_C0549,0,normal
LOT_003,LOT_003_C0550,0,normal
LOT_003,LOT_003_C0551,0,normal
LOT_003,LOT_003_C0552,0,normal
LOT_003,LOT_003_C0553,0,normal
LOT_003,LOT_003_C0554,1,latent
LOT_003,LOT_003_C0555,0,normal
LOT_003,LOT_003_C0556,0,normal
LOT_003,LOT_003_C0557,0,normal
LOT_003,LOT_003_C0558,0,normal
LOT_003,LOT_003_C0559,0,normal
LOT_003,LOT_003_C0560,0,normal
LOT_003,LOT_003_C0561,0,normal
LOT_003,LOT_003_C0562,0,normal
LOT_003,LOT_003_C0563,0,normal
LOT_003,LOT_003_C0564,0,normal
LOT_003,LOT_003_C0565,0,normal
LOT_003,LOT_003_C0566,0,normal
LOT_003,LOT_003_C0567,0,normal
LOT_003,LOT_003_C0568,0,normal
LOT_003,LOT_003_C0569,0,normal
LOT_003,LOT_003_C0570,0,normal
LOT_003,LOT_003_C0571,0,normal
LOT_003,LOT_003_C0572,0,normal
LOT_003,LOT_003_C0573,0,normal
LOT_003,LOT_003_C0574,0,normal
LOT_003,LOT_003_C0575,0,normal
LOT_003,LOT_003_C0576,0,normal
LOT_003,LOT_003_C0577,0,normal
LOT_003,LOT_003_C0578,0,normal
LOT_003,LOT_003_C0579,0,normal
LOT_003,LOT_003_C0580,0,normal
LOT_003,LOT_003_C0581,0,normal
LOT_003,LOT_003_C0582,0,normal
LOT_003,LOT_003_C0583,0,normal
LOT_003,LOT_003_C0584,0,normal
LOT_003,LOT_003_C0585,0,normal
LOT_003,LOT_003_C0586,0,normal
LOT_003,LOT_003_C0587,0,normal
LOT_003,LOT_003_C0588,0,normal
LOT_003,LOT_003_C0589,0,normal
LOT_003,LOT_003_C0590,1,obvious
LOT_003,LOT_003_C0591,0,normal
LOT_003,LOT_003_C0592,0,normal
LOT_003,LOT_003_C0593,0,normal
LOT_003,LOT_003_C0594,0,normal
LOT_003,LOT_003_C0595,0,normal
LOT_003,LOT_003_C0596,0,normal
LOT_003,LOT_003_C0597,0,normal
LOT_003,LOT_003_C0598,0,normal
LOT_003,LOT_003_C0599,0,normal
LOT_003,LOT_003_C0600,0,normal
LOT_003,LOT_003_C0601,0,normal
LOT_003,LOT_003_C0602,0,normal
LOT_003,LOT_003_C0603,0,normal
LOT_003,LOT_003_C0604,0,normal
LOT_003,LOT_003_C0605,1,latent
LOT_003,LOT_003_C0606,0,normal
LOT_003,LOT_003_C0607,0,normal
LOT_003,LOT_003_C0608,0,normal
LOT_003,LOT_003_C0609,0,normal
LOT_003,LOT_003_C0610,0,normal
LOT_003,LOT_003_C0611,0,normal
LOT_003,LOT_003_C0612,0,normal
LOT_003,LOT_003_C0613,0,normal
LOT_003,LOT_003_C0614,0,normal
LOT_003,LOT_003_C0615,0,normal
LOT_003,LOT_003_C0616,0,normal
LOT_003,LOT_003_C0617,0,normal
LOT_003,LOT_003_C0618,0,normal
LOT_003,LOT_003_C0619,0,normal
LOT_003,LOT_003_C0620,0,normal
LOT_003,LOT_003_C0621,0,normal
LOT_003,LOT_003_C0622,0,normal
LOT_003,LOT_003_C0623,0,normal
LOT_003,LOT_003_C0624,0,normal
LOT_003,LOT_003_C0625,0,normal
LOT_003,LOT_003_C0626,1,latent
LOT_003,LOT_003_C0627,0,normal
LOT_003,LOT_003_C0628,0,normal
LOT_003,LOT_003_C0629,0,normal
LOT_003,LOT_003_C0630,0,normal
LOT_003,LOT_003_C0631,0,normal
LOT_003,LOT_003_C0632,0,normal
LOT_003,LOT_003_C0633,0,normal
LOT_003,LOT_003_C0634,0,normal
LOT_003,LOT_003_C0635,0,normal
LOT_003,LOT_003_C0636,0,normal
LOT_003,LOT_003_C0637,0,normal
LOT_003,LOT_003_C0638,0,normal
LOT_003,LOT_003_C0639,0,normal
LOT_003,LOT_003_C0640,0,normal
LOT_003,LOT_003_C0641,0,normal
LOT_003,LOT_003_C0642,0,normal
LOT_003,LOT_003_C0643,0,normal
LOT_003,LOT_003_C0644,0,normal
LOT_003,LOT_003_C0645,0,normal
LOT_003,LOT_003_C0646,0,normal
LOT_003,LOT_003_C0647,0,normal
LOT_003,LOT_003_C0648,0,normal
LOT_003,LOT_003_C0649,0,normal
LOT_003,LOT_003_C0650,0,normal
LOT_003,LOT_003_C0651,0,normal
LOT_003,LOT_003_C0652,0,normal
LOT_003,LOT_003_C0653,0,normal
LOT_003,LOT_003_C0654,0,normal
LOT_003,LOT_003_C0655,1,latent
LOT_003,LOT_003_C0656,1,latent
LOT_003,LOT_003_C0657,0,normal
LOT_003,LOT_003_C0658,0,normal
LOT_003,LOT_003_C0659,0,normal
LOT_003,LOT_003_C0660,0,normal
LOT_003,LOT_003_C0661,0,normal
LOT_003,LOT_003_C0662,0,normal
LOT_003,LOT_003_C0663,0,normal
LOT_003,LOT_003_C0664,0,normal
LOT_003,LOT_003_C0665,0,normal
LOT_003,LOT_003_C0666,0,normal
LOT_003,LOT_003_C0667,0,normal
LOT_003,LOT_003_C0668,0,normal
LOT_003,LOT_003_C0669,0,normal
LOT_003,LOT_003_C0670,0,normal
LOT_003,LOT_003_C0671,0,normal
LOT_003,LOT_003_C0672,0,normal
LOT_003,LOT_003_C0673,0,normal
LOT_003,LOT_003_C0674,0,normal
LOT_003,LOT_003_C0675,0,normal
LOT_003,LOT_003_C0676,0,normal
LOT_003,LOT_003_C0677,0,normal
LOT_003,LOT_003_C0678,0,normal
LOT_003,LOT_003_C0679,0,normal
LOT_003,LOT_003_C0680,0,normal
LOT_003,LOT_003_C0681,0,normal
LOT_003,LOT_003_C0682,0,normal
LOT_003,LOT_003_C0683,0,normal
LOT_003,LOT_003_C0684,0,normal
LOT_003,LOT_003_C0685,0,normal
LOT_003,LOT_003_C0686,0,normal
LOT_003,LOT_003_C0687,0,normal
LOT_003,LOT_003_C0688,0,normal
LOT_003,LOT_003_C0689,1,latent
LOT_003,LOT_003_C0690,0,normal
LOT_003,LOT_003_C0691,0,normal
LOT_003,LOT_003_C0692,0,normal
LOT_003,LOT_003_C0693,0,normal
LOT_003,LOT_003_C0694,0,normal
LOT_003,LOT_003_C0695,0,normal
LOT_003,LOT_003_C0696,0,normal
LOT_003,LOT_003_C0697,0,normal
LOT_003,LOT_003_C0698,0,normal
LOT_003,LOT_003_C0699,0,normal
LOT_003,LOT_003_C0700,0,normal
LOT_003,LOT_003_C0701,0,normal
LOT_003,LOT_003_C0702,0,normal
LOT_003,LOT_003_C0703,0,normal
LOT_003,LOT_003_C0704,1,obvious
LOT_003,LOT_003_C0705,0,normal
LOT_003,LOT_003_C0706,0,normal
LOT_003,LOT_003_C0707,0,normal
LOT_003,LOT_003_C0708,0,normal
LOT_003,LOT_003_C0709,0,normal
LOT_003,LOT_003_C0710,0,normal
LOT_003,LOT_003_C0711,0,normal
LOT_003,LOT_003_C0712,0,normal
LOT_003,LOT_003_C0713,0,normal
LOT_003,LOT_003_C0714,0,normal
LOT_003,LOT_003_C0715,0,normal
LOT_003,LOT_003_C0716,0,normal
LOT_003,LOT_003_C0717,0,normal
LOT_003,LOT_003_C0718,0,normal
LOT_003,LOT_003_C0719,0,normal
LOT_003,LOT_003_C0720,0,normal
LOT_003,LOT_003_C0721,0,normal
LOT_003,LOT_003_C0722,0,normal
LOT_003,LOT_003_C0723,1,latent
LOT_003,LOT_003_C0724,0,normal
LOT_003,LOT_003_C0725,0,normal
LOT_003,LOT_003_C0726,0,normal
LOT_004,LOT_004_C0000,0,normal
LOT_004,LOT_004_C0001,0,normal
LOT_004,LOT_004_C0002,0,normal
LOT_004,LOT_004_C0003,0,normal
LOT_004,LOT_004_C0004,0,normal
LOT_004,LOT_004_C0005,0,normal
LOT_004,LOT_004_C0006,0,normal
LOT_004,LOT_004_C0007,0,normal
LOT_004,LOT_004_C0008,0,normal
LOT_004,LOT_004_C0009,0,normal
LOT_004,LOT_004_C0010,0,normal
LOT_004,LOT_004_C0011,0,normal
LOT_004,LOT_004_C0012,0,normal
LOT_004,LOT_004_C0013,0,normal
LOT_004,LOT_004_C0014,0,normal
LOT_004,LOT_004_C0015,0,normal
LOT_004,LOT_004_C0016,0,normal
LOT_004,LOT_004_C0017,0,normal
LOT_004,LOT_004_C0018,0,normal
LOT_004,LOT_004_C0019,0,normal
LOT_004,LOT_004_C0020,0,normal
LOT_004,LOT_004_C0021,0,normal
LOT_004,LOT_004_C0022,1,latent
LOT_004,LOT_004_C0023,0,normal
LOT_004,LOT_004_C0024,0,normal
LOT_004,LOT_004_C0025,0,normal
LOT_004,LOT_004_C0026,0,normal
LOT_004,LOT_004_C0027,0,normal
LOT_004,LOT_004_C0028,0,normal
LOT_004,LOT_004_C0029,0,normal
LOT_004,LOT_004_C0030,0,normal
LOT_004,LOT_004_C0031,0,normal
LOT_004,LOT_004_C0032,1,obvious
LOT_004,LOT_004_C0033,0,normal
LOT_004,LOT_004_C0034,0,normal
LOT_004,LOT_004_C0035,0,normal
LOT_004,LOT_004_C0036,1,obvious
LOT_004,LOT_004_C0037,1,latent
LOT_004,LOT_004_C0038,0,normal
LOT_004,LOT_004_C0039,0,normal
LOT_004,LOT_004_C0040,0,normal
LOT_004,LOT_004_C0041,0,normal
LOT_004,LOT_004_C0042,0,normal
LOT_004,LOT_004_C0043,0,normal
LOT_004,LOT_004_C0044,0,normal
LOT_004,LOT_004_C0045,0,normal
LOT_004,LOT_004_C0046,0,normal
LOT_004,LOT_004_C0047,0,normal
LOT_004,LOT_004_C0048,1,obvious
LOT_004,LOT_004_C0049,0,normal
LOT_004,LOT_004_C0050,0,normal
LOT_004,LOT_004_C0051,0,normal
LOT_004,LOT_004_C0052,0,normal
LOT_004,LOT_004_C0053,0,normal
LOT_004,LOT_004_C0054,0,normal
LOT_004,LOT_004_C0055,0,normal
LOT_004,LOT_004_C0056,0,normal
LOT_004,LOT_004_C0057,0,normal
LOT_004,LOT_004_C0058,0,normal
LOT_004,LOT_004_C0059,0,normal
LOT_004,LOT_004_C0060,0,normal
LOT_004,LOT_004_C0061,0,normal
LOT_004,LOT_004_C0062,0,normal
LOT_004,LOT_004_C0063,0,normal
LOT_004,LOT_004_C0064,0,normal
LOT_004,LOT_004_C0065,0,normal
LOT_004,LOT_004_C0066,0,normal
LOT_004,LOT_004_C0067,0,normal
LOT_004,LOT_004_C0068,0,normal
LOT_004,LOT_004_C0069,1,latent
LOT_004,LOT_004_C0070,0,normal
LOT_004,LOT_004_C0071,0,normal
LOT_004,LOT_004_C0072,0,normal
LOT_004,LOT_004_C0073,0,normal
LOT_004,LOT_004_C0074,0,normal
LOT_004,LOT_004_C0075,0,normal
LOT_004,LOT_004_C0076,0,normal
LOT_004,LOT_004_C0077,0,normal
LOT_004,LOT_004_C0078,1,latent
LOT_004,LOT_004_C0079,0,normal
LOT_004,LOT_004_C0080,0,normal
LOT_004,LOT_004_C0081,0,normal
LOT_004,LOT_004_C0082,0,normal
LOT_004,LOT_004_C0083,1,latent
LOT_004,LOT_004_C0084,0,normal
LOT_004,LOT_004_C0085,0,normal
LOT_004,LOT_004_C0086,0,normal
LOT_004,LOT_004_C0087,0,normal
LOT_004,LOT_004_C0088,0,normal
LOT_004,LOT_004_C0089,1,latent
LOT_004,LOT_004_C0090,0,normal
LOT_004,LOT_004_C0091,0,normal
LOT_004,LOT_004_C0092,0,normal
LOT_004,LOT_004_C0093,0,normal
LOT_004,LOT_004_C0094,0,normal
LOT_004,LOT_004_C0095,0,normal
LOT_004,LOT_004_C0096,0,normal
LOT_004,LOT_004_C0097,0,normal
LOT_004,LOT_004_C0098,0,normal
LOT_004,LOT_004_C0099,0,normal
LOT_004,LOT_004_C0100,0,normal
LOT_004,LOT_004_C0101,0,normal
LOT_004,LOT_004_C0102,0,normal
LOT_004,LOT_004_C0103,0,normal
LOT_004,LOT_004_C0104,0,normal
LOT_004,LOT_004_C0105,0,normal
LOT_004,LOT_004_C0106,0,normal
LOT_004,LOT_004_C0107,0,normal
LOT_004,LOT_004_C0108,0,normal
LOT_004,LOT_004_C0109,0,normal
LOT_004,LOT_004_C0110,0,normal
LOT_004,LOT_004_C0111,0,normal
LOT_004,LOT_004_C0112,0,normal
LOT_004,LOT_004_C0113,0,normal
LOT_004,LOT_004_C0114,0,normal
LOT_004,LOT_004_C0115,0,normal
LOT_004,LOT_004_C0116,0,normal
LOT_004,LOT_004_C0117,0,normal
LOT_004,LOT_004_C0118,0,normal
LOT_004,LOT_004_C0119,0,normal
LOT_004,LOT_004_C0120,0,normal
LOT_004,LOT_004_C0121,0,normal
LOT_004,LOT_004_C0122,0,normal
LOT_004,LOT_004_C0123,0,normal
LOT_004,LOT_004_C0124,0,normal
LOT_004,LOT_004_C0125,0,normal
LOT_004,LOT_004_C0126,0,normal
LOT_004,LOT_004_C0127,0,normal
LOT_004,LOT_004_C0128,0,normal
LOT_004,LOT_004_C0129,0,normal
LOT_004,LOT_004_C0130,0,normal
LOT_004,LOT_004_C0131,0,normal
LOT_004,LOT_004_C0132,0,normal
LOT_004,LOT_004_C0133,0,normal
LOT_004,LOT_004_C0134,0,normal
LOT_004,LOT_004_C0135,0,normal
LOT_004,LOT_004_C0136,0,normal
LOT_004,LOT_004_C0137,0,normal
LOT_004,LOT_004_C0138,0,normal
LOT_004,LOT_004_C0139,0,normal
LOT_004,LOT_004_C0140,0,normal
LOT_004,LOT_004_C0141,0,normal
LOT_004,LOT_004_C0142,0,normal
LOT_004,LOT_004_C0143,0,normal
LOT_004,LOT_004_C0144,0,normal
LOT_004,LOT_004_C0145,0,normal
LOT_004,LOT_004_C0146,0,normal
LOT_004,LOT_004_C0147,0,normal
LOT_004,LOT_004_C0148,1,latent
LOT_004,LOT_004_C0149,0,normal
LOT_004,LOT_004_C0150,0,normal
LOT_004,LOT_004_C0151,0,normal
LOT_004,LOT_004_C0152,0,normal
LOT_004,LOT_004_C0153,1,latent
LOT_004,LOT_004_C0154,1,latent
LOT_004,LOT_004_C0155,0,normal
LOT_004,LOT_004_C0156,0,normal
LOT_004,LOT_004_C0157,0,normal
LOT_004,LOT_004_C0158,0,normal
LOT_004,LOT_004_C0159,1,latent
LOT_004,LOT_004_C0160,0,normal
LOT_004,LOT_004_C0161,0,normal
LOT_004,LOT_004_C0162,0,normal
LOT_004,LOT_004_C0163,0,normal
LOT_004,LOT_004_C0164,0,normal
LOT_004,LOT_004_C0165,0,normal
LOT_004,LOT_004_C0166,0,normal
LOT_004,LOT_004_C0167,0,normal
LOT_004,LOT_004_C0168,0,normal
LOT_004,LOT_004_C0169,0,normal
LOT_004,LOT_004_C0170,0,normal
LOT_004,LOT_004_C0171,0,normal
LOT_004,LOT_004_C0172,0,normal
LOT_004,LOT_004_C0173,0,normal
LOT_004,LOT_004_C0174,0,normal
LOT_004,LOT_004_C0175,0,normal
LOT_004,LOT_004_C0176,0,normal
LOT_004,LOT_004_C0177,0,normal
LOT_004,LOT_004_C0178,0,normal
LOT_004,LOT_004_C0179,0,normal
LOT_004,LOT_004_C0180,0,normal
LOT_004,LOT_004_C0181,0,normal
LOT_004,LOT_004_C0182,1,latent
LOT_004,LOT_004_C0183,0,normal
LOT_004,LOT_004_C0184,0,normal
LOT_004,LOT_004_C0185,0,normal
LOT_004,LOT_004_C0186,0,normal
LOT_004,LOT_004_C0187,1,latent
LOT_004,LOT_004_C0188,0,normal
LOT_004,LOT_004_C0189,0,normal
LOT_004,LOT_004_C0190,0,normal
LOT_004,LOT_004_C0191,0,normal
LOT_004,LOT_004_C0192,0,normal
LOT_004,LOT_004_C0193,0,normal
LOT_004,LOT_004_C0194,0,normal
LOT_004,LOT_004_C0195,0,normal
LOT_004,LOT_004_C0196,0,normal
LOT_004,LOT_004_C0197,0,normal
LOT_004,LOT_004_C0198,0,normal
LOT_004,LOT_004_C0199,0,normal
LOT_004,LOT_004_C0200,0,normal
LOT_004,LOT_004_C0201,0,normal
LOT_004,LOT_004_C0202,0,normal
LOT_004,LOT_004_C0203,0,normal
LOT_004,LOT_004_C0204,0,normal
LOT_004,LOT_004_C0205,0,normal
LOT_004,LOT_004_C0206,0,normal
LOT_004,LOT_004_C0207,0,normal
LOT_004,LOT_004_C0208,0,normal
LOT_004,LOT_004_C0209,0,normal
LOT_004,LOT_004_C0210,1,latent
LOT_004,LOT_004_C0211,0,normal
LOT_004,LOT_004_C0212,0,normal
LOT_004,LOT_004_C0213,0,normal
LOT_004,LOT_004_C0214,0,normal
LOT_004,LOT_004_C0215,0,normal
LOT_004,LOT_004_C0216,0,normal
LOT_004,LOT_004_C0217,0,normal
LOT_004,LOT_004_C0218,0,normal
LOT_004,LOT_004_C0219,0,normal
LOT_004,LOT_004_C0220,0,normal
LOT_004,LOT_004_C0221,0,normal
LOT_004,LOT_004_C0222,0,normal
LOT_004,LOT_004_C0223,0,normal
LOT_004,LOT_004_C0224,0,normal
LOT_004,LOT_004_C0225,0,normal
LOT_004,LOT_004_C0226,0,normal
LOT_004,LOT_004_C0227,0,normal
LOT_004,LOT_004_C0228,0,normal
LOT_004,LOT_004_C0229,0,normal
LOT_004,LOT_004_C0230,0,normal
LOT_004,LOT_004_C0231,0,normal
LOT_004,LOT_004_C0232,0,normal
LOT_004,LOT_004_C0233,0,normal
LOT_004,LOT_004_C0234,0,normal
LOT_004,LOT_004_C0235,0,normal
LOT_004,LOT_004_C0236,0,normal
LOT_004,LOT_004_C0237,0,normal
LOT_004,LOT_004_C0238,0,normal
LOT_004,LOT_004_C0239,0,normal
LOT_004,LOT_004_C0240,0,normal
LOT_004,LOT_004_C0241,0,normal
LOT_004,LOT_004_C0242,0,normal
LOT_004,LOT_004_C0243,0,normal
LOT_004,LOT_004_C0244,0,normal
LOT_004,LOT_004_C0245,0,normal
LOT_004,LOT_004_C0246,0,normal
LOT_004,LOT_004_C0247,0,normal
LOT_004,LOT_004_C0248,0,normal
LOT_004,LOT_004_C0249,0,normal
LOT_004,LOT_004_C0250,0,normal
LOT_004,LOT_004_C0251,0,normal
LOT_004,LOT_004_C0252,0,normal
LOT_004,LOT_004_C0253,0,normal
LOT_004,LOT_004_C0254,0,normal
LOT_004,LOT_004_C0255,0,normal
LOT_004,LOT_004_C0256,1,latent
LOT_004,LOT_004_C0257,0,normal
LOT_004,LOT_004_C0258,0,normal
LOT_004,LOT_004_C0259,0,normal
LOT_004,LOT_004_C0260,0,normal
LOT_004,LOT_004_C0261,0,normal
LOT_004,LOT_004_C0262,0,normal
LOT_004,LOT_004_C0263,0,normal
LOT_004,LOT_004_C0264,0,normal
LOT_004,LOT_004_C0265,0,normal
LOT_004,LOT_004_C0266,0,normal
LOT_004,LOT_004_C0267,0,normal
LOT_004,LOT_004_C0268,0,normal
LOT_004,LOT_004_C0269,0,normal
LOT_004,LOT_004_C0270,0,normal
LOT_004,LOT_004_C0271,0,normal
LOT_004,LOT_004_C0272,0,normal
LOT_004,LOT_004_C0273,0,normal
LOT_004,LOT_004_C0274,0,normal
LOT_004,LOT_004_C0275,0,normal
LOT_004,LOT_004_C0276,0,normal
LOT_004,LOT_004_C0277,0,normal
LOT_004,LOT_004_C0278,0,normal
LOT_004,LOT_004_C0279,0,normal
LOT_004,LOT_004_C0280,0,normal
LOT_004,LOT_004_C0281,0,normal
LOT_004,LOT_004_C0282,0,normal
LOT_004,LOT_004_C0283,0,normal
LOT_004,LOT_004_C0284,0,normal
LOT_004,LOT_004_C0285,1,latent
LOT_004,LOT_004_C0286,0,normal
LOT_004,LOT_004_C0287,0,normal
LOT_004,LOT_004_C0288,0,normal
LOT_004,LOT_004_C0289,0,normal
LOT_004,LOT_004_C0290,0,normal
LOT_004,LOT_004_C0291,0,normal
LOT_004,LOT_004_C0292,0,normal
LOT_004,LOT_004_C0293,0,normal
LOT_004,LOT_004_C0294,1,latent
LOT_004,LOT_004_C0295,0,normal
LOT_004,LOT_004_C0296,0,normal
LOT_004,LOT_004_C0297,0,normal
LOT_004,LOT_004_C0298,0,normal
LOT_004,LOT_004_C0299,0,normal
LOT_004,LOT_004_C0300,0,normal
LOT_004,LOT_004_C0301,0,normal
LOT_004,LOT_004_C0302,0,normal
LOT_004,LOT_004_C0303,0,normal
LOT_004,LOT_004_C0304,0,normal
LOT_004,LOT_004_C0305,0,normal
LOT_004,LOT_004_C0306,0,normal
LOT_004,LOT_004_C0307,0,normal
LOT_004,LOT_004_C0308,0,normal
LOT_004,LOT_004_C0309,0,normal
LOT_004,LOT_004_C0310,0,normal
LOT_004,LOT_004_C0311,0,normal
LOT_004,LOT_004_C0312,1,obvious
LOT_004,LOT_004_C0313,0,normal
LOT_004,LOT_004_C0314,0,normal
LOT_004,LOT_004_C0315,0,normal
LOT_004,LOT_004_C0316,0,normal
LOT_004,LOT_004_C0317,0,normal
LOT_004,LOT_004_C0318,0,normal
LOT_004,LOT_004_C0319,0,normal
LOT_004,LOT_004_C0320,0,normal
LOT_004,LOT_004_C0321,0,normal
LOT_004,LOT_004_C0322,0,normal
LOT_004,LOT_004_C0323,0,normal
LOT_004,LOT_004_C0324,0,normal
LOT_004,LOT_004_C0325,0,normal
LOT_004,LOT_004_C0326,0,normal
LOT_004,LOT_004_C0327,0,normal
LOT_004,LOT_004_C0328,0,normal
LOT_004,LOT_004_C0329,0,normal
LOT_004,LOT_004_C0330,0,normal
LOT_004,LOT_004_C0331,0,normal
LOT_004,LOT_004_C0332,0,normal
LOT_004,LOT_004_C0333,0,normal
LOT_004,LOT_004_C0334,0,normal
LOT_004,LOT_004_C0335,0,normal
LOT_004,LOT_004_C0336,0,normal
LOT_004,LOT_004_C0337,0,normal
LOT_004,LOT_004_C0338,0,normal
LOT_004,LOT_004_C0339,0,normal
LOT_004,LOT_004_C0340,1,latent
LOT_004,LOT_004_C0341,0,normal
LOT_004,LOT_004_C0342,0,normal
LOT_004,LOT_004_C0343,0,normal
LOT_004,LOT_004_C0344,0,normal
LOT_004,LOT_004_C0345,0,normal
LOT_004,LOT_004_C0346,0,normal
LOT_004,LOT_004_C0347,0,normal
LOT_004,LOT_004_C0348,0,normal
LOT_004,LOT_004_C0349,0,normal
LOT_004,LOT_004_C0350,0,normal
LOT_004,LOT_004_C0351,0,normal
LOT_004,LOT_004_C0352,0,normal
LOT_004,LOT_004_C0353,0,normal
LOT_004,LOT_004_C0354,0,normal
LOT_004,LOT_004_C0355,0,normal
LOT_004,LOT_004_C0356,1,obvious
LOT_004,LOT_004_C0357,0,normal
LOT_004,LOT_004_C0358,0,normal
LOT_004,LOT_004_C0359,1,latent
LOT_004,LOT_004_C0360,0,normal
LOT_004,LOT_004_C0361,0,normal
LOT_004,LOT_004_C0362,0,normal
LOT_004,LOT_004_C0363,0,normal
LOT_004,LOT_004_C0364,0,normal
LOT_004,LOT_004_C0365,0,normal
LOT_004,LOT_004_C0366,0,normal
LOT_004,LOT_004_C0367,0,normal
LOT_004,LOT_004_C0368,0,normal
LOT_004,LOT_004_C0369,0,normal
LOT_004,LOT_004_C0370,0,normal
LOT_004,LOT_004_C0371,0,normal
LOT_004,LOT_004_C0372,0,normal
LOT_004,LOT_004_C0373,1,latent
LOT_004,LOT_004_C0374,0,normal
LOT_004,LOT_004_C0375,0,normal
LOT_004,LOT_004_C0376,0,normal
LOT_004,LOT_004_C0377,0,normal
LOT_004,LOT_004_C0378,0,normal
LOT_004,LOT_004_C0379,0,normal
LOT_004,LOT_004_C0380,0,normal
LOT_004,LOT_004_C0381,0,normal
LOT_004,LOT_004_C0382,0,normal
LOT_004,LOT_004_C0383,0,normal
LOT_004,LOT_004_C0384,0,normal
LOT_004,LOT_004_C0385,0,normal
LOT_004,LOT_004_C0386,0,normal
LOT_004,LOT_004_C0387,0,normal
LOT_004,LOT_004_C0388,1,latent
LOT_004,LOT_004_C0389,0,normal
LOT_004,LOT_004_C0390,0,normal
LOT_004,LOT_004_C0391,0,normal
LOT_004,LOT_004_C0392,0,normal
LOT_004,LOT_004_C0393,0,normal
LOT_004,LOT_004_C0394,0,normal
LOT_004,LOT_004_C0395,0,normal
LOT_004,LOT_004_C0396,0,normal
LOT_004,LOT_004_C0397,0,normal
LOT_004,LOT_004_C0398,1,latent
LOT_004,LOT_004_C0399,0,normal
LOT_004,LOT_004_C0400,0,normal
LOT_004,LOT_004_C0401,0,normal
LOT_004,LOT_004_C0402,0,normal
LOT_004,LOT_004_C0403,0,normal
LOT_004,LOT_004_C0404,0,normal
LOT_004,LOT_004_C0405,0,normal
LOT_004,LOT_004_C0406,0,normal
LOT_004,LOT_004_C0407,0,normal
LOT_004,LOT_004_C0408,0,normal
LOT_004,LOT_004_C0409,0,normal
LOT_004,LOT_004_C0410,0,normal
LOT_004,LOT_004_C0411,0,normal
LOT_004,LOT_004_C0412,0,normal
LOT_004,LOT_004_C0413,0,normal
LOT_004,LOT_004_C0414,0,normal
LOT_004,LOT_004_C0415,1,latent
LOT_004,LOT_004_C0416,0,normal
LOT_004,LOT_004_C0417,0,normal
LOT_004,LOT_004_C0418,0,normal
LOT_004,LOT_004_C0419,0,normal
LOT_004,LOT_004_C0420,0,normal
LOT_004,LOT_004_C0421,0,normal
LOT_004,LOT_004_C0422,0,normal
LOT_004,LOT_004_C0423,0,normal
LOT_004,LOT_004_C0424,0,normal
LOT_004,LOT_004_C0425,0,normal
LOT_004,LOT_004_C0426,0,normal
LOT_004,LOT_004_C0427,0,normal
LOT_004,LOT_004_C0428,0,normal
LOT_004,LOT_004_C0429,0,normal
LOT_004,LOT_004_C0430,0,normal
LOT_004,LOT_004_C0431,1,latent
LOT_004,LOT_004_C0432,0,normal
LOT_004,LOT_004_C0433,0,normal
LOT_004,LOT_004_C0434,0,normal
LOT_004,LOT_004_C0435,0,normal
LOT_004,LOT_004_C0436,0,normal
LOT_004,LOT_004_C0437,0,normal
LOT_004,LOT_004_C0438,0,normal
LOT_004,LOT_004_C0439,0,normal
LOT_004,LOT_004_C0440,0,normal
LOT_004,LOT_004_C0441,0,normal
LOT_004,LOT_004_C0442,0,normal
LOT_004,LOT_004_C0443,0,normal
LOT_004,LOT_004_C0444,0,normal
LOT_004,LOT_004_C0445,0,normal
LOT_004,LOT_004_C0446,0,normal
LOT_004,LOT_004_C0447,0,normal
LOT_004,LOT_004_C0448,0,normal
LOT_004,LOT_004_C0449,0,normal
LOT_004,LOT_004_C0450,0,normal
LOT_004,LOT_004_C0451,0,normal
LOT_004,LOT_004_C0452,0,normal
LOT_004,LOT_004_C0453,0,normal
LOT_004,LOT_004_C0454,0,normal
LOT_004,LOT_004_C0455,0,normal
LOT_004,LOT_004_C0456,0,normal
LOT_004,LOT_004_C0457,0,normal
LOT_004,LOT_004_C0458,0,normal
LOT_004,LOT_004_C0459,0,normal
LOT_004,LOT_004_C0460,0,normal
LOT_004,LOT_004_C0461,0,normal
LOT_004,LOT_004_C0462,0,normal
LOT_004,LOT_004_C0463,0,normal
LOT_004,LOT_004_C0464,0,normal
LOT_004,LOT_004_C0465,0,normal
LOT_004,LOT_004_C0466,0,normal
LOT_004,LOT_004_C0467,1,obvious
LOT_004,LOT_004_C0468,0,normal
LOT_004,LOT_004_C0469,0,normal
LOT_004,LOT_004_C0470,0,normal
LOT_004,LOT_004_C0471,0,normal
LOT_004,LOT_004_C0472,0,normal
LOT_004,LOT_004_C0473,0,normal
LOT_004,LOT_004_C0474,0,normal
LOT_004,LOT_004_C0475,1,latent
LOT_004,LOT_004_C0476,0,normal
LOT_004,LOT_004_C0477,0,normal
LOT_004,LOT_004_C0478,0,normal
LOT_004,LOT_004_C0479,0,normal
LOT_004,LOT_004_C0480,0,normal
LOT_004,LOT_004_C0481,0,normal
LOT_004,LOT_004_C0482,0,normal
LOT_004,LOT_004_C0483,0,normal
LOT_004,LOT_004_C0484,0,normal
LOT_004,LOT_004_C0485,0,normal
LOT_004,LOT_004_C0486,0,normal
LOT_004,LOT_004_C0487,0,normal
LOT_004,LOT_004_C0488,0,normal
LOT_004,LOT_004_C0489,1,obvious
LOT_004,LOT_004_C0490,0,normal
LOT_004,LOT_004_C0491,0,normal
LOT_004,LOT_004_C0492,0,normal
LOT_004,LOT_004_C0493,0,normal
LOT_004,LOT_004_C0494,0,normal
LOT_004,LOT_004_C0495,0,normal
LOT_004,LOT_004_C0496,0,normal
LOT_004,LOT_004_C0497,1,latent
LOT_004,LOT_004_C0498,0,normal
LOT_004,LOT_004_C0499,0,normal
LOT_004,LOT_004_C0500,0,normal
LOT_004,LOT_004_C0501,0,normal
LOT_004,LOT_004_C0502,0,normal
LOT_004,LOT_004_C0503,0,normal
LOT_004,LOT_004_C0504,0,normal
LOT_004,LOT_004_C0505,0,normal
LOT_004,LOT_004_C0506,0,normal
LOT_004,LOT_004_C0507,0,normal
LOT_004,LOT_004_C0508,0,normal
LOT_004,LOT_004_C0509,0,normal
LOT_004,LOT_004_C0510,0,normal
LOT_004,LOT_004_C0511,1,obvious
LOT_004,LOT_004_C0512,1,obvious
LOT_004,LOT_004_C0513,0,normal
LOT_004,LOT_004_C0514,0,normal
LOT_004,LOT_004_C0515,0,normal
LOT_004,LOT_004_C0516,0,normal
LOT_004,LOT_004_C0517,0,normal
LOT_004,LOT_004_C0518,0,normal
LOT_004,LOT_004_C0519,0,normal
LOT_004,LOT_004_C0520,0,normal
LOT_004,LOT_004_C0521,0,normal
LOT_004,LOT_004_C0522,0,normal
LOT_004,LOT_004_C0523,0,normal
LOT_004,LOT_004_C0524,0,normal
LOT_004,LOT_004_C0525,0,normal
LOT_004,LOT_004_C0526,0,normal
LOT_004,LOT_004_C0527,0,normal
LOT_004,LOT_004_C0528,0,normal
LOT_004,LOT_004_C0529,0,normal
LOT_004,LOT_004_C0530,0,normal
LOT_004,LOT_004_C0531,0,normal
LOT_004,LOT_004_C0532,0,normal
LOT_004,LOT_004_C0533,0,normal
LOT_004,LOT_004_C0534,0,normal
LOT_004,LOT_004_C0535,0,normal
LOT_004,LOT_004_C0536,0,normal
LOT_004,LOT_004_C0537,0,normal
LOT_004,LOT_004_C0538,0,normal
LOT_004,LOT_004_C0539,0,normal
LOT_004,LOT_004_C0540,0,normal
LOT_004,LOT_004_C0541,0,normal
LOT_004,LOT_004_C0542,0,normal
LOT_004,LOT_004_C0543,0,normal
LOT_004,LOT_004_C0544,0,normal
LOT_004,LOT_004_C0545,1,latent
LOT_004,LOT_004_C0546,1,latent
LOT_004,LOT_004_C0547,0,normal
LOT_004,LOT_004_C0548,0,normal
LOT_004,LOT_004_C0549,0,normal
LOT_004,LOT_004_C0550,0,normal
LOT_004,LOT_004_C0551,0,normal
LOT_004,LOT_004_C0552,0,normal
LOT_004,LOT_004_C0553,0,normal
LOT_004,LOT_004_C0554,0,normal
LOT_004,LOT_004_C0555,0,normal
LOT_004,LOT_004_C0556,0,normal
LOT_004,LOT_004_C0557,0,normal
LOT_004,LOT_004_C0558,1,latent
LOT_004,LOT_004_C0559,0,normal
LOT_004,LOT_004_C0560,0,normal
LOT_004,LOT_004_C0561,0,normal
LOT_004,LOT_004_C0562,0,normal
LOT_004,LOT_004_C0563,0,normal
LOT_004,LOT_004_C0564,0,normal
LOT_004,LOT_004_C0565,0,normal
LOT_004,LOT_004_C0566,0,normal
LOT_004,LOT_004_C0567,0,normal
LOT_004,LOT_004_C0568,0,normal
LOT_004,LOT_004_C0569,0,normal
LOT_004,LOT_004_C0570,0,normal
LOT_004,LOT_004_C0571,0,normal
LOT_004,LOT_004_C0572,1,latent
LOT_004,LOT_004_C0573,0,normal
LOT_004,LOT_004_C0574,0,normal
LOT_004,LOT_004_C0575,1,obvious
LOT_004,LOT_004_C0576,0,normal
LOT_004,LOT_004_C0577,0,normal
LOT_004,LOT_004_C0578,0,normal
LOT_004,LOT_004_C0579,0,normal
LOT_004,LOT_004_C0580,1,latent
LOT_004,LOT_004_C0581,0,normal
LOT_005,LOT_005_C0000,0,normal
LOT_005,LOT_005_C0001,0,normal
LOT_005,LOT_005_C0002,0,normal
LOT_005,LOT_005_C0003,1,obvious
LOT_005,LOT_005_C0004,0,normal
LOT_005,LOT_005_C0005,0,normal
LOT_005,LOT_005_C0006,0,normal
LOT_005,LOT_005_C0007,0,normal
LOT_005,LOT_005_C0008,0,normal
LOT_005,LOT_005_C0009,0,normal
LOT_005,LOT_005_C0010,0,normal
LOT_005,LOT_005_C0011,0,normal
LOT_005,LOT_005_C0012,1,latent
LOT_005,LOT_005_C0013,0,normal
LOT_005,LOT_005_C0014,0,normal
LOT_005,LOT_005_C0015,0,normal
LOT_005,LOT_005_C0016,0,normal
LOT_005,LOT_005_C0017,0,normal
LOT_005,LOT_005_C0018,0,normal
LOT_005,LOT_005_C0019,0,normal
LOT_005,LOT_005_C0020,0,normal
LOT_005,LOT_005_C0021,0,normal
LOT_005,LOT_005_C0022,0,normal
LOT_005,LOT_005_C0023,0,normal
LOT_005,LOT_005_C0024,1,obvious
LOT_005,LOT_005_C0025,0,normal
LOT_005,LOT_005_C0026,0,normal
LOT_005,LOT_005_C0027,0,normal
LOT_005,LOT_005_C0028,0,normal
LOT_005,LOT_005_C0029,0,normal
LOT_005,LOT_005_C0030,0,normal
LOT_005,LOT_005_C0031,0,normal
LOT_005,LOT_005_C0032,0,normal
LOT_005,LOT_005_C0033,0,normal
LOT_005,LOT_005_C0034,0,normal
LOT_005,LOT_005_C0035,0,normal
LOT_005,LOT_005_C0036,0,normal
LOT_005,LOT_005_C0037,0,normal
LOT_005,LOT_005_C0038,0,normal
LOT_005,LOT_005_C0039,1,latent
LOT_005,LOT_005_C0040,0,normal
LOT_005,LOT_005_C0041,0,normal
LOT_005,LOT_005_C0042,0,normal
LOT_005,LOT_005_C0043,0,normal
LOT_005,LOT_005_C0044,0,normal
LOT_005,LOT_005_C0045,0,normal
LOT_005,LOT_005_C0046,0,normal
LOT_005,LOT_005_C0047,0,normal
LOT_005,LOT_005_C0048,0,normal
LOT_005,LOT_005_C0049,0,normal
LOT_005,LOT_005_C0050,0,normal
LOT_005,LOT_005_C0051,0,normal
LOT_005,LOT_005_C0052,0,normal
LOT_005,LOT_005_C0053,0,normal
LOT_005,LOT_005_C0054,0,normal
LOT_005,LOT_005_C0055,0,normal
LOT_005,LOT_005_C0056,0,normal
LOT_005,LOT_005_C0057,1,obvious
LOT_005,LOT_005_C0058,0,normal
LOT_005,LOT_005_C0059,0,normal
LOT_005,LOT_005_C0060,0,normal
LOT_005,LOT_005_C0061,0,normal
LOT_005,LOT_005_C0062,0,normal
LOT_005,LOT_005_C0063,0,normal
LOT_005,LOT_005_C0064,0,normal
LOT_005,LOT_005_C0065,0,normal
LOT_005,LOT_005_C0066,0,normal
LOT_005,LOT_005_C0067,0,normal
LOT_005,LOT_005_C0068,0,normal
LOT_005,LOT_005_C0069,0,normal
LOT_005,LOT_005_C0070,0,normal
LOT_005,LOT_005_C0071,0,normal
LOT_005,LOT_005_C0072,0,normal
LOT_005,LOT_005_C0073,0,normal
LOT_005,LOT_005_C0074,0,normal
LOT_005,LOT_005_C0075,0,normal
LOT_005,LOT_005_C0076,0,normal
LOT_005,LOT_005_C0077,0,normal
LOT_005,LOT_005_C0078,0,normal
LOT_005,LOT_005_C0079,0,normal
LOT_005,LOT_005_C0080,0,normal
LOT_005,LOT_005_C0081,0,normal
LOT_005,LOT_005_C0082,0,normal
LOT_005,LOT_005_C0083,0,normal
LOT_005,LOT_005_C0084,0,normal
LOT_005,LOT_005_C0085,0,normal
LOT_005,LOT_005_C0086,0,normal
LOT_005,LOT_005_C0087,0,normal
LOT_005,LOT_005_C0088,0,normal
LOT_005,LOT_005_C0089,0,normal
LOT_005,LOT_005_C0090,0,normal
LOT_005,LOT_005_C0091,0,normal
LOT_005,LOT_005_C0092,0,normal
LOT_005,LOT_005_C0093,1,latent
LOT_005,LOT_005_C0094,0,normal
LOT_005,LOT_005_C0095,0,normal
LOT_005,LOT_005_C0096,0,normal
LOT_005,LOT_005_C0097,0,normal
LOT_005,LOT_005_C0098,0,normal
LOT_005,LOT_005_C0099,0,normal
LOT_005,LOT_005_C0100,0,normal
LOT_005,LOT_005_C0101,0,normal
LOT_005,LOT_005_C0102,0,normal
LOT_005,LOT_005_C0103,0,normal
LOT_005,LOT_005_C0104,0,normal
LOT_005,LOT_005_C0105,0,normal
LOT_005,LOT_005_C0106,0,normal
LOT_005,LOT_005_C0107,0,normal
LOT_005,LOT_005_C0108,0,normal
LOT_005,LOT_005_C0109,0,normal
LOT_005,LOT_005_C0110,0,normal
LOT_005,LOT_005_C0111,0,normal
LOT_005,LOT_005_C0112,0,normal
LOT_005,LOT_005_C0113,0,normal
LOT_005,LOT_005_C0114,0,normal
LOT_005,LOT_005_C0115,0,normal
LOT_005,LOT_005_C0116,0,normal
LOT_005,LOT_005_C0117,0,normal
LOT_005,LOT_005_C0118,0,normal
LOT_005,LOT_005_C0119,0,normal
LOT_005,LOT_005_C0120,1,latent
LOT_005,LOT_005_C0121,0,normal
LOT_005,LOT_005_C0122,0,normal
LOT_005,LOT_005_C0123,0,normal
LOT_005,LOT_005_C0124,0,normal
LOT_005,LOT_005_C0125,0,normal
LOT_005,LOT_005_C0126,0,normal
LOT_005,LOT_005_C0127,0,normal
LOT_005,LOT_005_C0128,0,normal
LOT_005,LOT_005_C0129,0,normal
LOT_005,LOT_005_C0130,1,latent
LOT_005,LOT_005_C0131,1,latent
LOT_005,LOT_005_C0132,0,normal
LOT_005,LOT_005_C0133,0,normal
LOT_005,LOT_005_C0134,0,normal
LOT_005,LOT_005_C0135,0,normal
LOT_005,LOT_005_C0136,0,normal
LOT_005,LOT_005_C0137,0,normal
LOT_005,LOT_005_C0138,0,normal
LOT_005,LOT_005_C0139,0,normal
LOT_005,LOT_005_C0140,0,normal
LOT_005,LOT_005_C0141,0,normal
LOT_005,LOT_005_C0142,0,normal
LOT_005,LOT_005_C0143,0,normal
LOT_005,LOT_005_C0144,1,obvious
LOT_005,LOT_005_C0145,0,normal
LOT_005,LOT_005_C0146,0,normal
LOT_005,LOT_005_C0147,0,normal
LOT_005,LOT_005_C0148,0,normal
LOT_005,LOT_005_C0149,0,normal
LOT_005,LOT_005_C0150,0,normal
LOT_005,LOT_005_C0151,0,normal
LOT_005,LOT_005_C0152,0,normal
LOT_005,LOT_005_C0153,0,normal
LOT_005,LOT_005_C0154,0,normal
LOT_005,LOT_005_C0155,0,normal
LOT_005,LOT_005_C0156,0,normal
LOT_005,LOT_005_C0157,0,normal
LOT_005,LOT_005_C0158,0,normal
LOT_005,LOT_005_C0159,0,normal
LOT_005,LOT_005_C0160,0,normal
LOT_005,LOT_005_C0161,1,latent
LOT_005,LOT_005_C0162,0,normal
LOT_005,LOT_005_C0163,0,normal
LOT_005,LOT_005_C0164,0,normal
LOT_005,LOT_005_C0165,0,normal
LOT_005,LOT_005_C0166,0,normal
LOT_005,LOT_005_C0167,1,latent
LOT_005,LOT_005_C0168,0,normal
LOT_005,LOT_005_C0169,0,normal
LOT_005,LOT_005_C0170,0,normal
LOT_005,LOT_005_C0171,0,normal
LOT_005,LOT_005_C0172,0,normal
LOT_005,LOT_005_C0173,0,normal
LOT_005,LOT_005_C0174,0,normal
LOT_005,LOT_005_C0175,0,normal
LOT_005,LOT_005_C0176,0,normal
LOT_005,LOT_005_C0177,0,normal
LOT_005,LOT_005_C0178,0,normal
LOT_005,LOT_005_C0179,0,normal
LOT_005,LOT_005_C0180,0,normal
LOT_005,LOT_005_C0181,0,normal
LOT_005,LOT_005_C0182,0,normal
LOT_005,LOT_005_C0183,0,normal
LOT_005,LOT_005_C0184,1,latent
LOT_005,LOT_005_C0185,0,normal
LOT_005,LOT_005_C0186,0,normal
LOT_005,LOT_005_C0187,0,normal
LOT_005,LOT_005_C0188,0,normal
LOT_005,LOT_005_C0189,0,normal
LOT_005,LOT_005_C0190,0,normal
LOT_005,LOT_005_C0191,0,normal
LOT_005,LOT_005_C0192,0,normal
LOT_005,LOT_005_C0193,0,normal
LOT_005,LOT_005_C0194,0,normal
LOT_005,LOT_005_C0195,0,normal
LOT_005,LOT_005_C0196,1,latent
LOT_005,LOT_005_C0197,0,normal
LOT_005,LOT_005_C0198,0,normal
LOT_005,LOT_005_C0199,0,normal
LOT_005,LOT_005_C0200,0,normal
LOT_005,LOT_005_C0201,0,normal
LOT_005,LOT_005_C0202,0,normal
LOT_005,LOT_005_C0203,0,normal
LOT_005,LOT_005_C0204,0,normal
LOT_005,LOT_005_C0205,1,obvious
LOT_005,LOT_005_C0206,0,normal
LOT_005,LOT_005_C0207,0,normal
LOT_005,LOT_005_C0208,0,normal
LOT_005,LOT_005_C0209,1,latent
LOT_005,LOT_005_C0210,0,normal
LOT_005,LOT_005_C0211,0,normal
LOT_005,LOT_005_C0212,0,normal
LOT_005,LOT_005_C0213,0,normal
LOT_005,LOT_005_C0214,0,normal
LOT_005,LOT_005_C0215,0,normal
LOT_005,LOT_005_C0216,0,normal
LOT_005,LOT_005_C0217,0,normal
LOT_005,LOT_005_C0218,0,normal
LOT_005,LOT_005_C0219,0,normal
LOT_005,LOT_005_C0220,0,normal
LOT_005,LOT_005_C0221,0,normal
LOT_005,LOT_005_C0222,0,normal
LOT_005,LOT_005_C0223,0,normal
LOT_005,LOT_005_C0224,0,normal
LOT_005,LOT_005_C0225,0,normal
LOT_005,LOT_005_C0226,0,normal
LOT_005,LOT_005_C0227,0,normal
LOT_005,LOT_005_C0228,0,normal
LOT_005,LOT_005_C0229,0,normal
LOT_005,LOT_005_C0230,0,normal
LOT_005,LOT_005_C0231,0,normal
LOT_005,LOT_005_C0232,0,normal
LOT_005,LOT_005_C0233,0,normal
LOT_005,LOT_005_C0234,0,normal
LOT_005,LOT_005_C0235,0,normal
LOT_005,LOT_005_C0236,0,normal
LOT_005,LOT_005_C0237,1,latent
LOT_005,LOT_005_C0238,1,latent
LOT_005,LOT_005_C0239,0,normal
LOT_005,LOT_005_C0240,0,normal
LOT_005,LOT_005_C0241,0,normal
LOT_005,LOT_005_C0242,0,normal
LOT_005,LOT_005_C0243,0,normal
LOT_005,LOT_005_C0244,1,latent
LOT_005,LOT_005_C0245,0,normal
LOT_005,LOT_005_C0246,0,normal
LOT_005,LOT_005_C0247,0,normal
LOT_005,LOT_005_C0248,1,latent
LOT_005,LOT_005_C0249,1,latent
LOT_005,LOT_005_C0250,0,normal
LOT_005,LOT_005_C0251,0,normal
LOT_005,LOT_005_C0252,1,latent
LOT_005,LOT_005_C0253,0,normal
LOT_005,LOT_005_C0254,0,normal
LOT_005,LOT_005_C0255,0,normal
LOT_005,LOT_005_C0256,0,normal
LOT_005,LOT_005_C0257,0,normal
LOT_005,LOT_005_C0258,0,normal
LOT_005,LOT_005_C0259,0,normal
LOT_005,LOT_005_C0260,0,normal
LOT_005,LOT_005_C0261,0,normal
LOT_005,LOT_005_C0262,1,latent
LOT_005,LOT_005_C0263,0,normal
LOT_005,LOT_005_C0264,0,normal
LOT_005,LOT_005_C0265,0,normal
LOT_005,LOT_005_C0266,0,normal
LOT_005,LOT_005_C0267,0,normal
LOT_005,LOT_005_C0268,0,normal
LOT_005,LOT_005_C0269,0,normal
LOT_005,LOT_005_C0270,0,normal
LOT_005,LOT_005_C0271,0,normal
LOT_005,LOT_005_C0272,0,normal
LOT_005,LOT_005_C0273,0,normal
LOT_005,LOT_005_C0274,0,normal
LOT_005,LOT_005_C0275,0,normal
LOT_005,LOT_005_C0276,0,normal
LOT_005,LOT_005_C0277,0,normal
LOT_005,LOT_005_C0278,0,normal
LOT_005,LOT_005_C0279,0,normal
LOT_005,LOT_005_C0280,0,normal
LOT_005,LOT_005_C0281,0,normal
LOT_005,LOT_005_C0282,0,normal
LOT_005,LOT_005_C0283,0,normal
LOT_005,LOT_005_C0284,0,normal
LOT_005,LOT_005_C0285,0,normal
LOT_005,LOT_005_C0286,0,normal
LOT_005,LOT_005_C0287,0,normal
LOT_005,LOT_005_C0288,0,normal
LOT_005,LOT_005_C0289,0,normal
LOT_005,LOT_005_C0290,0,normal
LOT_005,LOT_005_C0291,0,normal
LOT_005,LOT_005_C0292,0,normal
LOT_005,LOT_005_C0293,0,normal
LOT_005,LOT_005_C0294,0,normal
LOT_005,LOT_005_C0295,0,normal
LOT_005,LOT_005_C0296,0,normal
LOT_005,LOT_005_C0297,0,normal
LOT_005,LOT_005_C0298,0,normal
LOT_005,LOT_005_C0299,0,normal
LOT_005,LOT_005_C0300,0,normal
LOT_005,LOT_005_C0301,0,normal
LOT_005,LOT_005_C0302,0,normal
LOT_005,LOT_005_C0303,0,normal
LOT_005,LOT_005_C0304,0,normal
LOT_005,LOT_005_C0305,0,normal
LOT_005,LOT_005_C0306,0,normal
LOT_005,LOT_005_C0307,0,normal
LOT_005,LOT_005_C0308,0,normal
LOT_005,LOT_005_C0309,1,latent
LOT_005,LOT_005_C0310,0,normal
LOT_005,LOT_005_C0311,0,normal
LOT_005,LOT_005_C0312,0,normal
LOT_005,LOT_005_C0313,1,obvious
LOT_005,LOT_005_C0314,0,normal
LOT_005,LOT_005_C0315,0,normal
LOT_005,LOT_005_C0316,0,normal
LOT_005,LOT_005_C0317,1,obvious
LOT_005,LOT_005_C0318,0,normal
LOT_005,LOT_005_C0319,0,normal
LOT_005,LOT_005_C0320,0,normal
LOT_005,LOT_005_C0321,0,normal
LOT_005,LOT_005_C0322,0,normal
LOT_005,LOT_005_C0323,0,normal
LOT_005,LOT_005_C0324,0,normal
LOT_005,LOT_005_C0325,0,normal
LOT_005,LOT_005_C0326,1,latent
LOT_005,LOT_005_C0327,0,normal
LOT_005,LOT_005_C0328,0,normal
LOT_005,LOT_005_C0329,0,normal
LOT_005,LOT_005_C0330,0,normal
LOT_005,LOT_005_C0331,0,normal
LOT_005,LOT_005_C0332,0,normal
LOT_005,LOT_005_C0333,0,normal
LOT_005,LOT_005_C0334,0,normal
LOT_005,LOT_005_C0335,0,normal
LOT_005,LOT_005_C0336,0,normal
LOT_005,LOT_005_C0337,0,normal
LOT_005,LOT_005_C0338,0,normal
LOT_005,LOT_005_C0339,0,normal
LOT_005,LOT_005_C0340,0,normal
LOT_005,LOT_005_C0341,0,normal
LOT_005,LOT_005_C0342,0,normal
LOT_005,LOT_005_C0343,0,normal
LOT_005,LOT_005_C0344,0,normal
LOT_005,LOT_005_C0345,0,normal
LOT_005,LOT_005_C0346,0,normal
LOT_005,LOT_005_C0347,0,normal
LOT_005,LOT_005_C0348,0,normal
LOT_005,LOT_005_C0349,0,normal
LOT_005,LOT_005_C0350,0,normal
LOT_005,LOT_005_C0351,1,latent
LOT_005,LOT_005_C0352,1,latent
LOT_005,LOT_005_C0353,0,normal
LOT_005,LOT_005_C0354,0,normal
LOT_005,LOT_005_C0355,0,normal
LOT_005,LOT_005_C0356,0,normal
LOT_005,LOT_005_C0357,0,normal
LOT_005,LOT_005_C0358,0,normal
LOT_005,LOT_005_C0359,0,normal
LOT_005,LOT_005_C0360,0,normal
LOT_005,LOT_005_C0361,1,obvious
LOT_005,LOT_005_C0362,0,normal
LOT_005,LOT_005_C0363,0,normal
LOT_005,LOT_005_C0364,0,normal
LOT_005,LOT_005_C0365,0,normal
LOT_005,LOT_005_C0366,0,normal
LOT_005,LOT_005_C0367,0,normal
LOT_005,LOT_005_C0368,0,normal
LOT_005,LOT_005_C0369,0,normal
LOT_005,LOT_005_C0370,0,normal
LOT_005,LOT_005_C0371,0,normal
LOT_005,LOT_005_C0372,0,normal
LOT_005,LOT_005_C0373,0,normal
LOT_005,LOT_005_C0374,0,normal
LOT_005,LOT_005_C0375,0,normal
LOT_005,LOT_005_C0376,0,normal
LOT_005,LOT_005_C0377,0,normal
LOT_005,LOT_005_C0378,0,normal
LOT_005,LOT_005_C0379,0,normal
LOT_005,LOT_005_C0380,0,normal
LOT_005,LOT_005_C0381,0,normal
LOT_005,LOT_005_C0382,0,normal
LOT_005,LOT_005_C0383,0,normal
LOT_005,LOT_005_C0384,0,normal
LOT_005,LOT_005_C0385,0,normal
LOT_005,LOT_005_C0386,0,normal
LOT_005,LOT_005_C0387,0,normal
LOT_005,LOT_005_C0388,1,latent
LOT_005,LOT_005_C0389,0,normal
LOT_005,LOT_005_C0390,0,normal
LOT_005,LOT_005_C0391,0,normal
LOT_005,LOT_005_C0392,0,normal
LOT_005,LOT_005_C0393,0,normal
LOT_005,LOT_005_C0394,0,normal
LOT_005,LOT_005_C0395,0,normal
LOT_005,LOT_005_C0396,0,normal
LOT_005,LOT_005_C0397,0,normal
LOT_005,LOT_005_C0398,0,normal
LOT_005,LOT_005_C0399,0,normal
LOT_005,LOT_005_C0400,0,normal
LOT_005,LOT_005_C0401,0,normal
LOT_005,LOT_005_C0402,0,normal
LOT_005,LOT_005_C0403,0,normal
LOT_005,LOT_005_C0404,0,normal
LOT_005,LOT_005_C0405,0,normal
LOT_005,LOT_005_C0406,0,normal
LOT_005,LOT_005_C0407,0,normal
LOT_005,LOT_005_C0408,1,latent
LOT_005,LOT_005_C0409,1,latent
LOT_005,LOT_005_C0410,0,normal
LOT_005,LOT_005_C0411,1,obvious
LOT_005,LOT_005_C0412,0,normal
LOT_005,LOT_005_C0413,0,normal
LOT_005,LOT_005_C0414,0,normal
LOT_005,LOT_005_C0415,0,normal
LOT_005,LOT_005_C0416,0,normal
LOT_005,LOT_005_C0417,0,normal
LOT_005,LOT_005_C0418,0,normal
LOT_005,LOT_005_C0419,0,normal
LOT_005,LOT_005_C0420,0,normal
LOT_005,LOT_005_C0421,0,normal
LOT_005,LOT_005_C0422,0,normal
LOT_005,LOT_005_C0423,0,normal
LOT_005,LOT_005_C0424,0,normal
LOT_005,LOT_005_C0425,0,normal
LOT_005,LOT_005_C0426,0,normal
LOT_005,LOT_005_C0427,0,normal
LOT_005,LOT_005_C0428,1,latent
LOT_005,LOT_005_C0429,1,latent
LOT_005,LOT_005_C0430,1,latent
LOT_005,LOT_005_C0431,0,normal
LOT_005,LOT_005_C0432,0,normal
LOT_005,LOT_005_C0433,0,normal
LOT_005,LOT_005_C0434,0,normal
LOT_005,LOT_005_C0435,0,normal
LOT_005,LOT_005_C0436,0,normal
LOT_005,LOT_005_C0437,0,normal
LOT_005,LOT_005_C0438,0,normal
LOT_005,LOT_005_C0439,0,normal
LOT_005,LOT_005_C0440,0,normal
LOT_005,LOT_005_C0441,0,normal
LOT_005,LOT_005_C0442,0,normal
LOT_005,LOT_005_C0443,1,latent
LOT_005,LOT_005_C0444,0,normal
LOT_005,LOT_005_C0445,0,normal
LOT_005,LOT_005_C0446,0,normal
LOT_005,LOT_005_C0447,1,latent
LOT_005,LOT_005_C0448,0,normal
LOT_005,LOT_005_C0449,0,normal
LOT_005,LOT_005_C0450,0,normal
LOT_005,LOT_005_C0451,0,normal
LOT_005,LOT_005_C0452,0,normal
LOT_005,LOT_005_C0453,0,normal
LOT_005,LOT_005_C0454,0,normal
LOT_005,LOT_005_C0455,0,normal
LOT_005,LOT_005_C0456,0,normal
LOT_005,LOT_005_C0457,0,normal
LOT_005,LOT_005_C0458,0,normal
LOT_005,LOT_005_C0459,0,normal
LOT_005,LOT_005_C0460,0,normal
LOT_005,LOT_005_C0461,0,normal
LOT_005,LOT_005_C0462,0,normal
LOT_005,LOT_005_C0463,0,normal
LOT_005,LOT_005_C0464,0,normal
LOT_005,LOT_005_C0465,1,latent
LOT_005,LOT_005_C0466,0,normal
LOT_005,LOT_005_C0467,0,normal
LOT_005,LOT_005_C0468,0,normal
LOT_005,LOT_005_C0469,0,normal
LOT_005,LOT_005_C0470,0,normal
LOT_005,LOT_005_C0471,0,normal
LOT_005,LOT_005_C0472,0,normal
LOT_005,LOT_005_C0473,0,normal
LOT_005,LOT_005_C0474,0,normal
LOT_005,LOT_005_C0475,0,normal
LOT_005,LOT_005_C0476,0,normal
LOT_005,LOT_005_C0477,0,normal
LOT_005,LOT_005_C0478,0,normal
LOT_005,LOT_005_C0479,0,normal
LOT_005,LOT_005_C0480,0,normal
LOT_005,LOT_005_C0481,0,normal
LOT_005,LOT_005_C0482,0,normal
LOT_005,LOT_005_C0483,0,normal
LOT_005,LOT_005_C0484,0,normal
LOT_005,LOT_005_C0485,0,normal
LOT_005,LOT_005_C0486,0,normal
LOT_005,LOT_005_C0487,0,normal
LOT_005,LOT_005_C0488,1,obvious
LOT_005,LOT_005_C0489,0,normal
LOT_005,LOT_005_C0490,0,normal
LOT_005,LOT_005_C0491,0,normal
LOT_005,LOT_005_C0492,0,normal
LOT_005,LOT_005_C0493,0,normal
LOT_005,LOT_005_C0494,0,normal
LOT_005,LOT_005_C0495,0,normal
LOT_005,LOT_005_C0496,0,normal
LOT_005,LOT_005_C0497,0,normal
LOT_005,LOT_005_C0498,1,latent
LOT_005,LOT_005_C0499,0,normal
LOT_005,LOT_005_C0500,0,normal
LOT_005,LOT_005_C0501,0,normal
LOT_005,LOT_005_C0502,0,normal
LOT_005,LOT_005_C0503,0,normal
LOT_005,LOT_005_C0504,0,normal
LOT_005,LOT_005_C0505,0,normal
LOT_005,LOT_005_C0506,0,normal
LOT_005,LOT_005_C0507,0,normal
LOT_005,LOT_005_C0508,0,normal
LOT_005,LOT_005_C0509,0,normal
LOT_005,LOT_005_C0510,0,normal
LOT_005,LOT_005_C0511,1,obvious
LOT_005,LOT_005_C0512,0,normal
LOT_005,LOT_005_C0513,0,normal
LOT_005,LOT_005_C0514,0,normal
LOT_005,LOT_005_C0515,0,normal
LOT_005,LOT_005_C0516,0,normal
LOT_005,LOT_005_C0517,0,normal
LOT_005,LOT_005_C0518,0,normal
LOT_005,LOT_005_C0519,0,normal
LOT_005,LOT_005_C0520,0,normal
LOT_005,LOT_005_C0521,1,latent
LOT_005,LOT_005_C0522,0,normal
LOT_005,LOT_005_C0523,0,normal
LOT_005,LOT_005_C0524,0,normal
LOT_005,LOT_005_C0525,0,normal
LOT_005,LOT_005_C0526,0,normal
LOT_005,LOT_005_C0527,0,normal
LOT_005,LOT_005_C0528,0,normal
LOT_005,LOT_005_C0529,0,normal
LOT_005,LOT_005_C0530,0,normal
LOT_005,LOT_005_C0531,0,normal
LOT_005,LOT_005_C0532,0,normal
LOT_005,LOT_005_C0533,0,normal
LOT_005,LOT_005_C0534,0,normal
LOT_005,LOT_005_C0535,1,latent
LOT_005,LOT_005_C0536,0,normal
LOT_005,LOT_005_C0537,0,normal
LOT_005,LOT_005_C0538,0,normal
LOT_005,LOT_005_C0539,0,normal
LOT_005,LOT_005_C0540,0,normal
LOT_005,LOT_005_C0541,0,normal
LOT_005,LOT_005_C0542,0,normal
LOT_005,LOT_005_C0543,0,normal
LOT_005,LOT_005_C0544,0,normal
LOT_005,LOT_005_C0545,0,normal
LOT_005,LOT_005_C0546,0,normal
LOT_005,LOT_005_C0547,0,normal
LOT_005,LOT_005_C0548,0,normal
LOT_005,LOT_005_C0549,0,normal
LOT_005,LOT_005_C0550,0,normal
LOT_005,LOT_005_C0551,0,normal
LOT_005,LOT_005_C0552,0,normal
LOT_005,LOT_005_C0553,0,normal
LOT_005,LOT_005_C0554,0,normal
LOT_005,LOT_005_C0555,0,normal
LOT_005,LOT_005_C0556,0,normal
LOT_005,LOT_005_C0557,0,normal
LOT_005,LOT_005_C0558,0,normal
LOT_005,LOT_005_C0559,0,normal
LOT_005,LOT_005_C0560,0,normal
LOT_005,LOT_005_C0561,0,normal
LOT_005,LOT_005_C0562,0,normal
LOT_005,LOT_005_C0563,0,normal
LOT_005,LOT_005_C0564,0,normal
LOT_005,LOT_005_C0565,0,normal
LOT_005,LOT_005_C0566,0,normal
LOT_005,LOT_005_C0567,0,normal
LOT_005,LOT_005_C0568,0,normal
LOT_005,LOT_005_C0569,0,normal
LOT_005,LOT_005_C0570,0,normal
LOT_005,LOT_005_C0571,0,normal
LOT_005,LOT_005_C0572,0,normal
LOT_005,LOT_005_C0573,0,normal
LOT_005,LOT_005_C0574,0,normal
LOT_005,LOT_005_C0575,0,normal
LOT_005,LOT_005_C0576,0,normal
LOT_005,LOT_005_C0577,0,normal
LOT_005,LOT_005_C0578,0,normal
LOT_005,LOT_005_C0579,0,normal
LOT_005,LOT_005_C0580,0,normal
LOT_006,LOT_006_C0000,0,normal
LOT_006,LOT_006_C0001,0,normal
LOT_006,LOT_006_C0002,0,normal
LOT_006,LOT_006_C0003,1,latent
LOT_006,LOT_006_C0004,0,normal
LOT_006,LOT_006_C0005,0,normal
LOT_006,LOT_006_C0006,0,normal
LOT_006,LOT_006_C0007,0,normal
LOT_006,LOT_006_C0008,0,normal
LOT_006,LOT_006_C0009,0,normal
LOT_006,LOT_006_C0010,0,normal
LOT_006,LOT_006_C0011,0,normal
LOT_006,LOT_006_C0012,0,normal
LOT_006,LOT_006_C0013,0,normal
LOT_006,LOT_006_C0014,0,normal
LOT_006,LOT_006_C0015,0,normal
LOT_006,LOT_006_C0016,0,normal
LOT_006,LOT_006_C0017,0,normal
LOT_006,LOT_006_C0018,0,normal
LOT_006,LOT_006_C0019,1,obvious
LOT_006,LOT_006_C0020,0,normal
LOT_006,LOT_006_C0021,0,normal
LOT_006,LOT_006_C0022,0,normal
LOT_006,LOT_006_C0023,0,normal
LOT_006,LOT_006_C0024,0,normal
LOT_006,LOT_006_C0025,0,normal
LOT_006,LOT_006_C0026,0,normal
LOT_006,LOT_006_C0027,0,normal
LOT_006,LOT_006_C0028,0,normal
LOT_006,LOT_006_C0029,0,normal
LOT_006,LOT_006_C0030,0,normal
LOT_006,LOT_006_C0031,0,normal
LOT_006,LOT_006_C0032,0,normal
LOT_006,LOT_006_C0033,0,normal
LOT_006,LOT_006_C0034,0,normal
LOT_006,LOT_006_C0035,0,normal
LOT_006,LOT_006_C0036,0,normal
LOT_006,LOT_006_C0037,0,normal
LOT_006,LOT_006_C0038,0,normal
LOT_006,LOT_006_C0039,0,normal
LOT_006,LOT_006_C0040,0,normal
LOT_006,LOT_006_C0041,0,normal
LOT_006,LOT_006_C0042,0,normal
LOT_006,LOT_006_C0043,0,normal
LOT_006,LOT_006_C0044,0,normal
LOT_006,LOT_006_C0045,0,normal
LOT_006,LOT_006_C0046,0,normal
LOT_006,LOT_006_C0047,0,normal
LOT_006,LOT_006_C0048,0,normal
LOT_006,LOT_006_C0049,0,normal
LOT_006,LOT_006_C0050,0,normal
LOT_006,LOT_006_C0051,0,normal
LOT_006,LOT_006_C0052,0,normal
LOT_006,LOT_006_C0053,0,normal
LOT_006,LOT_006_C0054,0,normal
LOT_006,LOT_006_C0055,0,normal
LOT_006,LOT_006_C0056,0,normal
LOT_006,LOT_006_C0057,0,normal
LOT_006,LOT_006_C0058,0,normal
LOT_006,LOT_006_C0059,1,obvious
LOT_006,LOT_006_C0060,0,normal
LOT_006,LOT_006_C0061,0,normal
LOT_006,LOT_006_C0062,0,normal
LOT_006,LOT_006_C0063,0,normal
LOT_006,LOT_006_C0064,1,obvious
LOT_006,LOT_006_C0065,0,normal
LOT_006,LOT_006_C0066,0,normal
LOT_006,LOT_006_C0067,0,normal
LOT_006,LOT_006_C0068,0,normal
LOT_006,LOT_006_C0069,0,normal
LOT_006,LOT_006_C0070,0,normal
LOT_006,LOT_006_C0071,0,normal
LOT_006,LOT_006_C0072,1,latent
LOT_006,LOT_006_C0073,1,latent
LOT_006,LOT_006_C0074,0,normal
LOT_006,LOT_006_C0075,1,latent
LOT_006,LOT_006_C0076,0,normal
LOT_006,LOT_006_C0077,0,normal
LOT_006,LOT_006_C0078,0,normal
LOT_006,LOT_006_C0079,0,normal
LOT_006,LOT_006_C0080,0,normal
LOT_006,LOT_006_C0081,0,normal
LOT_006,LOT_006_C0082,0,normal
LOT_006,LOT_006_C0083,0,normal
LOT_006,LOT_006_C0084,0,normal
LOT_006,LOT_006_C0085,0,normal
LOT_006,LOT_006_C0086,0,normal
LOT_006,LOT_006_C0087,0,normal
LOT_006,LOT_006_C0088,0,normal
LOT_006,LOT_006_C0089,0,normal
LOT_006,LOT_006_C0090,0,normal
LOT_006,LOT_006_C0091,0,normal
LOT_006,LOT_006_C0092,0,normal
LOT_006,LOT_006_C0093,1,latent
LOT_006,LOT_006_C0094,0,normal
LOT_006,LOT_006_C0095,0,normal
LOT_006,LOT_006_C0096,0,normal
LOT_006,LOT_006_C0097,0,normal
LOT_006,LOT_006_C0098,0,normal
LOT_006,LOT_006_C0099,0,normal
LOT_006,LOT_006_C0100,0,normal
LOT_006,LOT_006_C0101,0,normal
LOT_006,LOT_006_C0102,0,normal
LOT_006,LOT_006_C0103,0,normal
LOT_006,LOT_006_C0104,0,normal
LOT_006,LOT_006_C0105,0,normal
LOT_006,LOT_006_C0106,0,normal
LOT_006,LOT_006_C0107,0,normal
LOT_006,LOT_006_C0108,0,normal
LOT_006,LOT_006_C0109,0,normal
LOT_006,LOT_006_C0110,0,normal
LOT_006,LOT_006_C0111,0,normal
LOT_006,LOT_006_C0112,0,normal
LOT_006,LOT_006_C0113,0,normal
LOT_006,LOT_006_C0114,0,normal
LOT_006,LOT_006_C0115,1,obvious
LOT_006,LOT_006_C0116,0,normal
LOT_006,LOT_006_C0117,0,normal
LOT_006,LOT_006_C0118,0,normal
LOT_006,LOT_006_C0119,0,normal
LOT_006,LOT_006_C0120,0,normal
LOT_006,LOT_006_C0121,0,normal
LOT_006,LOT_006_C0122,0,normal
LOT_006,LOT_006_C0123,0,normal
LOT_006,LOT_006_C0124,0,normal
LOT_006,LOT_006_C0125,1,latent
LOT_006,LOT_006_C0126,0,normal
LOT_006,LOT_006_C0127,0,normal
LOT_006,LOT_006_C0128,0,normal
LOT_006,LOT_006_C0129,1,obvious
LOT_006,LOT_006_C0130,0,normal
LOT_006,LOT_006_C0131,0,normal
LOT_006,LOT_006_C0132,0,normal
LOT_006,LOT_006_C0133,0,normal
LOT_006,LOT_006_C0134,0,normal
LOT_006,LOT_006_C0135,0,normal
LOT_006,LOT_006_C0136,0,normal
LOT_006,LOT_006_C0137,0,normal
LOT_006,LOT_006_C0138,0,normal
LOT_006,LOT_006_C0139,0,normal
LOT_006,LOT_006_C0140,0,normal
LOT_006,LOT_006_C0141,0,normal
LOT_006,LOT_006_C0142,0,normal
LOT_006,LOT_006_C0143,0,normal
LOT_006,LOT_006_C0144,0,normal
LOT_006,LOT_006_C0145,0,normal
LOT_006,LOT_006_C0146,0,normal
LOT_006,LOT_006_C0147,0,normal
LOT_006,LOT_006_C0148,0,normal
LOT_006,LOT_006_C0149,0,normal
LOT_006,LOT_006_C0150,0,normal
LOT_006,LOT_006_C0151,0,normal
LOT_006,LOT_006_C0152,0,normal
LOT_006,LOT_006_C0153,0,normal
LOT_006,LOT_006_C0154,0,normal
LOT_006,LOT_006_C0155,0,normal
LOT_006,LOT_006_C0156,0,normal
LOT_006,LOT_006_C0157,0,normal
LOT_006,LOT_006_C0158,0,normal
LOT_006,LOT_006_C0159,0,normal
LOT_006,LOT_006_C0160,0,normal
LOT_006,LOT_006_C0161,0,normal
LOT_006,LOT_006_C0162,0,normal
LOT_006,LOT_006_C0163,0,normal
LOT_006,LOT_006_C0164,0,normal
LOT_006,LOT_006_C0165,0,normal
LOT_006,LOT_006_C0166,0,normal
LOT_006,LOT_006_C0167,0,normal
LOT_006,LOT_006_C0168,0,normal
LOT_006,LOT_006_C0169,0,normal
LOT_006,LOT_006_C0170,0,normal
LOT_006,LOT_006_C0171,0,normal
LOT_006,LOT_006_C0172,0,normal
LOT_006,LOT_006_C0173,0,normal
LOT_006,LOT_006_C0174,0,normal
LOT_006,LOT_006_C0175,0,normal
LOT_006,LOT_006_C0176,0,normal
LOT_006,LOT_006_C0177,0,normal
LOT_006,LOT_006_C0178,0,normal
LOT_006,LOT_006_C0179,0,normal
LOT_006,LOT_006_C0180,0,normal
LOT_006,LOT_006_C0181,0,normal
LOT_006,LOT_006_C0182,0,normal
LOT_006,LOT_006_C0183,0,normal
LOT_006,LOT_006_C0184,0,normal
LOT_006,LOT_006_C0185,0,normal
LOT_006,LOT_006_C0186,0,normal
LOT_006,LOT_006_C0187,0,normal
LOT_006,LOT_006_C0188,0,normal
LOT_006,LOT_006_C0189,0,normal
LOT_006,LOT_006_C0190,0,normal
LOT_006,LOT_006_C0191,0,normal
LOT_006,LOT_006_C0192,0,normal
LOT_006,LOT_006_C0193,0,normal
LOT_006,LOT_006_C0194,1,latent
LOT_006,LOT_006_C0195,0,normal
LOT_006,LOT_006_C0196,0,normal
LOT_006,LOT_006_C0197,0,normal
LOT_006,LOT_006_C0198,0,normal
LOT_006,LOT_006_C0199,0,normal
LOT_006,LOT_006_C0200,0,normal
LOT_006,LOT_006_C0201,0,normal
LOT_006,LOT_006_C0202,0,normal
LOT_006,LOT_006_C0203,0,normal
LOT_006,LOT_006_C0204,0,normal
LOT_006,LOT_006_C0205,0,normal
LOT_006,LOT_006_C0206,0,normal
LOT_006,LOT_006_C0207,0,normal
LOT_006,LOT_006_C0208,0,normal
LOT_006,LOT_006_C0209,0,normal
LOT_006,LOT_006_C0210,0,normal
LOT_006,LOT_006_C0211,0,normal
LOT_006,LOT_006_C0212,0,normal
LOT_006,LOT_006_C0213,0,normal
LOT_006,LOT_006_C0214,0,normal
LOT_006,LOT_006_C0215,0,normal
LOT_006,LOT_006_C0216,0,normal
LOT_006,LOT_006_C0217,0,normal
LOT_006,LOT_006_C0218,0,normal
LOT_006,LOT_006_C0219,0,normal
LOT_006,LOT_006_C0220,0,normal
LOT_006,LOT_006_C0221,0,normal
LOT_006,LOT_006_C0222,0,normal
LOT_006,LOT_006_C0223,0,normal
LOT_006,LOT_006_C0224,0,normal
LOT_006,LOT_006_C0225,0,normal
LOT_006,LOT_006_C0226,0,normal
LOT_006,LOT_006_C0227,0,normal
LOT_006,LOT_006_C0228,0,normal
LOT_006,LOT_006_C0229,0,normal
LOT_006,LOT_006_C0230,0,normal
LOT_006,LOT_006_C0231,1,latent
LOT_006,LOT_006_C0232,0,normal
LOT_006,LOT_006_C0233,0,normal
LOT_006,LOT_006_C0234,0,normal
LOT_006,LOT_006_C0235,0,normal
LOT_006,LOT_006_C0236,0,normal
LOT_006,LOT_006_C0237,1,obvious
LOT_006,LOT_006_C0238,0,normal
LOT_006,LOT_006_C0239,1,obvious
LOT_006,LOT_006_C0240,0,normal
LOT_006,LOT_006_C0241,0,normal
LOT_006,LOT_006_C0242,0,normal
LOT_006,LOT_006_C0243,0,normal
LOT_006,LOT_006_C0244,0,normal
LOT_006,LOT_006_C0245,0,normal
LOT_006,LOT_006_C0246,0,normal
LOT_006,LOT_006_C0247,0,normal
LOT_006,LOT_006_C0248,1,latent
LOT_006,LOT_006_C0249,0,normal
LOT_006,LOT_006_C0250,0,normal
LOT_006,LOT_006_C0251,0,normal
LOT_006,LOT_006_C0252,0,normal
LOT_006,LOT_006_C0253,0,normal
LOT_006,LOT_006_C0254,0,normal
LOT_006,LOT_006_C0255,0,normal
LOT_006,LOT_006_C0256,1,latent
LOT_006,LOT_006_C0257,0,normal
LOT_006,LOT_006_C0258,0,normal
LOT_006,LOT_006_C0259,0,normal
LOT_006,LOT_006_C0260,0,normal
LOT_006,LOT_006_C0261,0,normal
LOT_006,LOT_006_C0262,0,normal
LOT_006,LOT_006_C0263,0,normal
LOT_006,LOT_006_C0264,1,latent
LOT_006,LOT_006_C0265,1,obvious
LOT_006,LOT_006_C0266,0,normal
LOT_006,LOT_006_C0267,0,normal
LOT_006,LOT_006_C0268,0,normal
LOT_006,LOT_006_C0269,0,normal
LOT_006,LOT_006_C0270,0,normal
LOT_006,LOT_006_C0271,0,normal
LOT_006,LOT_006_C0272,0,normal
LOT_006,LOT_006_C0273,0,normal
LOT_006,LOT_006_C0274,0,normal
LOT_006,LOT_006_C0275,0,normal
LOT_006,LOT_006_C0276,1,obvious
LOT_006,LOT_006_C0277,0,normal
LOT_006,LOT_006_C0278,0,normal
LOT_006,LOT_006_C0279,0,normal
LOT_006,LOT_006_C0280,0,normal
LOT_006,LOT_006_C0281,0,normal
LOT_006,LOT_006_C0282,0,normal
LOT_006,LOT_006_C0283,0,normal
LOT_006,LOT_006_C0284,0,normal
LOT_006,LOT_006_C0285,0,normal
LOT_006,LOT_006_C0286,0,normal
LOT_006,LOT_006_C0287,0,normal
LOT_006,LOT_006_C0288,0,normal
LOT_006,LOT_006_C0289,0,normal
LOT_006,LOT_006_C0290,0,normal
LOT_006,LOT_006_C0291,0,normal
LOT_006,LOT_006_C0292,0,normal
LOT_006,LOT_006_C0293,0,normal
LOT_006,LOT_006_C0294,0,normal
LOT_006,LOT_006_C0295,0,normal
LOT_006,LOT_006_C0296,0,normal
LOT_006,LOT_006_C0297,0,normal
LOT_006,LOT_006_C0298,0,normal
LOT_006,LOT_006_C0299,0,normal
LOT_006,LOT_006_C0300,0,normal
LOT_006,LOT_006_C0301,0,normal
LOT_006,LOT_006_C0302,0,normal
LOT_006,LOT_006_C0303,0,normal
LOT_006,LOT_006_C0304,0,normal
LOT_006,LOT_006_C0305,0,normal
LOT_006,LOT_006_C0306,0,normal
LOT_006,LOT_006_C0307,0,normal
LOT_006,LOT_006_C0308,0,normal
LOT_006,LOT_006_C0309,0,normal
LOT_006,LOT_006_C0310,0,normal
LOT_006,LOT_006_C0311,0,normal
LOT_006,LOT_006_C0312,0,normal
LOT_006,LOT_006_C0313,0,normal
LOT_006,LOT_006_C0314,0,normal
LOT_006,LOT_006_C0315,1,obvious
LOT_006,LOT_006_C0316,0,normal
LOT_006,LOT_006_C0317,0,normal
LOT_006,LOT_006_C0318,0,normal
LOT_006,LOT_006_C0319,0,normal
LOT_006,LOT_006_C0320,0,normal
LOT_006,LOT_006_C0321,0,normal
LOT_006,LOT_006_C0322,1,latent
LOT_006,LOT_006_C0323,0,normal
LOT_006,LOT_006_C0324,0,normal
LOT_006,LOT_006_C0325,0,normal
LOT_006,LOT_006_C0326,0,normal
LOT_006,LOT_006_C0327,0,normal
LOT_006,LOT_006_C0328,0,normal
LOT_006,LOT_006_C0329,0,normal
LOT_006,LOT_006_C0330,0,normal
LOT_006,LOT_006_C0331,0,normal
LOT_006,LOT_006_C0332,0,normal
LOT_006,LOT_006_C0333,0,normal
LOT_006,LOT_006_C0334,1,obvious
LOT_006,LOT_006_C0335,0,normal
LOT_006,LOT_006_C0336,0,normal
LOT_006,LOT_006_C0337,0,normal
LOT_006,LOT_006_C0338,0,normal
LOT_006,LOT_006_C0339,0,normal
LOT_006,LOT_006_C0340,0,normal
LOT_006,LOT_006_C0341,0,normal
LOT_006,LOT_006_C0342,0,normal
LOT_006,LOT_006_C0343,0,normal
LOT_006,LOT_006_C0344,0,normal
LOT_006,LOT_006_C0345,0,normal
LOT_006,LOT_006_C0346,0,normal
LOT_006,LOT_006_C0347,1,latent
LOT_006,LOT_006_C0348,0,normal
LOT_006,LOT_006_C0349,0,normal
LOT_006,LOT_006_C0350,0,normal
LOT_006,LOT_006_C0351,0,normal
LOT_006,LOT_006_C0352,0,normal
LOT_006,LOT_006_C0353,0,normal
LOT_006,LOT_006_C0354,0,normal
LOT_006,LOT_006_C0355,0,normal
LOT_006,LOT_006_C0356,0,normal
LOT_006,LOT_006_C0357,0,normal
LOT_006,LOT_006_C0358,0,normal
LOT_006,LOT_006_C0359,0,normal
LOT_006,LOT_006_C0360,0,normal
LOT_006,LOT_006_C0361,1,latent
LOT_006,LOT_006_C0362,0,normal
LOT_006,LOT_006_C0363,1,latent
LOT_006,LOT_006_C0364,0,normal
LOT_006,LOT_006_C0365,0,normal
LOT_006,LOT_006_C0366,0,normal
LOT_006,LOT_006_C0367,0,normal
LOT_006,LOT_006_C0368,0,normal
LOT_006,LOT_006_C0369,0,normal
LOT_006,LOT_006_C0370,0,normal
LOT_006,LOT_006_C0371,0,normal
LOT_006,LOT_006_C0372,0,normal
LOT_006,LOT_006_C0373,0,normal
LOT_006,LOT_006_C0374,0,normal
LOT_006,LOT_006_C0375,0,normal
LOT_006,LOT_006_C0376,0,normal
LOT_006,LOT_006_C0377,0,normal
LOT_006,LOT_006_C0378,0,normal
LOT_006,LOT_006_C0379,0,normal
LOT_006,LOT_006_C0380,0,normal
LOT_006,LOT_006_C0381,0,normal
LOT_006,LOT_006_C0382,0,normal
LOT_006,LOT_006_C0383,0,normal
LOT_006,LOT_006_C0384,0,normal
LOT_006,LOT_006_C0385,0,normal
LOT_006,LOT_006_C0386,0,normal
LOT_006,LOT_006_C0387,0,normal
LOT_006,LOT_006_C0388,0,normal
LOT_006,LOT_006_C0389,0,normal
LOT_006,LOT_006_C0390,0,normal
LOT_006,LOT_006_C0391,0,normal
LOT_006,LOT_006_C0392,0,normal
LOT_006,LOT_006_C0393,0,normal
LOT_006,LOT_006_C0394,0,normal
LOT_006,LOT_006_C0395,0,normal
LOT_006,LOT_006_C0396,0,normal
LOT_006,LOT_006_C0397,0,normal
LOT_006,LOT_006_C0398,0,normal
LOT_006,LOT_006_C0399,0,normal
LOT_006,LOT_006_C0400,0,normal
LOT_006,LOT_006_C0401,0,normal
LOT_006,LOT_006_C0402,0,normal
LOT_006,LOT_006_C0403,1,latent
LOT_006,LOT_006_C0404,0,normal
LOT_006,LOT_006_C0405,0,normal
LOT_006,LOT_006_C0406,0,normal
LOT_006,LOT_006_C0407,0,normal
LOT_006,LOT_006_C0408,0,normal
LOT_006,LOT_006_C0409,0,normal
LOT_006,LOT_006_C0410,0,normal
LOT_006,LOT_006_C0411,0,normal
LOT_006,LOT_006_C0412,0,normal
LOT_006,LOT_006_C0413,0,normal
LOT_006,LOT_006_C0414,0,normal
LOT_006,LOT_006_C0415,0,normal
LOT_006,LOT_006_C0416,0,normal
LOT_006,LOT_006_C0417,0,normal
LOT_006,LOT_006_C0418,0,normal
LOT_006,LOT_006_C0419,0,normal
LOT_006,LOT_006_C0420,0,normal
LOT_006,LOT_006_C0421,0,normal
LOT_006,LOT_006_C0422,0,normal
LOT_006,LOT_006_C0423,0,normal
LOT_006,LOT_006_C0424,0,normal
LOT_006,LOT_006_C0425,0,normal
LOT_006,LOT_006_C0426,0,normal
LOT_006,LOT_006_C0427,0,normal
LOT_006,LOT_006_C0428,0,normal
LOT_006,LOT_006_C0429,0,normal
LOT_006,LOT_006_C0430,0,normal
LOT_006,LOT_006_C0431,0,normal
LOT_006,LOT_006_C0432,0,normal
LOT_006,LOT_006_C0433,0,normal
LOT_006,LOT_006_C0434,0,normal
LOT_006,LOT_006_C0435,0,normal
LOT_006,LOT_006_C0436,0,normal
LOT_006,LOT_006_C0437,0,normal
LOT_006,LOT_006_C0438,0,normal
LOT_006,LOT_006_C0439,1,obvious
LOT_006,LOT_006_C0440,0,normal
LOT_006,LOT_006_C0441,0,normal
LOT_006,LOT_006_C0442,0,normal
LOT_006,LOT_006_C0443,0,normal
LOT_006,LOT_006_C0444,1,latent
LOT_006,LOT_006_C0445,0,normal
LOT_006,LOT_006_C0446,0,normal
LOT_006,LOT_006_C0447,0,normal
LOT_006,LOT_006_C0448,1,latent
LOT_006,LOT_006_C0449,0,normal
LOT_006,LOT_006_C0450,1,latent
LOT_006,LOT_006_C0451,0,normal
LOT_006,LOT_006_C0452,0,normal
LOT_006,LOT_006_C0453,0,normal
LOT_006,LOT_006_C0454,0,normal
LOT_006,LOT_006_C0455,0,normal
LOT_006,LOT_006_C0456,0,normal
LOT_006,LOT_006_C0457,0,normal
LOT_006,LOT_006_C0458,0,normal
LOT_006,LOT_006_C0459,1,latent
LOT_006,LOT_006_C0460,0,normal
LOT_006,LOT_006_C0461,0,normal
LOT_006,LOT_006_C0462,0,normal
LOT_006,LOT_006_C0463,0,normal
LOT_006,LOT_006_C0464,0,normal
LOT_006,LOT_006_C0465,0,normal
LOT_006,LOT_006_C0466,0,normal
LOT_006,LOT_006_C0467,0,normal
LOT_006,LOT_006_C0468,0,normal
LOT_006,LOT_006_C0469,1,latent
LOT_006,LOT_006_C0470,0,normal
LOT_006,LOT_006_C0471,0,normal
LOT_006,LOT_006_C0472,0,normal
LOT_006,LOT_006_C0473,0,normal
LOT_006,LOT_006_C0474,0,normal
LOT_006,LOT_006_C0475,0,normal
LOT_006,LOT_006_C0476,0,normal
LOT_006,LOT_006_C0477,0,normal
LOT_006,LOT_006_C0478,0,normal
LOT_006,LOT_006_C0479,0,normal
LOT_006,LOT_006_C0480,0,normal
LOT_006,LOT_006_C0481,1,latent
LOT_006,LOT_006_C0482,0,normal
LOT_006,LOT_006_C0483,0,normal
LOT_006,LOT_006_C0484,0,normal
LOT_006,LOT_006_C0485,0,normal
LOT_006,LOT_006_C0486,0,normal
LOT_006,LOT_006_C0487,0,normal
LOT_006,LOT_006_C0488,0,normal
LOT_006,LOT_006_C0489,0,normal
LOT_006,LOT_006_C0490,0,normal
LOT_006,LOT_006_C0491,0,normal
LOT_006,LOT_006_C0492,0,normal
LOT_006,LOT_006_C0493,0,normal
LOT_006,LOT_006_C0494,0,normal
LOT_006,LOT_006_C0495,0,normal
LOT_006,LOT_006_C0496,0,normal
LOT_006,LOT_006_C0497,0,normal
LOT_006,LOT_006_C0498,0,normal
LOT_006,LOT_006_C0499,0,normal
LOT_006,LOT_006_C0500,0,normal
LOT_006,LOT_006_C0501,0,normal
LOT_006,LOT_006_C0502,0,normal
LOT_006,LOT_006_C0503,0,normal
LOT_006,LOT_006_C0504,1,latent
LOT_006,LOT_006_C0505,0,normal
LOT_006,LOT_006_C0506,1,latent
LOT_006,LOT_006_C0507,0,normal
LOT_006,LOT_006_C0508,0,normal
LOT_006,LOT_006_C0509,0,normal
LOT_006,LOT_006_C0510,0,normal
LOT_006,LOT_006_C0511,0,normal
LOT_006,LOT_006_C0512,0,normal
LOT_006,LOT_006_C0513,0,normal
LOT_006,LOT_006_C0514,0,normal
LOT_006,LOT_006_C0515,0,normal
LOT_006,LOT_006_C0516,0,normal
LOT_006,LOT_006_C0517,0,normal
LOT_006,LOT_006_C0518,0,normal
LOT_006,LOT_006_C0519,0,normal
LOT_006,LOT_006_C0520,0,normal
LOT_006,LOT_006_C0521,0,normal
LOT_006,LOT_006_C0522,0,normal
LOT_006,LOT_006_C0523,0,normal
LOT_006,LOT_006_C0524,0,normal
LOT_006,LOT_006_C0525,0,normal
LOT_006,LOT_006_C0526,0,normal
LOT_006,LOT_006_C0527,0,normal
LOT_006,LOT_006_C0528,1,latent
LOT_006,LOT_006_C0529,0,normal
LOT_006,LOT_006_C0530,0,normal
LOT_006,LOT_006_C0531,0,normal
LOT_006,LOT_006_C0532,0,normal
LOT_006,LOT_006_C0533,0,normal
LOT_006,LOT_006_C0534,0,normal
LOT_006,LOT_006_C0535,0,normal
LOT_006,LOT_006_C0536,0,normal
LOT_006,LOT_006_C0537,0,normal
LOT_006,LOT_006_C0538,0,normal
LOT_006,LOT_006_C0539,0,normal
LOT_006,LOT_006_C0540,0,normal
LOT_006,LOT_006_C0541,0,normal
LOT_006,LOT_006_C0542,0,normal
LOT_006,LOT_006_C0543,0,normal
LOT_006,LOT_006_C0544,0,normal
LOT_006,LOT_006_C0545,0,normal
LOT_006,LOT_006_C0546,0,normal
LOT_006,LOT_006_C0547,0,normal
LOT_006,LOT_006_C0548,0,normal
LOT_006,LOT_006_C0549,0,normal
LOT_006,LOT_006_C0550,0,normal
LOT_006,LOT_006_C0551,0,normal
LOT_006,LOT_006_C0552,0,normal
LOT_006,LOT_006_C0553,0,normal
LOT_006,LOT_006_C0554,0,normal
LOT_006,LOT_006_C0555,0,normal
LOT_006,LOT_006_C0556,0,normal
LOT_006,LOT_006_C0557,0,normal
LOT_006,LOT_006_C0558,0,normal
LOT_006,LOT_006_C0559,0,normal
LOT_006,LOT_006_C0560,0,normal
LOT_006,LOT_006_C0561,0,normal
LOT_006,LOT_006_C0562,0,normal
LOT_006,LOT_006_C0563,0,normal
LOT_006,LOT_006_C0564,0,normal
LOT_006,LOT_006_C0565,1,latent
LOT_006,LOT_006_C0566,0,normal
LOT_006,LOT_006_C0567,0,normal
LOT_006,LOT_006_C0568,0,normal
LOT_006,LOT_006_C0569,0,normal
LOT_006,LOT_006_C0570,0,normal
LOT_006,LOT_006_C0571,0,normal
LOT_006,LOT_006_C0572,0,normal
LOT_006,LOT_006_C0573,0,normal
LOT_006,LOT_006_C0574,0,normal
LOT_006,LOT_006_C0575,0,normal
LOT_006,LOT_006_C0576,0,normal
LOT_006,LOT_006_C0577,0,normal
LOT_006,LOT_006_C0578,0,normal
LOT_006,LOT_006_C0579,1,latent
LOT_006,LOT_006_C0580,0,normal
LOT_006,LOT_006_C0581,0,normal
LOT_006,LOT_006_C0582,0,normal
LOT_006,LOT_006_C0583,0,normal
LOT_006,LOT_006_C0584,0,normal
LOT_006,LOT_006_C0585,0,normal
LOT_007,LOT_007_C0000,0,normal
LOT_007,LOT_007_C0001,0,normal
LOT_007,LOT_007_C0002,0,normal
LOT_007,LOT_007_C0003,0,normal
LOT_007,LOT_007_C0004,0,normal
LOT_007,LOT_007_C0005,1,latent
LOT_007,LOT_007_C0006,0,normal
LOT_007,LOT_007_C0007,1,latent
LOT_007,LOT_007_C0008,0,normal
LOT_007,LOT_007_C0009,0,normal
LOT_007,LOT_007_C0010,0,normal
LOT_007,LOT_007_C0011,0,normal
LOT_007,LOT_007_C0012,0,normal
LOT_007,LOT_007_C0013,0,normal
LOT_007,LOT_007_C0014,0,normal
LOT_007,LOT_007_C0015,0,normal
LOT_007,LOT_007_C0016,0,normal
LOT_007,LOT_007_C0017,0,normal
LOT_007,LOT_007_C0018,0,normal
LOT_007,LOT_007_C0019,0,normal
LOT_007,LOT_007_C0020,1,latent
LOT_007,LOT_007_C0021,0,normal
LOT_007,LOT_007_C0022,0,normal
LOT_007,LOT_007_C0023,0,normal
LOT_007,LOT_007_C0024,0,normal
LOT_007,LOT_007_C0025,0,normal
LOT_007,LOT_007_C0026,0,normal
LOT_007,LOT_007_C0027,0,normal
LOT_007,LOT_007_C0028,0,normal
LOT_007,LOT_007_C0029,0,normal
LOT_007,LOT_007_C0030,0,normal
LOT_007,LOT_007_C0031,0,normal
LOT_007,LOT_007_C0032,0,normal
LOT_007,LOT_007_C0033,0,normal
LOT_007,LOT_007_C0034,0,normal
LOT_007,LOT_007_C0035,0,normal
LOT_007,LOT_007_C0036,0,normal
LOT_007,LOT_007_C0037,0,normal
LOT_007,LOT_007_C0038,0,normal
LOT_007,LOT_007_C0039,0,normal
LOT_007,LOT_007_C0040,0,normal
LOT_007,LOT_007_C0041,1,latent
LOT_007,LOT_007_C0042,0,normal
LOT_007,LOT_007_C0043,0,normal
LOT_007,LOT_007_C0044,0,normal
LOT_007,LOT_007_C0045,0,normal
LOT_007,LOT_007_C0046,0,normal
LOT_007,LOT_007_C0047,0,normal
LOT_007,LOT_007_C0048,0,normal
LOT_007,LOT_007_C0049,0,normal
LOT_007,LOT_007_C0050,0,normal
LOT_007,LOT_007_C0051,0,normal
LOT_007,LOT_007_C0052,0,normal
LOT_007,LOT_007_C0053,0,normal
LOT_007,LOT_007_C0054,0,normal
LOT_007,LOT_007_C0055,0,normal
LOT_007,LOT_007_C0056,1,latent
LOT_007,LOT_007_C0057,0,normal
LOT_007,LOT_007_C0058,0,normal
LOT_007,LOT_007_C0059,0,normal
LOT_007,LOT_007_C0060,0,normal
LOT_007,LOT_007_C0061,0,normal
LOT_007,LOT_007_C0062,0,normal
LOT_007,LOT_007_C0063,0,normal
LOT_007,LOT_007_C0064,0,normal
LOT_007,LOT_007_C0065,0,normal
LOT_007,LOT_007_C0066,0,normal
LOT_007,LOT_007_C0067,0,normal
LOT_007,LOT_007_C0068,0,normal
LOT_007,LOT_007_C0069,0,normal
LOT_007,LOT_007_C0070,1,latent
LOT_007,LOT_007_C0071,0,normal
LOT_007,LOT_007_C0072,0,normal
LOT_007,LOT_007_C0073,0,normal
LOT_007,LOT_007_C0074,0,normal
LOT_007,LOT_007_C0075,0,normal
LOT_007,LOT_007_C0076,0,normal
LOT_007,LOT_007_C0077,0,normal
LOT_007,LOT_007_C0078,0,normal
LOT_007,LOT_007_C0079,0,normal
LOT_007,LOT_007_C0080,0,normal
LOT_007,LOT_007_C0081,0,normal
LOT_007,LOT_007_C0082,0,normal
LOT_007,LOT_007_C0083,0,normal
LOT_007,LOT_007_C0084,0,normal
LOT_007,LOT_007_C0085,0,normal
LOT_007,LOT_007_C0086,0,normal
LOT_007,LOT_007_C0087,0,normal
LOT_007,LOT_007_C0088,0,normal
LOT_007,LOT_007_C0089,0,normal
LOT_007,LOT_007_C0090,0,normal
LOT_007,LOT_007_C0091,0,normal
LOT_007,LOT_007_C0092,0,normal
LOT_007,LOT_007_C0093,0,normal
LOT_007,LOT_007_C0094,0,normal
LOT_007,LOT_007_C0095,0,normal
LOT_007,LOT_007_C0096,0,normal
LOT_007,LOT_007_C0097,0,normal
LOT_007,LOT_007_C0098,0,normal
LOT_007,LOT_007_C0099,1,latent
LOT_007,LOT_007_C0100,0,normal
LOT_007,LOT_007_C0101,1,latent
LOT_007,LOT_007_C0102,0,normal
LOT_007,LOT_007_C0103,0,normal
LOT_007,LOT_007_C0104,0,normal
LOT_007,LOT_007_C0105,1,latent
LOT_007,LOT_007_C0106,0,normal
LOT_007,LOT_007_C0107,0,normal
LOT_007,LOT_007_C0108,0,normal
LOT_007,LOT_007_C0109,0,normal
LOT_007,LOT_007_C0110,0,normal
LOT_007,LOT_007_C0111,1,obvious
LOT_007,LOT_007_C0112,0,normal
LOT_007,LOT_007_C0113,0,normal
LOT_007,LOT_007_C0114,0,normal
LOT_007,LOT_007_C0115,0,normal
LOT_007,LOT_007_C0116,0,normal
LOT_007,LOT_007_C0117,0,normal
LOT_007,LOT_007_C0118,0,normal
LOT_007,LOT_007_C0119,0,normal
LOT_007,LOT_007_C0120,0,normal
LOT_007,LOT_007_C0121,0,normal
LOT_007,LOT_007_C0122,0,normal
LOT_007,LOT_007_C0123,0,normal
LOT_007,LOT_007_C0124,0,normal
LOT_007,LOT_007_C0125,0,normal
LOT_007,LOT_007_C0126,0,normal
LOT_007,LOT_007_C0127,1,latent
LOT_007,LOT_007_C0128,0,normal
LOT_007,LOT_007_C0129,0,normal
LOT_007,LOT_007_C0130,0,normal
LOT_007,LOT_007_C0131,0,normal
LOT_007,LOT_007_C0132,0,normal
LOT_007,LOT_007_C0133,0,normal
LOT_007,LOT_007_C0134,0,normal
LOT_007,LOT_007_C0135,0,normal
LOT_007,LOT_007_C0136,0,normal
LOT_007,LOT_007_C0137,0,normal
LOT_007,LOT_007_C0138,0,normal
LOT_007,LOT_007_C0139,0,normal
LOT_007,LOT_007_C0140,0,normal
LOT_007,LOT_007_C0141,0,normal
LOT_007,LOT_007_C0142,0,normal
LOT_007,LOT_007_C0143,0,normal
LOT_007,LOT_007_C0144,0,normal
LOT_007,LOT_007_C0145,0,normal
LOT_007,LOT_007_C0146,0,normal
LOT_007,LOT_007_C0147,0,normal
LOT_007,LOT_007_C0148,0,normal
LOT_007,LOT_007_C0149,0,normal
LOT_007,LOT_007_C0150,0,normal
LOT_007,LOT_007_C0151,0,normal
LOT_007,LOT_007_C0152,0,normal
LOT_007,LOT_007_C0153,0,normal
LOT_007,LOT_007_C0154,1,latent
LOT_007,LOT_007_C0155,0,normal
LOT_007,LOT_007_C0156,0,normal
LOT_007,LOT_007_C0157,0,normal
LOT_007,LOT_007_C0158,0,normal
LOT_007,LOT_007_C0159,0,normal
LOT_007,LOT_007_C0160,0,normal
LOT_007,LOT_007_C0161,0,normal
LOT_007,LOT_007_C0162,0,normal
LOT_007,LOT_007_C0163,0,normal
LOT_007,LOT_007_C0164,0,normal
LOT_007,LOT_007_C0165,0,normal
LOT_007,LOT_007_C0166,0,normal
LOT_007,LOT_007_C0167,0,normal
LOT_007,LOT_007_C0168,0,normal
LOT_007,LOT_007_C0169,0,normal
LOT_007,LOT_007_C0170,0,normal
LOT_007,LOT_007_C0171,0,normal
LOT_007,LOT_007_C0172,0,normal
LOT_007,LOT_007_C0173,0,normal
LOT_007,LOT_007_C0174,0,normal
LOT_007,LOT_007_C0175,0,normal
LOT_007,LOT_007_C0176,0,normal
LOT_007,LOT_007_C0177,0,normal
LOT_007,LOT_007_C0178,0,normal
LOT_007,LOT_007_C0179,0,normal
LOT_007,LOT_007_C0180,0,normal
LOT_007,LOT_007_C0181,0,normal
LOT_007,LOT_007_C0182,0,normal
LOT_007,LOT_007_C0183,0,normal
LOT_007,LOT_007_C0184,0,normal
LOT_007,LOT_007_C0185,0,normal
LOT_007,LOT_007_C0186,1,latent
LOT_007,LOT_007_C0187,0,normal
LOT_007,LOT_007_C0188,0,normal
LOT_007,LOT_007_C0189,0,normal
LOT_007,LOT_007_C0190,0,normal
LOT_007,LOT_007_C0191,0,normal
LOT_007,LOT_007_C0192,0,normal
LOT_007,LOT_007_C0193,0,normal
LOT_007,LOT_007_C0194,0,normal
LOT_007,LOT_007_C0195,0,normal
LOT_007,LOT_007_C0196,0,normal
LOT_007,LOT_007_C0197,0,normal
LOT_007,LOT_007_C0198,0,normal
LOT_007,LOT_007_C0199,0,normal
LOT_007,LOT_007_C0200,0,normal
LOT_007,LOT_007_C0201,0,normal
LOT_007,LOT_007_C0202,0,normal
LOT_007,LOT_007_C0203,0,normal
LOT_007,LOT_007_C0204,1,latent
LOT_007,LOT_007_C0205,0,normal
LOT_007,LOT_007_C0206,0,normal
LOT_007,LOT_007_C0207,0,normal
LOT_007,LOT_007_C0208,0,normal
LOT_007,LOT_007_C0209,0,normal
LOT_007,LOT_007_C0210,0,normal
LOT_007,LOT_007_C0211,0,normal
LOT_007,LOT_007_C0212,0,normal
LOT_007,LOT_007_C0213,0,normal
LOT_007,LOT_007_C0214,0,normal
LOT_007,LOT_007_C0215,0,normal
LOT_007,LOT_007_C0216,1,latent
LOT_007,LOT_007_C0217,0,normal
LOT_007,LOT_007_C0218,0,normal
LOT_007,LOT_007_C0219,1,latent
LOT_007,LOT_007_C0220,0,normal
LOT_007,LOT_007_C0221,0,normal
LOT_007,LOT_007_C0222,1,latent
LOT_007,LOT_007_C0223,1,latent
LOT_007,LOT_007_C0224,0,normal
LOT_007,LOT_007_C0225,0,normal
LOT_007,LOT_007_C0226,0,normal
LOT_007,LOT_007_C0227,0,normal
LOT_007,LOT_007_C0228,1,latent
LOT_007,LOT_007_C0229,0,normal
LOT_007,LOT_007_C0230,0,normal
LOT_007,LOT_007_C0231,0,normal
LOT_007,LOT_007_C0232,0,normal
LOT_007,LOT_007_C0233,0,normal
LOT_007,LOT_007_C0234,0,normal
LOT_007,LOT_007_C0235,0,normal
LOT_007,LOT_007_C0236,0,normal
LOT_007,LOT_007_C0237,0,normal
LOT_007,LOT_007_C0238,0,normal
LOT_007,LOT_007_C0239,0,normal
LOT_007,LOT_007_C0240,0,normal
LOT_007,LOT_007_C0241,0,normal
LOT_007,LOT_007_C0242,0,normal
LOT_007,LOT_007_C0243,0,normal
LOT_007,LOT_007_C0244,0,normal
LOT_007,LOT_007_C0245,1,latent
LOT_007,LOT_007_C0246,1,latent
LOT_007,LOT_007_C0247,0,normal
LOT_007,LOT_007_C0248,0,normal
LOT_007,LOT_007_C0249,1,obvious
LOT_007,LOT_007_C0250,0,normal
LOT_007,LOT_007_C0251,0,normal
LOT_007,LOT_007_C0252,0,normal
LOT_007,LOT_007_C0253,0,normal
LOT_007,LOT_007_C0254,0,normal
LOT_007,LOT_007_C0255,0,normal
LOT_007,LOT_007_C0256,0,normal
LOT_007,LOT_007_C0257,0,normal
LOT_007,LOT_007_C0258,1,obvious
LOT_007,LOT_007_C0259,0,normal
LOT_007,LOT_007_C0260,0,normal
LOT_007,LOT_007_C0261,0,normal
LOT_007,LOT_007_C0262,0,normal
LOT_007,LOT_007_C0263,0,normal
LOT_007,LOT_007_C0264,0,normal
LOT_007,LOT_007_C0265,0,normal
LOT_007,LOT_007_C0266,1,latent
LOT_007,LOT_007_C0267,1,latent
LOT_007,LOT_007_C0268,0,normal
LOT_007,LOT_007_C0269,0,normal
LOT_007,LOT_007_C0270,0,normal
LOT_007,LOT_007_C0271,0,normal
LOT_007,LOT_007_C0272,1,latent
LOT_007,LOT_007_C0273,0,normal
LOT_007,LOT_007_C0274,1,obvious
LOT_007,LOT_007_C0275,0,normal
LOT_007,LOT_007_C0276,0,normal
LOT_007,LOT_007_C0277,0,normal
LOT_007,LOT_007_C0278,0,normal
LOT_007,LOT_007_C0279,0,normal
LOT_007,LOT_007_C0280,0,normal
LOT_007,LOT_007_C0281,0,normal
LOT_007,LOT_007_C0282,0,normal
LOT_007,LOT_007_C0283,0,normal
LOT_007,LOT_007_C0284,0,normal
LOT_007,LOT_007_C0285,0,normal
LOT_007,LOT_007_C0286,0,normal
LOT_007,LOT_007_C0287,0,normal
LOT_007,LOT_007_C0288,0,normal
LOT_007,LOT_007_C0289,0,normal
LOT_007,LOT_007_C0290,0,normal
LOT_007,LOT_007_C0291,0,normal
LOT_007,LOT_007_C0292,0,normal
LOT_007,LOT_007_C0293,0,normal
LOT_007,LOT_007_C0294,0,normal
LOT_007,LOT_007_C0295,0,normal
LOT_007,LOT_007_C0296,0,normal
LOT_007,LOT_007_C0297,0,normal
LOT_007,LOT_007_C0298,0,normal
LOT_007,LOT_007_C0299,0,normal
LOT_007,LOT_007_C0300,0,normal
LOT_007,LOT_007_C0301,0,normal
LOT_007,LOT_007_C0302,0,normal
LOT_007,LOT_007_C0303,1,latent
LOT_007,LOT_007_C0304,0,normal
LOT_007,LOT_007_C0305,0,normal
LOT_007,LOT_007_C0306,0,normal
LOT_007,LOT_007_C0307,0,normal
LOT_007,LOT_007_C0308,0,normal
LOT_007,LOT_007_C0309,0,normal
LOT_007,LOT_007_C0310,0,normal
LOT_007,LOT_007_C0311,1,latent
LOT_007,LOT_007_C0312,0,normal
LOT_007,LOT_007_C0313,1,obvious
LOT_007,LOT_007_C0314,0,normal
LOT_007,LOT_007_C0315,0,normal
LOT_007,LOT_007_C0316,0,normal
LOT_007,LOT_007_C0317,0,normal
LOT_007,LOT_007_C0318,0,normal
LOT_007,LOT_007_C0319,0,normal
LOT_007,LOT_007_C0320,0,normal
LOT_007,LOT_007_C0321,0,normal
LOT_007,LOT_007_C0322,0,normal
LOT_007,LOT_007_C0323,0,normal
LOT_007,LOT_007_C0324,0,normal
LOT_007,LOT_007_C0325,0,normal
LOT_007,LOT_007_C0326,0,normal
LOT_007,LOT_007_C0327,0,normal
LOT_007,LOT_007_C0328,1,latent
LOT_007,LOT_007_C0329,1,latent
LOT_007,LOT_007_C0330,0,normal
LOT_007,LOT_007_C0331,0,normal
LOT_007,LOT_007_C0332,0,normal
LOT_007,LOT_007_C0333,0,normal
LOT_007,LOT_007_C0334,0,normal
LOT_007,LOT_007_C0335,0,normal
LOT_007,LOT_007_C0336,0,normal
LOT_007,LOT_007_C0337,0,normal
LOT_007,LOT_007_C0338,0,normal
LOT_007,LOT_007_C0339,0,normal
LOT_007,LOT_007_C0340,0,normal
LOT_007,LOT_007_C0341,0,normal
LOT_007,LOT_007_C0342,0,normal
LOT_007,LOT_007_C0343,0,normal
LOT_007,LOT_007_C0344,0,normal
LOT_007,LOT_007_C0345,0,normal
LOT_007,LOT_007_C0346,0,normal
LOT_007,LOT_007_C0347,0,normal
LOT_007,LOT_007_C0348,0,normal
LOT_007,LOT_007_C0349,0,normal
LOT_007,LOT_007_C0350,0,normal
LOT_007,LOT_007_C0351,0,normal
LOT_007,LOT_007_C0352,0,normal
LOT_007,LOT_007_C0353,0,normal
LOT_007,LOT_007_C0354,0,normal
LOT_007,LOT_007_C0355,1,latent
LOT_007,LOT_007_C0356,0,normal
LOT_007,LOT_007_C0357,0,normal
LOT_007,LOT_007_C0358,0,normal
LOT_007,LOT_007_C0359,0,normal
LOT_007,LOT_007_C0360,0,normal
LOT_007,LOT_007_C0361,0,normal
LOT_007,LOT_007_C0362,0,normal
LOT_007,LOT_007_C0363,0,normal
LOT_007,LOT_007_C0364,0,normal
LOT_007,LOT_007_C0365,1,obvious
LOT_007,LOT_007_C0366,1,latent
LOT_007,LOT_007_C0367,0,normal
LOT_007,LOT_007_C0368,0,normal
LOT_007,LOT_007_C0369,0,normal
LOT_007,LOT_007_C0370,0,normal
LOT_007,LOT_007_C0371,1,latent
LOT_007,LOT_007_C0372,0,normal
LOT_007,LOT_007_C0373,0,normal
LOT_007,LOT_007_C0374,0,normal
LOT_007,LOT_007_C0375,0,normal
LOT_007,LOT_007_C0376,0,normal
LOT_007,LOT_007_C0377,0,normal
LOT_007,LOT_007_C0378,0,normal
LOT_007,LOT_007_C0379,0,normal
LOT_007,LOT_007_C0380,0,normal
LOT_007,LOT_007_C0381,0,normal
LOT_007,LOT_007_C0382,0,normal
LOT_007,LOT_007_C0383,0,normal
LOT_007,LOT_007_C0384,1,latent
LOT_007,LOT_007_C0385,0,normal
LOT_007,LOT_007_C0386,0,normal
LOT_007,LOT_007_C0387,0,normal
LOT_007,LOT_007_C0388,0,normal
LOT_007,LOT_007_C0389,1,latent
LOT_007,LOT_007_C0390,0,normal
LOT_007,LOT_007_C0391,0,normal
LOT_007,LOT_007_C0392,0,normal
LOT_007,LOT_007_C0393,0,normal
LOT_007,LOT_007_C0394,0,normal
LOT_007,LOT_007_C0395,0,normal
LOT_007,LOT_007_C0396,0,normal
LOT_007,LOT_007_C0397,0,normal
LOT_007,LOT_007_C0398,0,normal
LOT_007,LOT_007_C0399,0,normal
LOT_007,LOT_007_C0400,0,normal
LOT_007,LOT_007_C0401,0,normal
LOT_007,LOT_007_C0402,0,normal
LOT_007,LOT_007_C0403,1,latent
LOT_007,LOT_007_C0404,1,latent
LOT_007,LOT_007_C0405,0,normal
LOT_007,LOT_007_C0406,0,normal
LOT_007,LOT_007_C0407,0,normal
LOT_007,LOT_007_C0408,0,normal
LOT_007,LOT_007_C0409,0,normal
LOT_007,LOT_007_C0410,0,normal
LOT_007,LOT_007_C0411,0,normal
LOT_007,LOT_007_C0412,0,normal
LOT_007,LOT_007_C0413,0,normal
LOT_007,LOT_007_C0414,0,normal
LOT_007,LOT_007_C0415,0,normal
LOT_007,LOT_007_C0416,0,normal
LOT_007,LOT_007_C0417,0,normal
LOT_007,LOT_007_C0418,0,normal
LOT_007,LOT_007_C0419,0,normal
LOT_007,LOT_007_C0420,0,normal
LOT_007,LOT_007_C0421,0,normal
LOT_007,LOT_007_C0422,0,normal
LOT_007,LOT_007_C0423,0,normal
LOT_007,LOT_007_C0424,0,normal
LOT_007,LOT_007_C0425,0,normal
LOT_007,LOT_007_C0426,1,obvious
LOT_007,LOT_007_C0427,0,normal
LOT_007,LOT_007_C0428,0,normal
LOT_007,LOT_007_C0429,0,normal
LOT_007,LOT_007_C0430,0,normal
LOT_007,LOT_007_C0431,0,normal
LOT_007,LOT_007_C0432,0,normal
LOT_007,LOT_007_C0433,0,normal
LOT_007,LOT_007_C0434,0,normal
LOT_007,LOT_007_C0435,0,normal
LOT_007,LOT_007_C0436,0,normal
LOT_007,LOT_007_C0437,0,normal
LOT_007,LOT_007_C0438,0,normal
LOT_007,LOT_007_C0439,0,normal
LOT_007,LOT_007_C0440,0,normal
LOT_007,LOT_007_C0441,0,normal
LOT_007,LOT_007_C0442,0,normal
LOT_007,LOT_007_C0443,0,normal
LOT_007,LOT_007_C0444,0,normal
LOT_007,LOT_007_C0445,0,normal
LOT_007,LOT_007_C0446,0,normal
LOT_007,LOT_007_C0447,0,normal
LOT_007,LOT_007_C0448,1,latent
LOT_007,LOT_007_C0449,0,normal
LOT_007,LOT_007_C0450,0,normal
LOT_007,LOT_007_C0451,0,normal
LOT_007,LOT_007_C0452,0,normal
LOT_007,LOT_007_C0453,0,normal
LOT_007,LOT_007_C0454,0,normal
LOT_007,LOT_007_C0455,0,normal
LOT_007,LOT_007_C0456,0,normal
LOT_007,LOT_007_C0457,0,normal
LOT_007,LOT_007_C0458,0,normal
LOT_007,LOT_007_C0459,0,normal
LOT_007,LOT_007_C0460,0,normal
LOT_007,LOT_007_C0461,1,latent
LOT_007,LOT_007_C0462,0,normal
LOT_007,LOT_007_C0463,0,normal
LOT_007,LOT_007_C0464,0,normal
LOT_007,LOT_007_C0465,0,normal
LOT_007,LOT_007_C0466,0,normal
LOT_007,LOT_007_C0467,0,normal
LOT_007,LOT_007_C0468,0,normal
LOT_007,LOT_007_C0469,0,normal
LOT_007,LOT_007_C0470,0,normal
LOT_007,LOT_007_C0471,0,normal
LOT_007,LOT_007_C0472,0,normal
LOT_007,LOT_007_C0473,0,normal
LOT_007,LOT_007_C0474,0,normal
LOT_007,LOT_007_C0475,0,normal
LOT_007,LOT_007_C0476,0,normal
LOT_007,LOT_007_C0477,0,normal
LOT_007,LOT_007_C0478,0,normal
LOT_007,LOT_007_C0479,0,normal
LOT_007,LOT_007_C0480,0,normal
LOT_007,LOT_007_C0481,0,normal
LOT_007,LOT_007_C0482,0,normal
LOT_007,LOT_007_C0483,0,normal
LOT_007,LOT_007_C0484,0,normal
LOT_007,LOT_007_C0485,0,normal
LOT_007,LOT_007_C0486,0,normal
LOT_007,LOT_007_C0487,0,normal
LOT_007,LOT_007_C0488,0,normal
LOT_007,LOT_007_C0489,0,normal
LOT_007,LOT_007_C0490,0,normal
LOT_007,LOT_007_C0491,0,normal
LOT_007,LOT_007_C0492,0,normal
LOT_007,LOT_007_C0493,0,normal
LOT_007,LOT_007_C0494,0,normal
LOT_007,LOT_007_C0495,0,normal
LOT_007,LOT_007_C0496,0,normal
LOT_007,LOT_007_C0497,0,normal
LOT_007,LOT_007_C0498,0,normal
LOT_007,LOT_007_C0499,0,normal
LOT_007,LOT_007_C0500,0,normal
LOT_007,LOT_007_C0501,0,normal
LOT_007,LOT_007_C0502,0,normal
LOT_007,LOT_007_C0503,0,normal
LOT_007,LOT_007_C0504,1,latent
LOT_007,LOT_007_C0505,0,normal
LOT_007,LOT_007_C0506,0,normal
LOT_007,LOT_007_C0507,0,normal
LOT_007,LOT_007_C0508,0,normal
LOT_007,LOT_007_C0509,0,normal
LOT_007,LOT_007_C0510,0,normal
LOT_007,LOT_007_C0511,0,normal
LOT_007,LOT_007_C0512,0,normal
LOT_007,LOT_007_C0513,0,normal
LOT_007,LOT_007_C0514,0,normal
LOT_007,LOT_007_C0515,0,normal
LOT_007,LOT_007_C0516,0,normal
LOT_007,LOT_007_C0517,0,normal
LOT_007,LOT_007_C0518,0,normal
LOT_007,LOT_007_C0519,0,normal
LOT_007,LOT_007_C0520,0,normal
LOT_007,LOT_007_C0521,0,normal
LOT_007,LOT_007_C0522,0,normal
LOT_007,LOT_007_C0523,0,normal
LOT_007,LOT_007_C0524,0,normal
LOT_007,LOT_007_C0525,0,normal
LOT_007,LOT_007_C0526,0,normal
LOT_007,LOT_007_C0527,0,normal
LOT_007,LOT_007_C0528,0,normal
LOT_007,LOT_007_C0529,0,normal
LOT_007,LOT_007_C0530,1,obvious
LOT_007,LOT_007_C0531,0,normal
LOT_007,LOT_007_C0532,0,normal
LOT_007,LOT_007_C0533,0,normal
LOT_007,LOT_007_C0534,1,obvious
LOT_007,LOT_007_C0535,0,normal
LOT_007,LOT_007_C0536,0,normal
LOT_007,LOT_007_C0537,0,normal
LOT_007,LOT_007_C0538,0,normal
LOT_007,LOT_007_C0539,0,normal
LOT_007,LOT_007_C0540,0,normal
LOT_007,LOT_007_C0541,0,normal
LOT_007,LOT_007_C0542,0,normal
LOT_007,LOT_007_C0543,0,normal
LOT_007,LOT_007_C0544,0,normal
LOT_007,LOT_007_C0545,0,normal
LOT_007,LOT_007_C0546,0,normal
LOT_007,LOT_007_C0547,1,obvious
LOT_007,LOT_007_C0548,0,normal
LOT_007,LOT_007_C0549,0,normal
LOT_007,LOT_007_C0550,1,latent
LOT_007,LOT_007_C0551,0,normal
LOT_007,LOT_007_C0552,0,normal
LOT_007,LOT_007_C0553,0,normal
LOT_007,LOT_007_C0554,0,normal
LOT_007,LOT_007_C0555,0,normal
LOT_007,LOT_007_C0556,0,normal
LOT_007,LOT_007_C0557,0,normal
LOT_007,LOT_007_C0558,0,normal
LOT_007,LOT_007_C0559,0,normal
LOT_007,LOT_007_C0560,0,normal
LOT_007,LOT_007_C0561,0,normal
LOT_007,LOT_007_C0562,0,normal
LOT_007,LOT_007_C0563,0,normal
LOT_007,LOT_007_C0564,1,latent
LOT_007,LOT_007_C0565,1,obvious
LOT_008,LOT_008_C0000,0,normal
LOT_008,LOT_008_C0001,0,normal
LOT_008,LOT_008_C0002,0,normal
LOT_008,LOT_008_C0003,0,normal
LOT_008,LOT_008_C0004,0,normal
LOT_008,LOT_008_C0005,1,latent
LOT_008,LOT_008_C0006,0,normal
LOT_008,LOT_008_C0007,0,normal
LOT_008,LOT_008_C0008,0,normal
LOT_008,LOT_008_C0009,0,normal
LOT_008,LOT_008_C0010,0,normal
LOT_008,LOT_008_C0011,0,normal
LOT_008,LOT_008_C0012,1,latent
LOT_008,LOT_008_C0013,0,normal
LOT_008,LOT_008_C0014,0,normal
LOT_008,LOT_008_C0015,0,normal
LOT_008,LOT_008_C0016,0,normal
LOT_008,LOT_008_C0017,0,normal
LOT_008,LOT_008_C0018,0,normal
LOT_008,LOT_008_C0019,0,normal
LOT_008,LOT_008_C0020,0,normal
LOT_008,LOT_008_C0021,1,latent
LOT_008,LOT_008_C0022,0,normal
LOT_008,LOT_008_C0023,0,normal
LOT_008,LOT_008_C0024,1,latent
LOT_008,LOT_008_C0025,0,normal
LOT_008,LOT_008_C0026,1,latent
LOT_008,LOT_008_C0027,0,normal
LOT_008,LOT_008_C0028,0,normal
LOT_008,LOT_008_C0029,0,normal
LOT_008,LOT_008_C0030,0,normal
LOT_008,LOT_008_C0031,0,normal
LOT_008,LOT_008_C0032,0,normal
LOT_008,LOT_008_C0033,0,normal
LOT_008,LOT_008_C0034,0,normal
LOT_008,LOT_008_C0035,0,normal
LOT_008,LOT_008_C0036,0,normal
LOT_008,LOT_008_C0037,0,normal
LOT_008,LOT_008_C0038,0,normal
LOT_008,LOT_008_C0039,0,normal
LOT_008,LOT_008_C0040,0,normal
LOT_008,LOT_008_C0041,0,normal
LOT_008,LOT_008_C0042,0,normal
LOT_008,LOT_008_C0043,0,normal
LOT_008,LOT_008_C0044,0,normal
LOT_008,LOT_008_C0045,0,normal
LOT_008,LOT_008_C0046,0,normal
LOT_008,LOT_008_C0047,0,normal
LOT_008,LOT_008_C0048,0,normal
LOT_008,LOT_008_C0049,0,normal
LOT_008,LOT_008_C0050,0,normal
LOT_008,LOT_008_C0051,0,normal
LOT_008,LOT_008_C0052,1,obvious
LOT_008,LOT_008_C0053,0,normal
LOT_008,LOT_008_C0054,0,normal
LOT_008,LOT_008_C0055,0,normal
LOT_008,LOT_008_C0056,0,normal
LOT_008,LOT_008_C0057,0,normal
LOT_008,LOT_008_C0058,0,normal
LOT_008,LOT_008_C0059,0,normal
LOT_008,LOT_008_C0060,0,normal
LOT_008,LOT_008_C0061,0,normal
LOT_008,LOT_008_C0062,0,normal
LOT_008,LOT_008_C0063,0,normal
LOT_008,LOT_008_C0064,0,normal
LOT_008,LOT_008_C0065,0,normal
LOT_008,LOT_008_C0066,0,normal
LOT_008,LOT_008_C0067,0,normal
LOT_008,LOT_008_C0068,0,normal
LOT_008,LOT_008_C0069,0,normal
LOT_008,LOT_008_C0070,0,normal
LOT_008,LOT_008_C0071,0,normal
LOT_008,LOT_008_C0072,0,normal
LOT_008,LOT_008_C0073,0,normal
LOT_008,LOT_008_C0074,0,normal
LOT_008,LOT_008_C0075,0,normal
LOT_008,LOT_008_C0076,0,normal
LOT_008,LOT_008_C0077,0,normal
LOT_008,LOT_008_C0078,0,normal
LOT_008,LOT_008_C0079,0,normal
LOT_008,LOT_008_C0080,0,normal
LOT_008,LOT_008_C0081,0,normal
LOT_008,LOT_008_C0082,0,normal
LOT_008,LOT_008_C0083,0,normal
LOT_008,LOT_008_C0084,0,normal
LOT_008,LOT_008_C0085,0,normal
LOT_008,LOT_008_C0086,0,normal
LOT_008,LOT_008_C0087,0,normal
LOT_008,LOT_008_C0088,0,normal
LOT_008,LOT_008_C0089,0,normal
LOT_008,LOT_008_C0090,0,normal
LOT_008,LOT_008_C0091,0,normal
LOT_008,LOT_008_C0092,0,normal
LOT_008,LOT_008_C0093,0,normal
LOT_008,LOT_008_C0094,0,normal
LOT_008,LOT_008_C0095,0,normal
LOT_008,LOT_008_C0096,0,normal
LOT_008,LOT_008_C0097,0,normal
LOT_008,LOT_008_C0098,0,normal
LOT_008,LOT_008_C0099,0,normal
LOT_008,LOT_008_C0100,0,normal
LOT_008,LOT_008_C0101,0,normal
LOT_008,LOT_008_C0102,0,normal
LOT_008,LOT_008_C0103,0,normal
LOT_008,LOT_008_C0104,0,normal
LOT_008,LOT_008_C0105,0,normal
LOT_008,LOT_008_C0106,0,normal
LOT_008,LOT_008_C0107,0,normal
LOT_008,LOT_008_C0108,0,normal
LOT_008,LOT_008_C0109,0,normal
LOT_008,LOT_008_C0110,0,normal
LOT_008,LOT_008_C0111,0,normal
LOT_008,LOT_008_C0112,0,normal
LOT_008,LOT_008_C0113,1,obvious
LOT_008,LOT_008_C0114,0,normal
LOT_008,LOT_008_C0115,0,normal
LOT_008,LOT_008_C0116,0,normal
LOT_008,LOT_008_C0117,0,normal
LOT_008,LOT_008_C0118,0,normal
LOT_008,LOT_008_C0119,0,normal
LOT_008,LOT_008_C0120,0,normal
LOT_008,LOT_008_C0121,0,normal
LOT_008,LOT_008_C0122,0,normal
LOT_008,LOT_008_C0123,0,normal
LOT_008,LOT_008_C0124,0,normal
LOT_008,LOT_008_C0125,0,normal
LOT_008,LOT_008_C0126,0,normal
LOT_008,LOT_008_C0127,0,normal
LOT_008,LOT_008_C0128,0,normal
LOT_008,LOT_008_C0129,0,normal
LOT_008,LOT_008_C0130,0,normal
LOT_008,LOT_008_C0131,0,normal
LOT_008,LOT_008_C0132,0,normal
LOT_008,LOT_008_C0133,0,normal
LOT_008,LOT_008_C0134,0,normal
LOT_008,LOT_008_C0135,0,normal
LOT_008,LOT_008_C0136,0,normal
LOT_008,LOT_008_C0137,0,normal
LOT_008,LOT_008_C0138,0,normal
LOT_008,LOT_008_C0139,0,normal
LOT_008,LOT_008_C0140,0,normal
LOT_008,LOT_008_C0141,0,normal
LOT_008,LOT_008_C0142,0,normal
LOT_008,LOT_008_C0143,1,latent
LOT_008,LOT_008_C0144,0,normal
LOT_008,LOT_008_C0145,0,normal
LOT_008,LOT_008_C0146,0,normal
LOT_008,LOT_008_C0147,0,normal
LOT_008,LOT_008_C0148,0,normal
LOT_008,LOT_008_C0149,0,normal
LOT_008,LOT_008_C0150,0,normal
LOT_008,LOT_008_C0151,0,normal
LOT_008,LOT_008_C0152,0,normal
LOT_008,LOT_008_C0153,0,normal
LOT_008,LOT_008_C0154,0,normal
LOT_008,LOT_008_C0155,0,normal
LOT_008,LOT_008_C0156,0,normal
LOT_008,LOT_008_C0157,0,normal
LOT_008,LOT_008_C0158,1,obvious
LOT_008,LOT_008_C0159,1,obvious
LOT_008,LOT_008_C0160,0,normal
LOT_008,LOT_008_C0161,0,normal
LOT_008,LOT_008_C0162,0,normal
LOT_008,LOT_008_C0163,1,obvious
LOT_008,LOT_008_C0164,0,normal
LOT_008,LOT_008_C0165,0,normal
LOT_008,LOT_008_C0166,0,normal
LOT_008,LOT_008_C0167,0,normal
LOT_008,LOT_008_C0168,0,normal
LOT_008,LOT_008_C0169,0,normal
LOT_008,LOT_008_C0170,0,normal
LOT_008,LOT_008_C0171,0,normal
LOT_008,LOT_008_C0172,0,normal
LOT_008,LOT_008_C0173,0,normal
LOT_008,LOT_008_C0174,0,normal
LOT_008,LOT_008_C0175,0,normal
LOT_008,LOT_008_C0176,0,normal
LOT_008,LOT_008_C0177,0,normal
LOT_008,LOT_008_C0178,0,normal
LOT_008,LOT_008_C0179,0,normal
LOT_008,LOT_008_C0180,0,normal
LOT_008,LOT_008_C0181,0,normal
LOT_008,LOT_008_C0182,0,normal
LOT_008,LOT_008_C0183,0,normal
LOT_008,LOT_008_C0184,0,normal
LOT_008,LOT_008_C0185,0,normal
LOT_008,LOT_008_C0186,0,normal
LOT_008,LOT_008_C0187,0,normal
LOT_008,LOT_008_C0188,0,normal
LOT_008,LOT_008_C0189,0,normal
LOT_008,LOT_008_C0190,0,normal
LOT_008,LOT_008_C0191,0,normal
LOT_008,LOT_008_C0192,0,normal
LOT_008,LOT_008_C0193,0,normal
LOT_008,LOT_008_C0194,0,normal
LOT_008,LOT_008_C0195,0,normal
LOT_008,LOT_008_C0196,0,normal
LOT_008,LOT_008_C0197,0,normal
LOT_008,LOT_008_C0198,0,normal
LOT_008,LOT_008_C0199,0,normal
LOT_008,LOT_008_C0200,0,normal
LOT_008,LOT_008_C0201,0,normal
LOT_008,LOT_008_C0202,0,normal
LOT_008,LOT_008_C0203,0,normal
LOT_008,LOT_008_C0204,0,normal
LOT_008,LOT_008_C0205,0,normal
LOT_008,LOT_008_C0206,0,normal
LOT_008,LOT_008_C0207,0,normal
LOT_008,LOT_008_C0208,0,normal
LOT_008,LOT_008_C0209,0,normal
LOT_008,LOT_008_C0210,0,normal
LOT_008,LOT_008_C0211,0,normal
LOT_008,LOT_008_C0212,1,latent
LOT_008,LOT_008_C0213,0,normal
LOT_008,LOT_008_C0214,0,normal
LOT_008,LOT_008_C0215,0,normal
LOT_008,LOT_008_C0216,0,normal
LOT_008,LOT_008_C0217,0,normal
LOT_008,LOT_008_C0218,0,normal
LOT_008,LOT_008_C0219,0,normal
LOT_008,LOT_008_C0220,1,latent
LOT_008,LOT_008_C0221,0,normal
LOT_008,LOT_008_C0222,0,normal
LOT_008,LOT_008_C0223,0,normal
LOT_008,LOT_008_C0224,0,normal
LOT_008,LOT_008_C0225,0,normal
LOT_008,LOT_008_C0226,0,normal
LOT_008,LOT_008_C0227,0,normal
LOT_008,LOT_008_C0228,1,latent
LOT_008,LOT_008_C0229,0,normal
LOT_008,LOT_008_C0230,0,normal
LOT_008,LOT_008_C0231,0,normal
LOT_008,LOT_008_C0232,0,normal
LOT_008,LOT_008_C0233,0,normal
LOT_008,LOT_008_C0234,0,normal
LOT_008,LOT_008_C0235,0,normal
LOT_008,LOT_008_C0236,0,normal
LOT_008,LOT_008_C0237,0,normal
LOT_008,LOT_008_C0238,0,normal
LOT_008,LOT_008_C0239,0,normal
LOT_008,LOT_008_C0240,0,normal
LOT_008,LOT_008_C0241,0,normal
LOT_008,LOT_008_C0242,0,normal
LOT_008,LOT_008_C0243,0,normal
LOT_008,LOT_008_C0244,0,normal
LOT_008,LOT_008_C0245,0,normal
LOT_008,LOT_008_C0246,0,normal
LOT_008,LOT_008_C0247,0,normal
LOT_008,LOT_008_C0248,0,normal
LOT_008,LOT_008_C0249,0,normal
LOT_008,LOT_008_C0250,0,normal
LOT_008,LOT_008_C0251,0,normal
LOT_008,LOT_008_C0252,0,normal
LOT_008,LOT_008_C0253,0,normal
LOT_008,LOT_008_C0254,0,normal
LOT_008,LOT_008_C0255,0,normal
LOT_008,LOT_008_C0256,0,normal
LOT_008,LOT_008_C0257,0,normal
LOT_008,LOT_008_C0258,0,normal
LOT_008,LOT_008_C0259,0,normal
LOT_008,LOT_008_C0260,0,normal
LOT_008,LOT_008_C0261,0,normal
LOT_008,LOT_008_C0262,0,normal
LOT_008,LOT_008_C0263,0,normal
LOT_008,LOT_008_C0264,0,normal
LOT_008,LOT_008_C0265,0,normal
LOT_008,LOT_008_C0266,0,normal
LOT_008,LOT_008_C0267,1,latent
LOT_008,LOT_008_C0268,1,latent
LOT_008,LOT_008_C0269,0,normal
LOT_008,LOT_008_C0270,0,normal
LOT_008,LOT_008_C0271,0,normal
LOT_008,LOT_008_C0272,1,latent
LOT_008,LOT_008_C0273,0,normal
LOT_008,LOT_008_C0274,0,normal
LOT_008,LOT_008_C0275,0,normal
LOT_008,LOT_008_C0276,0,normal
LOT_008,LOT_008_C0277,0,normal
LOT_008,LOT_008_C0278,0,normal
LOT_008,LOT_008_C0279,1,latent
LOT_008,LOT_008_C0280,0,normal
LOT_008,LOT_008_C0281,0,normal
LOT_008,LOT_008_C0282,0,normal
LOT_008,LOT_008_C0283,0,normal
LOT_008,LOT_008_C0284,0,normal
LOT_008,LOT_008_C0285,0,normal
LOT_008,LOT_008_C0286,0,normal
LOT_008,LOT_008_C0287,0,normal
LOT_008,LOT_008_C0288,0,normal
LOT_008,LOT_008_C0289,0,normal
LOT_008,LOT_008_C0290,0,normal
LOT_008,LOT_008_C0291,0,normal
LOT_008,LOT_008_C0292,0,normal
LOT_008,LOT_008_C0293,0,normal
LOT_008,LOT_008_C0294,0,normal
LOT_008,LOT_008_C0295,0,normal
LOT_008,LOT_008_C0296,0,normal
LOT_008,LOT_008_C0297,0,normal
LOT_008,LOT_008_C0298,0,normal
LOT_008,LOT_008_C0299,0,normal
LOT_008,LOT_008_C0300,0,normal
LOT_008,LOT_008_C0301,0,normal
LOT_008,LOT_008_C0302,0,normal
LOT_008,LOT_008_C0303,0,normal
LOT_008,LOT_008_C0304,0,normal
LOT_008,LOT_008_C0305,0,normal
LOT_008,LOT_008_C0306,0,normal
LOT_008,LOT_008_C0307,0,normal
LOT_008,LOT_008_C0308,0,normal
LOT_008,LOT_008_C0309,0,normal
LOT_008,LOT_008_C0310,0,normal
LOT_008,LOT_008_C0311,1,latent
LOT_008,LOT_008_C0312,0,normal
LOT_008,LOT_008_C0313,0,normal
LOT_008,LOT_008_C0314,1,latent
LOT_008,LOT_008_C0315,0,normal
LOT_008,LOT_008_C0316,0,normal
LOT_008,LOT_008_C0317,0,normal
LOT_008,LOT_008_C0318,0,normal
LOT_008,LOT_008_C0319,0,normal
LOT_008,LOT_008_C0320,0,normal
LOT_008,LOT_008_C0321,0,normal
LOT_008,LOT_008_C0322,0,normal
LOT_008,LOT_008_C0323,0,normal
LOT_008,LOT_008_C0324,0,normal
LOT_008,LOT_008_C0325,0,normal
LOT_008,LOT_008_C0326,0,normal
LOT_008,LOT_008_C0327,0,normal
LOT_008,LOT_008_C0328,0,normal
LOT_008,LOT_008_C0329,0,normal
LOT_008,LOT_008_C0330,0,normal
LOT_008,LOT_008_C0331,0,normal
LOT_008,LOT_008_C0332,0,normal
LOT_008,LOT_008_C0333,1,latent
LOT_008,LOT_008_C0334,0,normal
LOT_008,LOT_008_C0335,1,latent
LOT_008,LOT_008_C0336,0,normal
LOT_008,LOT_008_C0337,0,normal
LOT_008,LOT_008_C0338,0,normal
LOT_008,LOT_008_C0339,0,normal
LOT_008,LOT_008_C0340,0,normal
LOT_008,LOT_008_C0341,0,normal
LOT_008,LOT_008_C0342,0,normal
LOT_008,LOT_008_C0343,0,normal
LOT_008,LOT_008_C0344,1,obvious
LOT_008,LOT_008_C0345,0,normal
LOT_008,LOT_008_C0346,0,normal
LOT_008,LOT_008_C0347,0,normal
LOT_008,LOT_008_C0348,0,normal
LOT_008,LOT_008_C0349,0,normal
LOT_008,LOT_008_C0350,0,normal
LOT_008,LOT_008_C0351,0,normal
LOT_008,LOT_008_C0352,0,normal
LOT_008,LOT_008_C0353,0,normal
LOT_008,LOT_008_C0354,1,latent
LOT_008,LOT_008_C0355,0,normal
LOT_008,LOT_008_C0356,0,normal
LOT_008,LOT_008_C0357,0,normal
LOT_008,LOT_008_C0358,0,normal
LOT_008,LOT_008_C0359,0,normal
LOT_008,LOT_008_C0360,0,normal
LOT_008,LOT_008_C0361,0,normal
LOT_008,LOT_008_C0362,0,normal
LOT_008,LOT_008_C0363,0,normal
LOT_008,LOT_008_C0364,0,normal
LOT_008,LOT_008_C0365,0,normal
LOT_008,LOT_008_C0366,0,normal
LOT_008,LOT_008_C0367,0,normal
LOT_008,LOT_008_C0368,0,normal
LOT_008,LOT_008_C0369,1,latent
LOT_008,LOT_008_C0370,0,normal
LOT_008,LOT_008_C0371,0,normal
LOT_008,LOT_008_C0372,0,normal
LOT_008,LOT_008_C0373,0,normal
LOT_008,LOT_008_C0374,0,normal
LOT_008,LOT_008_C0375,0,normal
LOT_008,LOT_008_C0376,0,normal
LOT_008,LOT_008_C0377,0,normal
LOT_008,LOT_008_C0378,0,normal
LOT_008,LOT_008_C0379,0,normal
LOT_008,LOT_008_C0380,0,normal
LOT_008,LOT_008_C0381,0,normal
LOT_008,LOT_008_C0382,0,normal
LOT_008,LOT_008_C0383,0,normal
LOT_008,LOT_008_C0384,0,normal
LOT_008,LOT_008_C0385,0,normal
LOT_008,LOT_008_C0386,0,normal
LOT_008,LOT_008_C0387,0,normal
LOT_008,LOT_008_C0388,0,normal
LOT_008,LOT_008_C0389,0,normal
LOT_008,LOT_008_C0390,0,normal
LOT_008,LOT_008_C0391,0,normal
LOT_008,LOT_008_C0392,0,normal
LOT_008,LOT_008_C0393,0,normal
LOT_008,LOT_008_C0394,0,normal
LOT_008,LOT_008_C0395,0,normal
LOT_008,LOT_008_C0396,0,normal
LOT_008,LOT_008_C0397,0,normal
LOT_008,LOT_008_C0398,0,normal
LOT_008,LOT_008_C0399,1,latent
LOT_008,LOT_008_C0400,0,normal
LOT_008,LOT_008_C0401,0,normal
LOT_008,LOT_008_C0402,0,normal
LOT_008,LOT_008_C0403,0,normal
LOT_008,LOT_008_C0404,1,latent
LOT_008,LOT_008_C0405,0,normal
LOT_008,LOT_008_C0406,0,normal
LOT_008,LOT_008_C0407,0,normal
LOT_008,LOT_008_C0408,0,normal
LOT_008,LOT_008_C0409,0,normal
LOT_008,LOT_008_C0410,0,normal
LOT_008,LOT_008_C0411,0,normal
LOT_008,LOT_008_C0412,0,normal
LOT_008,LOT_008_C0413,1,latent
LOT_008,LOT_008_C0414,0,normal
LOT_008,LOT_008_C0415,0,normal
LOT_008,LOT_008_C0416,1,latent
LOT_008,LOT_008_C0417,0,normal
LOT_008,LOT_008_C0418,0,normal
LOT_008,LOT_008_C0419,0,normal
LOT_008,LOT_008_C0420,0,normal
LOT_008,LOT_008_C0421,0,normal
LOT_008,LOT_008_C0422,0,normal
LOT_008,LOT_008_C0423,0,normal
LOT_008,LOT_008_C0424,0,normal
LOT_008,LOT_008_C0425,0,normal
LOT_008,LOT_008_C0426,0,normal
LOT_008,LOT_008_C0427,0,normal
LOT_008,LOT_008_C0428,0,normal
LOT_008,LOT_008_C0429,0,normal
LOT_008,LOT_008_C0430,0,normal
LOT_008,LOT_008_C0431,0,normal
LOT_008,LOT_008_C0432,0,normal
LOT_008,LOT_008_C0433,0,normal
LOT_008,LOT_008_C0434,0,normal
LOT_008,LOT_008_C0435,0,normal
LOT_008,LOT_008_C0436,0,normal
LOT_008,LOT_008_C0437,0,normal
LOT_008,LOT_008_C0438,0,normal
LOT_008,LOT_008_C0439,0,normal
LOT_008,LOT_008_C0440,0,normal
LOT_008,LOT_008_C0441,0,normal
LOT_008,LOT_008_C0442,0,normal
LOT_008,LOT_008_C0443,0,normal
LOT_008,LOT_008_C0444,0,normal
LOT_008,LOT_008_C0445,0,normal
LOT_008,LOT_008_C0446,0,normal
LOT_008,LOT_008_C0447,0,normal
LOT_008,LOT_008_C0448,0,normal
LOT_008,LOT_008_C0449,0,normal
LOT_008,LOT_008_C0450,0,normal
LOT_008,LOT_008_C0451,0,normal
LOT_008,LOT_008_C0452,0,normal
LOT_008,LOT_008_C0453,0,normal
LOT_008,LOT_008_C0454,0,normal
LOT_008,LOT_008_C0455,0,normal
LOT_008,LOT_008_C0456,0,normal
LOT_008,LOT_008_C0457,0,normal
LOT_008,LOT_008_C0458,0,normal
LOT_008,LOT_008_C0459,0,normal
LOT_008,LOT_008_C0460,0,normal
LOT_008,LOT_008_C0461,0,normal
LOT_008,LOT_008_C0462,0,normal
LOT_008,LOT_008_C0463,0,normal
LOT_008,LOT_008_C0464,0,normal
LOT_008,LOT_008_C0465,0,normal
LOT_008,LOT_008_C0466,0,normal
LOT_008,LOT_008_C0467,0,normal
LOT_008,LOT_008_C0468,0,normal
LOT_008,LOT_008_C0469,0,normal
LOT_008,LOT_008_C0470,0,normal
LOT_008,LOT_008_C0471,1,obvious
LOT_008,LOT_008_C0472,0,normal
LOT_008,LOT_008_C0473,0,normal
LOT_008,LOT_008_C0474,0,normal
LOT_008,LOT_008_C0475,0,normal
LOT_008,LOT_008_C0476,0,normal
LOT_008,LOT_008_C0477,0,normal
LOT_008,LOT_008_C0478,0,normal
LOT_008,LOT_008_C0479,0,normal
LOT_008,LOT_008_C0480,0,normal
LOT_008,LOT_008_C0481,0,normal
LOT_008,LOT_008_C0482,0,normal
LOT_008,LOT_008_C0483,0,normal
LOT_008,LOT_008_C0484,0,normal
LOT_008,LOT_008_C0485,0,normal
LOT_008,LOT_008_C0486,0,normal
LOT_008,LOT_008_C0487,0,normal
LOT_008,LOT_008_C0488,0,normal
LOT_008,LOT_008_C0489,0,normal
LOT_008,LOT_008_C0490,0,normal
LOT_008,LOT_008_C0491,0,normal
LOT_008,LOT_008_C0492,0,normal
LOT_008,LOT_008_C0493,0,normal
LOT_008,LOT_008_C0494,1,latent
LOT_008,LOT_008_C0495,0,normal
LOT_008,LOT_008_C0496,0,normal
LOT_008,LOT_008_C0497,0,normal
LOT_008,LOT_008_C0498,0,normal
LOT_008,LOT_008_C0499,0,normal
LOT_008,LOT_008_C0500,0,normal
LOT_008,LOT_008_C0501,0,normal
LOT_008,LOT_008_C0502,0,normal
LOT_008,LOT_008_C0503,0,normal
LOT_008,LOT_008_C0504,0,normal
LOT_008,LOT_008_C0505,0,normal
LOT_008,LOT_008_C0506,0,normal
LOT_008,LOT_008_C0507,1,latent
LOT_008,LOT_008_C0508,0,normal
LOT_008,LOT_008_C0509,0,normal
LOT_008,LOT_008_C0510,0,normal
LOT_008,LOT_008_C0511,0,normal
LOT_008,LOT_008_C0512,0,normal
LOT_008,LOT_008_C0513,1,latent
LOT_008,LOT_008_C0514,0,normal
LOT_008,LOT_008_C0515,0,normal
LOT_008,LOT_008_C0516,0,normal
LOT_008,LOT_008_C0517,1,latent
LOT_008,LOT_008_C0518,0,normal
LOT_008,LOT_008_C0519,0,normal
LOT_008,LOT_008_C0520,0,normal
LOT_008,LOT_008_C0521,0,normal
LOT_008,LOT_008_C0522,0,normal
LOT_008,LOT_008_C0523,0,normal
LOT_008,LOT_008_C0524,0,normal
LOT_008,LOT_008_C0525,0,normal
LOT_008,LOT_008_C0526,0,normal
LOT_008,LOT_008_C0527,1,latent
LOT_008,LOT_008_C0528,0,normal
LOT_008,LOT_008_C0529,0,normal
LOT_008,LOT_008_C0530,0,normal
LOT_008,LOT_008_C0531,1,latent
LOT_008,LOT_008_C0532,0,normal
LOT_008,LOT_008_C0533,0,normal
LOT_008,LOT_008_C0534,0,normal
LOT_008,LOT_008_C0535,0,normal
LOT_008,LOT_008_C0536,0,normal
LOT_008,LOT_008_C0537,0,normal
LOT_008,LOT_008_C0538,0,normal
LOT_008,LOT_008_C0539,0,normal
LOT_008,LOT_008_C0540,0,normal
LOT_008,LOT_008_C0541,1,latent
LOT_008,LOT_008_C0542,0,normal
LOT_008,LOT_008_C0543,0,normal
LOT_008,LOT_008_C0544,0,normal
LOT_008,LOT_008_C0545,0,normal
LOT_008,LOT_008_C0546,1,latent
LOT_008,LOT_008_C0547,0,normal
LOT_008,LOT_008_C0548,0,normal
LOT_008,LOT_008_C0549,0,normal
LOT_008,LOT_008_C0550,0,normal
LOT_008,LOT_008_C0551,0,normal
LOT_008,LOT_008_C0552,0,normal
LOT_008,LOT_008_C0553,0,normal
LOT_008,LOT_008_C0554,0,normal
LOT_008,LOT_008_C0555,0,normal
LOT_008,LOT_008_C0556,0,normal
LOT_008,LOT_008_C0557,0,normal
LOT_008,LOT_008_C0558,0,normal
LOT_008,LOT_008_C0559,0,normal
LOT_008,LOT_008_C0560,0,normal
LOT_008,LOT_008_C0561,0,normal
LOT_008,LOT_008_C0562,0,normal
LOT_008,LOT_008_C0563,0,normal
LOT_008,LOT_008_C0564,0,normal
LOT_008,LOT_008_C0565,1,latent
LOT_008,LOT_008_C0566,0,normal
LOT_008,LOT_008_C0567,0,normal
LOT_008,LOT_008_C0568,0,normal
LOT_008,LOT_008_C0569,0,normal
LOT_008,LOT_008_C0570,0,normal
LOT_008,LOT_008_C0571,1,latent
LOT_008,LOT_008_C0572,0,normal
LOT_008,LOT_008_C0573,0,normal
LOT_008,LOT_008_C0574,0,normal
LOT_008,LOT_008_C0575,0,normal
LOT_008,LOT_008_C0576,0,normal
LOT_008,LOT_008_C0577,0,normal
LOT_008,LOT_008_C0578,0,normal
LOT_008,LOT_008_C0579,0,normal
LOT_008,LOT_008_C0580,0,normal
LOT_008,LOT_008_C0581,0,normal
LOT_008,LOT_008_C0582,0,normal
LOT_008,LOT_008_C0583,0,normal
LOT_008,LOT_008_C0584,0,normal
LOT_008,LOT_008_C0585,0,normal
LOT_008,LOT_008_C0586,0,normal
LOT_008,LOT_008_C0587,1,latent
LOT_008,LOT_008_C0588,0,normal
LOT_008,LOT_008_C0589,0,normal
LOT_008,LOT_008_C0590,0,normal
LOT_008,LOT_008_C0591,0,normal
LOT_008,LOT_008_C0592,1,obvious
LOT_008,LOT_008_C0593,0,normal
LOT_008,LOT_008_C0594,1,latent
LOT_008,LOT_008_C0595,0,normal
LOT_008,LOT_008_C0596,0,normal
LOT_008,LOT_008_C0597,0,normal
LOT_008,LOT_008_C0598,0,normal
LOT_008,LOT_008_C0599,0,normal
LOT_008,LOT_008_C0600,0,normal
LOT_008,LOT_008_C0601,0,normal
LOT_008,LOT_008_C0602,1,latent
LOT_008,LOT_008_C0603,0,normal
LOT_008,LOT_008_C0604,0,normal
LOT_008,LOT_008_C0605,0,normal
LOT_008,LOT_008_C0606,0,normal
LOT_008,LOT_008_C0607,0,normal
LOT_008,LOT_008_C0608,0,normal
LOT_008,LOT_008_C0609,0,normal
LOT_008,LOT_008_C0610,0,normal
LOT_008,LOT_008_C0611,0,normal
LOT_008,LOT_008_C0612,0,normal
LOT_008,LOT_008_C0613,0,normal
LOT_008,LOT_008_C0614,0,normal
LOT_008,LOT_008_C0615,0,normal
LOT_008,LOT_008_C0616,0,normal
LOT_008,LOT_008_C0617,0,normal
LOT_008,LOT_008_C0618,0,normal
LOT_008,LOT_008_C0619,0,normal
LOT_008,LOT_008_C0620,0,normal
LOT_008,LOT_008_C0621,0,normal
LOT_008,LOT_008_C0622,0,normal
LOT_008,LOT_008_C0623,0,normal
LOT_008,LOT_008_C0624,0,normal
LOT_008,LOT_008_C0625,0,normal
LOT_008,LOT_008_C0626,0,normal
LOT_008,LOT_008_C0627,0,normal
LOT_008,LOT_008_C0628,0,normal
LOT_008,LOT_008_C0629,0,normal
LOT_008,LOT_008_C0630,0,normal
LOT_008,LOT_008_C0631,0,normal
LOT_008,LOT_008_C0632,0,normal
LOT_008,LOT_008_C0633,0,normal
LOT_008,LOT_008_C0634,0,normal
LOT_008,LOT_008_C0635,0,normal
LOT_008,LOT_008_C0636,0,normal
LOT_008,LOT_008_C0637,0,normal
LOT_008,LOT_008_C0638,0,normal
LOT_009,LOT_009_C0000,0,normal
LOT_009,LOT_009_C0001,0,normal
LOT_009,LOT_009_C0002,0,normal
LOT_009,LOT_009_C0003,0,normal
LOT_009,LOT_009_C0004,0,normal
LOT_009,LOT_009_C0005,0,normal
LOT_009,LOT_009_C0006,0,normal
LOT_009,LOT_009_C0007,1,latent
LOT_009,LOT_009_C0008,0,normal
LOT_009,LOT_009_C0009,0,normal
LOT_009,LOT_009_C0010,0,normal
LOT_009,LOT_009_C0011,0,normal
LOT_009,LOT_009_C0012,0,normal
LOT_009,LOT_009_C0013,0,normal
LOT_009,LOT_009_C0014,0,normal
LOT_009,LOT_009_C0015,0,normal
LOT_009,LOT_009_C0016,0,normal
LOT_009,LOT_009_C0017,0,normal
LOT_009,LOT_009_C0018,0,normal
LOT_009,LOT_009_C0019,0,normal
LOT_009,LOT_009_C0020,0,normal
LOT_009,LOT_009_C0021,0,normal
LOT_009,LOT_009_C0022,0,normal
LOT_009,LOT_009_C0023,0,normal
LOT_009,LOT_009_C0024,0,normal
LOT_009,LOT_009_C0025,0,normal
LOT_009,LOT_009_C0026,0,normal
LOT_009,LOT_009_C0027,0,normal
LOT_009,LOT_009_C0028,0,normal
LOT_009,LOT_009_C0029,0,normal
LOT_009,LOT_009_C0030,0,normal
LOT_009,LOT_009_C0031,0,normal
LOT_009,LOT_009_C0032,0,normal
LOT_009,LOT_009_C0033,0,normal
LOT_009,LOT_009_C0034,0,normal
LOT_009,LOT_009_C0035,0,normal
LOT_009,LOT_009_C0036,0,normal
LOT_009,LOT_009_C0037,0,normal
LOT_009,LOT_009_C0038,0,normal
LOT_009,LOT_009_C0039,0,normal
LOT_009,LOT_009_C0040,0,normal
LOT_009,LOT_009_C0041,0,normal
LOT_009,LOT_009_C0042,0,normal
LOT_009,LOT_009_C0043,0,normal
LOT_009,LOT_009_C0044,0,normal
LOT_009,LOT_009_C0045,0,normal
LOT_009,LOT_009_C0046,0,normal
LOT_009,LOT_009_C0047,0,normal
LOT_009,LOT_009_C0048,0,normal
LOT_009,LOT_009_C0049,0,normal
LOT_009,LOT_009_C0050,0,normal
LOT_009,LOT_009_C0051,0,normal
LOT_009,LOT_009_C0052,0,normal
LOT_009,LOT_009_C0053,0,normal
LOT_009,LOT_009_C0054,0,normal
LOT_009,LOT_009_C0055,0,normal
LOT_009,LOT_009_C0056,0,normal
LOT_009,LOT_009_C0057,0,normal
LOT_009,LOT_009_C0058,0,normal
LOT_009,LOT_009_C0059,0,normal
LOT_009,LOT_009_C0060,0,normal
LOT_009,LOT_009_C0061,0,normal
LOT_009,LOT_009_C0062,0,normal
LOT_009,LOT_009_C0063,0,normal
LOT_009,LOT_009_C0064,0,normal
LOT_009,LOT_009_C0065,0,normal
LOT_009,LOT_009_C0066,0,normal
LOT_009,LOT_009_C0067,0,normal
LOT_009,LOT_009_C0068,0,normal
LOT_009,LOT_009_C0069,0,normal
LOT_009,LOT_009_C0070,0,normal
LOT_009,LOT_009_C0071,0,normal
LOT_009,LOT_009_C0072,0,normal
LOT_009,LOT_009_C0073,0,normal
LOT_009,LOT_009_C0074,0,normal
LOT_009,LOT_009_C0075,0,normal
LOT_009,LOT_009_C0076,0,normal
LOT_009,LOT_009_C0077,0,normal
LOT_009,LOT_009_C0078,0,normal
LOT_009,LOT_009_C0079,0,normal
LOT_009,LOT_009_C0080,0,normal
LOT_009,LOT_009_C0081,0,normal
LOT_009,LOT_009_C0082,0,normal
LOT_009,LOT_009_C0083,0,normal
LOT_009,LOT_009_C0084,0,normal
LOT_009,LOT_009_C0085,0,normal
LOT_009,LOT_009_C0086,0,normal
LOT_009,LOT_009_C0087,1,latent
LOT_009,LOT_009_C0088,0,normal
LOT_009,LOT_009_C0089,0,normal
LOT_009,LOT_009_C0090,0,normal
LOT_009,LOT_009_C0091,0,normal
LOT_009,LOT_009_C0092,1,obvious
LOT_009,LOT_009_C0093,0,normal
LOT_009,LOT_009_C0094,0,normal
LOT_009,LOT_009_C0095,0,normal
LOT_009,LOT_009_C0096,0,normal
LOT_009,LOT_009_C0097,0,normal
LOT_009,LOT_009_C0098,0,normal
LOT_009,LOT_009_C0099,0,normal
LOT_009,LOT_009_C0100,0,normal
LOT_009,LOT_009_C0101,0,normal
LOT_009,LOT_009_C0102,0,normal
LOT_009,LOT_009_C0103,0,normal
LOT_009,LOT_009_C0104,0,normal
LOT_009,LOT_009_C0105,0,normal
LOT_009,LOT_009_C0106,0,normal
LOT_009,LOT_009_C0107,0,normal
LOT_009,LOT_009_C0108,1,latent
LOT_009,LOT_009_C0109,0,normal
LOT_009,LOT_009_C0110,0,normal
LOT_009,LOT_009_C0111,1,latent
LOT_009,LOT_009_C0112,0,normal
LOT_009,LOT_009_C0113,0,normal
LOT_009,LOT_009_C0114,0,normal
LOT_009,LOT_009_C0115,0,normal
LOT_009,LOT_009_C0116,0,normal
LOT_009,LOT_009_C0117,0,normal
LOT_009,LOT_009_C0118,0,normal
LOT_009,LOT_009_C0119,0,normal
LOT_009,LOT_009_C0120,0,normal
LOT_009,LOT_009_C0121,0,normal
LOT_009,LOT_009_C0122,0,normal
LOT_009,LOT_009_C0123,0,normal
LOT_009,LOT_009_C0124,0,normal
LOT_009,LOT_009_C0125,0,normal
LOT_009,LOT_009_C0126,1,latent
LOT_009,LOT_009_C0127,0,normal
LOT_009,LOT_009_C0128,0,normal
LOT_009,LOT_009_C0129,0,normal
LOT_009,LOT_009_C0130,0,normal
LOT_009,LOT_009_C0131,0,normal
LOT_009,LOT_009_C0132,0,normal
LOT_009,LOT_009_C0133,0,normal
LOT_009,LOT_009_C0134,0,normal
LOT_009,LOT_009_C0135,0,normal
LOT_009,LOT_009_C0136,0,normal
LOT_009,LOT_009_C0137,0,normal
LOT_009,LOT_009_C0138,0,normal
LOT_009,LOT_009_C0139,0,normal
LOT_009,LOT_009_C0140,1,latent
LOT_009,LOT_009_C0141,1,latent
LOT_009,LOT_009_C0142,0,normal
LOT_009,LOT_009_C0143,0,normal
LOT_009,LOT_009_C0144,0,normal
LOT_009,LOT_009_C0145,0,normal
LOT_009,LOT_009_C0146,0,normal
LOT_009,LOT_009_C0147,0,normal
LOT_009,LOT_009_C0148,0,normal
LOT_009,LOT_009_C0149,0,normal
LOT_009,LOT_009_C0150,0,normal
LOT_009,LOT_009_C0151,0,normal
LOT_009,LOT_009_C0152,0,normal
LOT_009,LOT_009_C0153,0,normal
LOT_009,LOT_009_C0154,1,obvious
LOT_009,LOT_009_C0155,0,normal
LOT_009,LOT_009_C0156,0,normal
LOT_009,LOT_009_C0157,0,normal
LOT_009,LOT_009_C0158,0,normal
LOT_009,LOT_009_C0159,0,normal
LOT_009,LOT_009_C0160,0,normal
LOT_009,LOT_009_C0161,0,normal
LOT_009,LOT_009_C0162,0,normal
LOT_009,LOT_009_C0163,0,normal
LOT_009,LOT_009_C0164,1,latent
LOT_009,LOT_009_C0165,0,normal
LOT_009,LOT_009_C0166,0,normal
LOT_009,LOT_009_C0167,0,normal
LOT_009,LOT_009_C0168,0,normal
LOT_009,LOT_009_C0169,0,normal
LOT_009,LOT_009_C0170,1,latent
LOT_009,LOT_009_C0171,0,normal
LOT_009,LOT_009_C0172,0,normal
LOT_009,LOT_009_C0173,0,normal
LOT_009,LOT_009_C0174,0,normal
LOT_009,LOT_009_C0175,1,latent
LOT_009,LOT_009_C0176,0,normal
LOT_009,LOT_009_C0177,0,normal
LOT_009,LOT_009_C0178,0,normal
LOT_009,LOT_009_C0179,0,normal
LOT_009,LOT_009_C0180,0,normal
LOT_009,LOT_009_C0181,0,normal
LOT_009,LOT_009_C0182,0,normal
LOT_009,LOT_009_C0183,0,normal
LOT_009,LOT_009_C0184,0,normal
LOT_009,LOT_009_C0185,0,normal
LOT_009,LOT_009_C0186,0,normal
LOT_009,LOT_009_C0187,0,normal
LOT_009,LOT_009_C0188,0,normal
LOT_009,LOT_009_C0189,0,normal
LOT_009,LOT_009_C0190,1,obvious
LOT_009,LOT_009_C0191,0,normal
LOT_009,LOT_009_C0192,0,normal
LOT_009,LOT_009_C0193,0,normal
LOT_009,LOT_009_C0194,0,normal
LOT_009,LOT_009_C0195,0,normal
LOT_009,LOT_009_C0196,0,normal
LOT_009,LOT_009_C0197,0,normal
LOT_009,LOT_009_C0198,0,normal
LOT_009,LOT_009_C0199,0,normal
LOT_009,LOT_009_C0200,0,normal
LOT_009,LOT_009_C0201,0,normal
LOT_009,LOT_009_C0202,0,normal
LOT_009,LOT_009_C0203,0,normal
LOT_009,LOT_009_C0204,0,normal
LOT_009,LOT_009_C0205,0,normal
LOT_009,LOT_009_C0206,0,normal
LOT_009,LOT_009_C0207,0,normal
LOT_009,LOT_009_C0208,0,normal
LOT_009,LOT_009_C0209,0,normal
LOT_009,LOT_009_C0210,1,latent
LOT_009,LOT_009_C0211,0,normal
LOT_009,LOT_009_C0212,0,normal
LOT_009,LOT_009_C0213,0,normal
LOT_009,LOT_009_C0214,0,normal
LOT_009,LOT_009_C0215,0,normal
LOT_009,LOT_009_C0216,0,normal
LOT_009,LOT_009_C0217,0,normal
LOT_009,LOT_009_C0218,0,normal
LOT_009,LOT_009_C0219,0,normal
LOT_009,LOT_009_C0220,0,normal
LOT_009,LOT_009_C0221,0,normal
LOT_009,LOT_009_C0222,0,normal
LOT_009,LOT_009_C0223,0,normal
LOT_009,LOT_009_C0224,0,normal
LOT_009,LOT_009_C0225,0,normal
LOT_009,LOT_009_C0226,0,normal
LOT_009,LOT_009_C0227,0,normal
LOT_009,LOT_009_C0228,0,normal
LOT_009,LOT_009_C0229,0,normal
LOT_009,LOT_009_C0230,0,normal
LOT_009,LOT_009_C0231,0,normal
LOT_009,LOT_009_C0232,0,normal
LOT_009,LOT_009_C0233,0,normal
LOT_009,LOT_009_C0234,0,normal
LOT_009,LOT_009_C0235,1,latent
LOT_009,LOT_009_C0236,0,normal
LOT_009,LOT_009_C0237,0,normal
LOT_009,LOT_009_C0238,0,normal
LOT_009,LOT_009_C0239,0,normal
LOT_009,LOT_009_C0240,0,normal
LOT_009,LOT_009_C0241,0,normal
LOT_009,LOT_009_C0242,0,normal
LOT_009,LOT_009_C0243,0,normal
LOT_009,LOT_009_C0244,0,normal
LOT_009,LOT_009_C0245,0,normal
LOT_009,LOT_009_C0246,0,normal
LOT_009,LOT_009_C0247,0,normal
LOT_009,LOT_009_C0248,0,normal
LOT_009,LOT_009_C0249,0,normal
LOT_009,LOT_009_C0250,0,normal
LOT_009,LOT_009_C0251,0,normal
LOT_009,LOT_009_C0252,0,normal
LOT_009,LOT_009_C0253,0,normal
LOT_009,LOT_009_C0254,0,normal
LOT_009,LOT_009_C0255,0,normal
LOT_009,LOT_009_C0256,0,normal
LOT_009,LOT_009_C0257,0,normal
LOT_009,LOT_009_C0258,0,normal
LOT_009,LOT_009_C0259,0,normal
LOT_009,LOT_009_C0260,0,normal
LOT_009,LOT_009_C0261,0,normal
LOT_009,LOT_009_C0262,0,normal
LOT_009,LOT_009_C0263,0,normal
LOT_009,LOT_009_C0264,0,normal
LOT_009,LOT_009_C0265,0,normal
LOT_009,LOT_009_C0266,0,normal
LOT_009,LOT_009_C0267,0,normal
LOT_009,LOT_009_C0268,0,normal
LOT_009,LOT_009_C0269,0,normal
LOT_009,LOT_009_C0270,0,normal
LOT_009,LOT_009_C0271,0,normal
LOT_009,LOT_009_C0272,0,normal
LOT_009,LOT_009_C0273,0,normal
LOT_009,LOT_009_C0274,0,normal
LOT_009,LOT_009_C0275,1,obvious
LOT_009,LOT_009_C0276,0,normal
LOT_009,LOT_009_C0277,0,normal
LOT_009,LOT_009_C0278,0,normal
LOT_009,LOT_009_C0279,0,normal
LOT_009,LOT_009_C0280,0,normal
LOT_009,LOT_009_C0281,0,normal
LOT_009,LOT_009_C0282,1,latent
LOT_009,LOT_009_C0283,0,normal
LOT_009,LOT_009_C0284,0,normal
LOT_009,LOT_009_C0285,0,normal
LOT_009,LOT_009_C0286,0,normal
LOT_009,LOT_009_C0287,0,normal
LOT_009,LOT_009_C0288,0,normal
LOT_009,LOT_009_C0289,0,normal
LOT_009,LOT_009_C0290,0,normal
LOT_009,LOT_009_C0291,1,obvious
LOT_009,LOT_009_C0292,0,normal
LOT_009,LOT_009_C0293,0,normal
LOT_009,LOT_009_C0294,0,normal
LOT_009,LOT_009_C0295,0,normal
LOT_009,LOT_009_C0296,0,normal
LOT_009,LOT_009_C0297,0,normal
LOT_009,LOT_009_C0298,0,normal
LOT_009,LOT_009_C0299,0,normal
LOT_009,LOT_009_C0300,0,normal
LOT_009,LOT_009_C0301,1,latent
LOT_009,LOT_009_C0302,0,normal
LOT_009,LOT_009_C0303,0,normal
LOT_009,LOT_009_C0304,0,normal
LOT_009,LOT_009_C0305,0,normal
LOT_009,LOT_009_C0306,0,normal
LOT_009,LOT_009_C0307,0,normal
LOT_009,LOT_009_C0308,0,normal
LOT_009,LOT_009_C0309,0,normal
LOT_009,LOT_009_C0310,0,normal
LOT_009,LOT_009_C0311,0,normal
LOT_009,LOT_009_C0312,0,normal
LOT_009,LOT_009_C0313,0,normal
LOT_009,LOT_009_C0314,0,normal
LOT_009,LOT_009_C0315,1,latent
LOT_009,LOT_009_C0316,0,normal
LOT_009,LOT_009_C0317,0,normal
LOT_009,LOT_009_C0318,0,normal
LOT_009,LOT_009_C0319,0,normal
LOT_009,LOT_009_C0320,0,normal
LOT_009,LOT_009_C0321,0,normal
LOT_009,LOT_009_C0322,0,normal
LOT_009,LOT_009_C0323,0,normal
LOT_009,LOT_009_C0324,0,normal
LOT_009,LOT_009_C0325,0,normal
LOT_009,LOT_009_C0326,0,normal
LOT_009,LOT_009_C0327,0,normal
LOT_009,LOT_009_C0328,0,normal
LOT_009,LOT_009_C0329,0,normal
LOT_009,LOT_009_C0330,1,latent
LOT_009,LOT_009_C0331,0,normal
LOT_009,LOT_009_C0332,1,latent
LOT_009,LOT_009_C0333,0,normal
LOT_009,LOT_009_C0334,0,normal
LOT_009,LOT_009_C0335,0,normal
LOT_009,LOT_009_C0336,0,normal
LOT_009,LOT_009_C0337,0,normal
LOT_009,LOT_009_C0338,0,normal
LOT_009,LOT_009_C0339,0,normal
LOT_009,LOT_009_C0340,0,normal
LOT_009,LOT_009_C0341,0,normal
LOT_009,LOT_009_C0342,0,normal
LOT_009,LOT_009_C0343,0,normal
LOT_009,LOT_009_C0344,0,normal
LOT_009,LOT_009_C0345,0,normal
LOT_009,LOT_009_C0346,0,normal
LOT_009,LOT_009_C0347,0,normal
LOT_009,LOT_009_C0348,0,normal
LOT_009,LOT_009_C0349,0,normal
LOT_009,LOT_009_C0350,0,normal
LOT_009,LOT_009_C0351,0,normal
LOT_009,LOT_009_C0352,0,normal
LOT_009,LOT_009_C0353,0,normal
LOT_009,LOT_009_C0354,0,normal
LOT_009,LOT_009_C0355,0,normal
LOT_009,LOT_009_C0356,0,normal
LOT_009,LOT_009_C0357,0,normal
LOT_009,LOT_009_C0358,0,normal
LOT_009,LOT_009_C0359,0,normal
LOT_009,LOT_009_C0360,0,normal
LOT_009,LOT_009_C0361,0,normal
LOT_009,LOT_009_C0362,0,normal
LOT_009,LOT_009_C0363,1,latent
LOT_009,LOT_009_C0364,0,normal
LOT_009,LOT_009_C0365,0,normal
LOT_009,LOT_009_C0366,0,normal
LOT_009,LOT_009_C0367,0,normal
LOT_009,LOT_009_C0368,1,latent
LOT_009,LOT_009_C0369,0,normal
LOT_009,LOT_009_C0370,0,normal
LOT_009,LOT_009_C0371,0,normal
LOT_009,LOT_009_C0372,1,latent
LOT_009,LOT_009_C0373,0,normal
LOT_009,LOT_009_C0374,1,latent
LOT_009,LOT_009_C0375,0,normal
LOT_009,LOT_009_C0376,0,normal
LOT_009,LOT_009_C0377,0,normal
LOT_009,LOT_009_C0378,0,normal
LOT_009,LOT_009_C0379,0,normal
LOT_009,LOT_009_C0380,0,normal
LOT_009,LOT_009_C0381,0,normal
LOT_009,LOT_009_C0382,0,normal
LOT_009,LOT_009_C0383,0,normal
LOT_009,LOT_009_C0384,0,normal
LOT_009,LOT_009_C0385,0,normal
LOT_009,LOT_009_C0386,0,normal
LOT_009,LOT_009_C0387,0,normal
LOT_009,LOT_009_C0388,0,normal
LOT_009,LOT_009_C0389,0,normal
LOT_009,LOT_009_C0390,0,normal
LOT_009,LOT_009_C0391,0,normal
LOT_009,LOT_009_C0392,0,normal
LOT_009,LOT_009_C0393,0,normal
LOT_009,LOT_009_C0394,0,normal
LOT_009,LOT_009_C0395,0,normal
LOT_009,LOT_009_C0396,0,normal
LOT_009,LOT_009_C0397,0,normal
LOT_009,LOT_009_C0398,0,normal
LOT_009,LOT_009_C0399,0,normal
LOT_009,LOT_009_C0400,0,normal
LOT_009,LOT_009_C0401,0,normal
LOT_009,LOT_009_C0402,0,normal
LOT_009,LOT_009_C0403,0,normal
LOT_009,LOT_009_C0404,1,obvious
LOT_009,LOT_009_C0405,0,normal
LOT_009,LOT_009_C0406,0,normal
LOT_009,LOT_009_C0407,0,normal
LOT_009,LOT_009_C0408,0,normal
LOT_009,LOT_009_C0409,0,normal
LOT_009,LOT_009_C0410,0,normal
LOT_009,LOT_009_C0411,0,normal
LOT_009,LOT_009_C0412,0,normal
LOT_009,LOT_009_C0413,0,normal
LOT_009,LOT_009_C0414,0,normal
LOT_009,LOT_009_C0415,0,normal
LOT_009,LOT_009_C0416,0,normal
LOT_009,LOT_009_C0417,0,normal
LOT_009,LOT_009_C0418,0,normal
LOT_009,LOT_009_C0419,0,normal
LOT_009,LOT_009_C0420,0,normal
LOT_009,LOT_009_C0421,0,normal
LOT_009,LOT_009_C0422,0,normal
LOT_009,LOT_009_C0423,0,normal
LOT_009,LOT_009_C0424,0,normal
LOT_009,LOT_009_C0425,1,latent
LOT_009,LOT_009_C0426,0,normal
LOT_009,LOT_009_C0427,0,normal
LOT_009,LOT_009_C0428,1,latent
LOT_009,LOT_009_C0429,0,normal
LOT_009,LOT_009_C0430,0,normal
LOT_009,LOT_009_C0431,0,normal
LOT_009,LOT_009_C0432,0,normal
LOT_009,LOT_009_C0433,0,normal
LOT_009,LOT_009_C0434,0,normal
LOT_009,LOT_009_C0435,0,normal
LOT_009,LOT_009_C0436,0,normal
LOT_009,LOT_009_C0437,0,normal
LOT_009,LOT_009_C0438,0,normal
LOT_009,LOT_009_C0439,0,normal
LOT_009,LOT_009_C0440,0,normal
LOT_009,LOT_009_C0441,0,normal
LOT_009,LOT_009_C0442,1,latent
LOT_009,LOT_009_C0443,0,normal
LOT_009,LOT_009_C0444,0,normal
LOT_009,LOT_009_C0445,0,normal
LOT_009,LOT_009_C0446,0,normal
LOT_009,LOT_009_C0447,0,normal
LOT_009,LOT_009_C0448,0,normal
LOT_009,LOT_009_C0449,0,normal
LOT_009,LOT_009_C0450,0,normal
LOT_009,LOT_009_C0451,0,normal
LOT_009,LOT_009_C0452,0,normal
LOT_009,LOT_009_C0453,0,normal
LOT_009,LOT_009_C0454,0,normal
LOT_009,LOT_009_C0455,0,normal
LOT_009,LOT_009_C0456,1,latent
LOT_009,LOT_009_C0457,0,normal
LOT_009,LOT_009_C0458,0,normal
LOT_009,LOT_009_C0459,0,normal
LOT_009,LOT_009_C0460,0,normal
LOT_009,LOT_009_C0461,0,normal
LOT_009,LOT_009_C0462,1,latent
LOT_009,LOT_009_C0463,0,normal
LOT_009,LOT_009_C0464,0,normal
LOT_009,LOT_009_C0465,0,normal
LOT_009,LOT_009_C0466,0,normal
LOT_009,LOT_009_C0467,0,normal
LOT_009,LOT_009_C0468,0,normal
LOT_009,LOT_009_C0469,0,normal
LOT_009,LOT_009_C0470,0,normal
LOT_009,LOT_009_C0471,0,normal
LOT_009,LOT_009_C0472,0,normal
LOT_009,LOT_009_C0473,0,normal
LOT_009,LOT_009_C0474,0,normal
LOT_009,LOT_009_C0475,0,normal
LOT_009,LOT_009_C0476,0,normal
LOT_009,LOT_009_C0477,0,normal
LOT_009,LOT_009_C0478,0,normal
LOT_009,LOT_009_C0479,0,normal
LOT_009,LOT_009_C0480,0,normal
LOT_009,LOT_009_C0481,1,latent
LOT_009,LOT_009_C0482,0,normal
LOT_009,LOT_009_C0483,0,normal
LOT_009,LOT_009_C0484,0,normal
LOT_009,LOT_009_C0485,1,latent
LOT_009,LOT_009_C0486,0,normal
LOT_009,LOT_009_C0487,0,normal
LOT_009,LOT_009_C0488,0,normal
LOT_009,LOT_009_C0489,0,normal
LOT_009,LOT_009_C0490,0,normal
LOT_009,LOT_009_C0491,0,normal
LOT_009,LOT_009_C0492,0,normal
LOT_009,LOT_009_C0493,0,normal
LOT_009,LOT_009_C0494,0,normal
LOT_009,LOT_009_C0495,0,normal
LOT_009,LOT_009_C0496,0,normal
LOT_009,LOT_009_C0497,1,obvious
LOT_009,LOT_009_C0498,0,normal
LOT_009,LOT_009_C0499,0,normal
LOT_009,LOT_009_C0500,0,normal
LOT_009,LOT_009_C0501,0,normal
LOT_009,LOT_009_C0502,0,normal
LOT_009,LOT_009_C0503,1,latent
LOT_009,LOT_009_C0504,0,normal
LOT_009,LOT_009_C0505,0,normal
LOT_009,LOT_009_C0506,0,normal
LOT_009,LOT_009_C0507,0,normal
LOT_009,LOT_009_C0508,1,latent
LOT_009,LOT_009_C0509,0,normal
LOT_009,LOT_009_C0510,0,normal
LOT_009,LOT_009_C0511,0,normal
LOT_009,LOT_009_C0512,0,normal
LOT_009,LOT_009_C0513,0,normal
LOT_009,LOT_009_C0514,0,normal
LOT_009,LOT_009_C0515,0,normal
LOT_009,LOT_009_C0516,0,normal
LOT_009,LOT_009_C0517,0,normal
LOT_009,LOT_009_C0518,0,normal
LOT_009,LOT_009_C0519,0,normal
LOT_009,LOT_009_C0520,0,normal
LOT_009,LOT_009_C0521,0,normal
LOT_009,LOT_009_C0522,0,normal
LOT_009,LOT_009_C0523,1,latent
LOT_009,LOT_009_C0524,0,normal
LOT_009,LOT_009_C0525,1,latent
LOT_009,LOT_009_C0526,0,normal
LOT_009,LOT_009_C0527,0,normal
LOT_009,LOT_009_C0528,0,normal
LOT_009,LOT_009_C0529,0,normal
LOT_009,LOT_009_C0530,0,normal
LOT_009,LOT_009_C0531,0,normal
LOT_009,LOT_009_C0532,0,normal
LOT_009,LOT_009_C0533,0,normal
LOT_009,LOT_009_C0534,0,normal
LOT_009,LOT_009_C0535,0,normal
LOT_009,LOT_009_C0536,0,normal
LOT_009,LOT_009_C0537,0,normal
LOT_009,LOT_009_C0538,0,normal
LOT_009,LOT_009_C0539,0,normal
LOT_009,LOT_009_C0540,0,normal
LOT_009,LOT_009_C0541,0,normal
LOT_009,LOT_009_C0542,0,normal
LOT_009,LOT_009_C0543,0,normal
LOT_009,LOT_009_C0544,0,normal
LOT_009,LOT_009_C0545,0,normal
LOT_009,LOT_009_C0546,1,latent
LOT_009,LOT_009_C0547,0,normal
LOT_009,LOT_009_C0548,0,normal
LOT_009,LOT_009_C0549,0,normal
LOT_009,LOT_009_C0550,0,normal
LOT_009,LOT_009_C0551,0,normal
LOT_009,LOT_009_C0552,0,normal
LOT_009,LOT_009_C0553,0,normal
LOT_009,LOT_009_C0554,0,normal
LOT_009,LOT_009_C0555,0,normal
LOT_009,LOT_009_C0556,0,normal
LOT_009,LOT_009_C0557,0,normal
LOT_009,LOT_009_C0558,0,normal
LOT_009,LOT_009_C0559,1,latent
LOT_009,LOT_009_C0560,0,normal
LOT_009,LOT_009_C0561,1,latent
LOT_009,LOT_009_C0562,0,normal
LOT_009,LOT_009_C0563,0,normal
LOT_009,LOT_009_C0564,0,normal
LOT_009,LOT_009_C0565,0,normal
LOT_009,LOT_009_C0566,0,normal
LOT_009,LOT_009_C0567,0,normal
LOT_009,LOT_009_C0568,1,latent
LOT_009,LOT_009_C0569,0,normal
LOT_009,LOT_009_C0570,0,normal
LOT_009,LOT_009_C0571,0,normal
LOT_009,LOT_009_C0572,0,normal
LOT_009,LOT_009_C0573,0,normal
LOT_009,LOT_009_C0574,0,normal
LOT_009,LOT_009_C0575,0,normal
LOT_009,LOT_009_C0576,0,normal
LOT_009,LOT_009_C0577,0,normal
LOT_009,LOT_009_C0578,0,normal
LOT_009,LOT_009_C0579,0,normal
LOT_009,LOT_009_C0580,0,normal
LOT_009,LOT_009_C0581,0,normal
LOT_009,LOT_009_C0582,0,normal
LOT_009,LOT_009_C0583,0,normal
LOT_009,LOT_009_C0584,0,normal
LOT_009,LOT_009_C0585,0,normal
LOT_009,LOT_009_C0586,0,normal
LOT_009,LOT_009_C0587,0,normal
LOT_009,LOT_009_C0588,1,latent
LOT_009,LOT_009_C0589,0,normal
LOT_009,LOT_009_C0590,0,normal
LOT_009,LOT_009_C0591,0,normal
LOT_009,LOT_009_C0592,0,normal
LOT_009,LOT_009_C0593,1,latent
LOT_009,LOT_009_C0594,0,normal
LOT_009,LOT_009_C0595,0,normal
LOT_009,LOT_009_C0596,0,normal
LOT_009,LOT_009_C0597,0,normal
LOT_009,LOT_009_C0598,0,normal
LOT_009,LOT_009_C0599,0,normal
LOT_009,LOT_009_C0600,0,normal
LOT_009,LOT_009_C0601,0,normal
LOT_009,LOT_009_C0602,0,normal
LOT_009,LOT_009_C0603,0,normal
LOT_009,LOT_009_C0604,1,latent
LOT_009,LOT_009_C0605,0,normal
LOT_009,LOT_009_C0606,0,normal
LOT_009,LOT_009_C0607,0,normal
LOT_009,LOT_009_C0608,0,normal
LOT_009,LOT_009_C0609,0,normal
LOT_009,LOT_009_C0610,0,normal
LOT_009,LOT_009_C0611,0,normal
LOT_009,LOT_009_C0612,0,normal
LOT_009,LOT_009_C0613,0,normal
LOT_009,LOT_009_C0614,0,normal
LOT_009,LOT_009_C0615,0,normal
LOT_009,LOT_009_C0616,0,normal
LOT_009,LOT_009_C0617,0,normal
LOT_009,LOT_009_C0618,0,normal
LOT_009,LOT_009_C0619,0,normal
LOT_009,LOT_009_C0620,0,normal
LOT_009,LOT_009_C0621,0,normal
LOT_009,LOT_009_C0622,0,normal
LOT_009,LOT_009_C0623,0,normal
LOT_009,LOT_009_C0624,0,normal
LOT_009,LOT_009_C0625,0,normal
LOT_009,LOT_009_C0626,0,normal
LOT_009,LOT_009_C0627,0,normal
LOT_009,LOT_009_C0628,0,normal
LOT_009,LOT_009_C0629,0,normal
LOT_009,LOT_009_C0630,0,normal
LOT_009,LOT_009_C0631,1,latent
LOT_009,LOT_009_C0632,0,normal
LOT_009,LOT_009_C0633,0,normal
LOT_009,LOT_009_C0634,0,normal
LOT_009,LOT_009_C0635,0,normal
LOT_009,LOT_009_C0636,0,normal
LOT_009,LOT_009_C0637,0,normal
LOT_009,LOT_009_C0638,0,normal
LOT_009,LOT_009_C0639,0,normal
LOT_009,LOT_009_C0640,0,normal
LOT_009,LOT_009_C0641,0,normal
LOT_009,LOT_009_C0642,0,normal
LOT_009,LOT_009_C0643,0,normal
LOT_009,LOT_009_C0644,0,normal
LOT_009,LOT_009_C0645,0,normal
LOT_009,LOT_009_C0646,1,latent
LOT_009,LOT_009_C0647,0,normal
LOT_009,LOT_009_C0648,0,normal
LOT_009,LOT_009_C0649,1,latent
LOT_009,LOT_009_C0650,0,normal
LOT_009,LOT_009_C0651,0,normal
LOT_009,LOT_009_C0652,0,normal
LOT_009,LOT_009_C0653,0,normal
LOT_009,LOT_009_C0654,0,normal
LOT_009,LOT_009_C0655,0,normal
LOT_009,LOT_009_C0656,0,normal
LOT_009,LOT_009_C0657,0,normal
LOT_009,LOT_009_C0658,1,obvious
LOT_009,LOT_009_C0659,1,latent
LOT_009,LOT_009_C0660,0,normal
LOT_009,LOT_009_C0661,0,normal
LOT_009,LOT_009_C0662,0,normal
LOT_009,LOT_009_C0663,0,normal
LOT_009,LOT_009_C0664,1,latent
LOT_009,LOT_009_C0665,0,normal
LOT_009,LOT_009_C0666,0,normal
LOT_009,LOT_009_C0667,0,normal
LOT_009,LOT_009_C0668,0,normal
LOT_009,LOT_009_C0669,0,normal
LOT_009,LOT_009_C0670,0,normal
LOT_009,LOT_009_C0671,0,normal
LOT_009,LOT_009_C0672,0,normal
LOT_009,LOT_009_C0673,0,normal
LOT_009,LOT_009_C0674,0,normal
LOT_009,LOT_009_C0675,0,normal
LOT_009,LOT_009_C0676,0,normal
LOT_009,LOT_009_C0677,0,normal
LOT_009,LOT_009_C0678,0,normal
LOT_009,LOT_009_C0679,0,normal
LOT_009,LOT_009_C0680,0,normal
LOT_009,LOT_009_C0681,0,normal
LOT_009,LOT_009_C0682,0,normal
LOT_009,LOT_009_C0683,0,normal
LOT_009,LOT_009_C0684,0,normal
LOT_009,LOT_009_C0685,0,normal
LOT_009,LOT_009_C0686,0,normal
LOT_009,LOT_009_C0687,0,normal
LOT_009,LOT_009_C0688,0,normal
LOT_009,LOT_009_C0689,0,normal
LOT_009,LOT_009_C0690,0,normal
LOT_009,LOT_009_C0691,0,normal
LOT_009,LOT_009_C0692,0,normal
LOT_009,LOT_009_C0693,0,normal
LOT_009,LOT_009_C0694,0,normal
LOT_009,LOT_009_C0695,0,normal
LOT_009,LOT_009_C0696,0,normal
LOT_009,LOT_009_C0697,0,normal
LOT_009,LOT_009_C0698,0,normal
LOT_009,LOT_009_C0699,0,normal
LOT_009,LOT_009_C0700,0,normal
LOT_009,LOT_009_C0701,0,normal
LOT_009,LOT_009_C0702,0,normal
LOT_009,LOT_009_C0703,0,normal
LOT_009,LOT_009_C0704,0,normal
LOT_009,LOT_009_C0705,0,normal
LOT_009,LOT_009_C0706,0,normal
LOT_009,LOT_009_C0707,0,normal
LOT_009,LOT_009_C0708,0,normal
LOT_009,LOT_009_C0709,0,normal
LOT_009,LOT_009_C0710,0,normal
LOT_009,LOT_009_C0711,0,normal
LOT_009,LOT_009_C0712,0,normal
LOT_009,LOT_009_C0713,0,normal
LOT_009,LOT_009_C0714,0,normal
LOT_009,LOT_009_C0715,0,normal
LOT_009,LOT_009_C0716,0,normal
LOT_009,LOT_009_C0717,0,normal
LOT_009,LOT_009_C0718,0,normal
LOT_009,LOT_009_C0719,0,normal
LOT_009,LOT_009_C0720,0,normal
LOT_009,LOT_009_C0721,0,normal
LOT_009,LOT_009_C0722,0,normal
LOT_009,LOT_009_C0723,0,normal
LOT_009,LOT_009_C0724,0,normal
LOT_009,LOT_009_C0725,0,normal
LOT_009,LOT_009_C0726,0,normal
LOT_009,LOT_009_C0727,0,normal
LOT_009,LOT_009_C0728,0,normal
LOT_009,LOT_009_C0729,0,normal
LOT_009,LOT_009_C0730,0,normal
LOT_009,LOT_009_C0731,0,normal
LOT_009,LOT_009_C0732,0,normal
LOT_009,LOT_009_C0733,0,normal
LOT_009,LOT_009_C0734,0,normal
LOT_009,LOT_009_C0735,0,normal
LOT_009,LOT_009_C0736,0,normal
LOT_009,LOT_009_C0737,0,normal
LOT_009,LOT_009_C0738,0,normal
LOT_009,LOT_009_C0739,0,normal
LOT_009,LOT_009_C0740,0,normal
LOT_009,LOT_009_C0741,0,normal
LOT_009,LOT_009_C0742,0,normal
LOT_009,LOT_009_C0743,0,normal
LOT_009,LOT_009_C0744,0,normal
LOT_009,LOT_009_C0745,0,normal
LOT_009,LOT_009_C0746,0,normal
LOT_009,LOT_009_C0747,0,normal
LOT_009,LOT_009_C0748,0,normal
LOT_009,LOT_009_C0749,1,obvious
LOT_009,LOT_009_C0750,0,normal
LOT_009,LOT_009_C0751,0,normal
LOT_009,LOT_009_C0752,0,normal
LOT_009,LOT_009_C0753,0,normal
LOT_009,LOT_009_C0754,0,normal
LOT_009,LOT_009_C0755,0,normal
LOT_009,LOT_009_C0756,0,normal
LOT_009,LOT_009_C0757,0,normal
LOT_009,LOT_009_C0758,0,normal
LOT_009,LOT_009_C0759,0,normal
LOT_009,LOT_009_C0760,0,normal
LOT_009,LOT_009_C0761,0,normal
LOT_009,LOT_009_C0762,0,normal
LOT_009,LOT_009_C0763,0,normal
LOT_009,LOT_009_C0764,0,normal
LOT_009,LOT_009_C0765,1,latent
LOT_009,LOT_009_C0766,0,normal
LOT_009,LOT_009_C0767,0,normal
LOT_009,LOT_009_C0768,0,normal
LOT_009,LOT_009_C0769,0,normal
LOT_009,LOT_009_C0770,0,normal
LOT_009,LOT_009_C0771,0,normal
LOT_009,LOT_009_C0772,0,normal
LOT_009,LOT_009_C0773,0,normal
LOT_009,LOT_009_C0774,0,normal
LOT_009,LOT_009_C0775,0,normal
LOT_009,LOT_009_C0776,0,normal
LOT_009,LOT_009_C0777,0,normal
LOT_009,LOT_009_C0778,0,normal
LOT_009,LOT_009_C0779,0,normal
LOT_009,LOT_009_C0780,0,normal
LOT_009,LOT_009_C0781,0,normal
LOT_009,LOT_009_C0782,0,normal
LOT_009,LOT_009_C0783,0,normal
LOT_009,LOT_009_C0784,0,normal
LOT_009,LOT_009_C0785,0,normal
LOT_009,LOT_009_C0786,0,normal
LOT_009,LOT_009_C0787,0,normal
LOT_009,LOT_009_C0788,0,normal
LOT_009,LOT_009_C0789,0,normal
LOT_009,LOT_009_C0790,0,normal
LOT_009,LOT_009_C0791,0,normal
LOT_009,LOT_009_C0792,0,normal
LOT_009,LOT_009_C0793,0,normal
LOT_009,LOT_009_C0794,0,normal
LOT_009,LOT_009_C0795,0,normal
LOT_009,LOT_009_C0796,0,normal
LOT_009,LOT_009_C0797,0,normal
LOT_009,LOT_009_C0798,1,latent
LOT_009,LOT_009_C0799,0,normal
LOT_009,LOT_009_C0800,1,obvious
LOT_009,LOT_009_C0801,0,normal
LOT_009,LOT_009_C0802,0,normal
LOT_009,LOT_009_C0803,0,normal
LOT_009,LOT_009_C0804,1,obvious
LOT_009,LOT_009_C0805,0,normal
LOT_009,LOT_009_C0806,1,latent
LOT_009,LOT_009_C0807,0,normal
LOT_009,LOT_009_C0808,0,normal
LOT_009,LOT_009_C0809,0,normal
LOT_009,LOT_009_C0810,0,normal
LOT_009,LOT_009_C0811,0,normal
LOT_009,LOT_009_C0812,0,normal
LOT_009,LOT_009_C0813,0,normal
LOT_009,LOT_009_C0814,0,normal
LOT_009,LOT_009_C0815,0,normal
LOT_009,LOT_009_C0816,0,normal
LOT_009,LOT_009_C0817,0,normal
LOT_009,LOT_009_C0818,0,normal
LOT_009,LOT_009_C0819,0,normal
LOT_009,LOT_009_C0820,0,normal
LOT_009,LOT_009_C0821,0,normal
LOT_009,LOT_009_C0822,0,normal
LOT_009,LOT_009_C0823,0,normal
LOT_009,LOT_009_C0824,0,normal
LOT_009,LOT_009_C0825,0,normal
LOT_009,LOT_009_C0826,0,normal
LOT_009,LOT_009_C0827,0,normal
LOT_009,LOT_009_C0828,0,normal
LOT_009,LOT_009_C0829,0,normal
LOT_009,LOT_009_C0830,0,normal
LOT_009,LOT_009_C0831,1,latent
LOT_009,LOT_009_C0832,0,normal
LOT_009,LOT_009_C0833,1,latent
LOT_009,LOT_009_C0834,0,normal
LOT_009,LOT_009_C0835,0,normal
LOT_009,LOT_009_C0836,0,normal
LOT_009,LOT_009_C0837,0,normal
LOT_009,LOT_009_C0838,1,latent
LOT_009,LOT_009_C0839,0,normal
LOT_009,LOT_009_C0840,0,normal
LOT_009,LOT_009_C0841,0,normal
LOT_009,LOT_009_C0842,0,normal
LOT_009,LOT_009_C0843,0,normal
LOT_009,LOT_009_C0844,0,normal
LOT_009,LOT_009_C0845,0,normal
LOT_009,LOT_009_C0846,0,normal
LOT_009,LOT_009_C0847,0,normal
LOT_009,LOT_009_C0848,0,normal
LOT_009,LOT_009_C0849,0,normal
LOT_009,LOT_009_C0850,0,normal
LOT_009,LOT_009_C0851,0,normal
LOT_009,LOT_009_C0852,0,normal
LOT_009,LOT_009_C0853,0,normal
LOT_009,LOT_009_C0854,0,normal
LOT_009,LOT_009_C0855,0,normal
LOT_009,LOT_009_C0856,0,normal
LOT_009,LOT_009_C0857,0,normal
LOT_009,LOT_009_C0858,0,normal
LOT_009,LOT_009_C0859,0,normal
LOT_009,LOT_009_C0860,0,normal
LOT_009,LOT_009_C0861,0,normal
LOT_009,LOT_009_C0862,0,normal
LOT_009,LOT_009_C0863,0,normal
LOT_009,LOT_009_C0864,0,normal
LOT_009,LOT_009_C0865,0,normal
LOT_009,LOT_009_C0866,0,normal
LOT_009,LOT_009_C0867,0,normal
LOT_009,LOT_009_C0868,0,normal
LOT_009,LOT_009_C0869,0,normal
LOT_009,LOT_009_C0870,0,normal
LOT_009,LOT_009_C0871,0,normal
LOT_009,LOT_009_C0872,0,normal
LOT_009,LOT_009_C0873,0,normal
LOT_009,LOT_009_C0874,0,normal
LOT_009,LOT_009_C0875,0,normal
LOT_009,LOT_009_C0876,0,normal
LOT_009,LOT_009_C0877,0,normal
LOT_009,LOT_009_C0878,0,normal
LOT_009,LOT_009_C0879,0,normal
LOT_009,LOT_009_C0880,0,normal
LOT_009,LOT_009_C0881,0,normal
LOT_009,LOT_009_C0882,0,normal
LOT_009,LOT_009_C0883,0,normal
LOT_009,LOT_009_C0884,0,normal
LOT_009,LOT_009_C0885,0,normal
LOT_009,LOT_009_C0886,0,normal
LOT_009,LOT_009_C0887,0,normal
LOT_009,LOT_009_C0888,0,normal
LOT_009,LOT_009_C0889,0,normal
LOT_009,LOT_009_C0890,0,normal
LOT_009,LOT_009_C0891,0,normal
LOT_009,LOT_009_C0892,0,normal
LOT_009,LOT_009_C0893,0,normal
LOT_009,LOT_009_C0894,0,normal
LOT_009,LOT_009_C0895,1,obvious
LOT_009,LOT_009_C0896,0,normal
LOT_009,LOT_009_C0897,0,normal
LOT_009,LOT_009_C0898,0,normal
LOT_009,LOT_009_C0899,0,normal
LOT_009,LOT_009_C0900,0,normal
LOT_009,LOT_009_C0901,0,normal
LOT_009,LOT_009_C0902,0,normal
LOT_009,LOT_009_C0903,0,normal
LOT_009,LOT_009_C0904,1,latent
LOT_009,LOT_009_C0905,0,normal
LOT_009,LOT_009_C0906,0,normal
LOT_009,LOT_009_C0907,1,latent
LOT_009,LOT_009_C0908,0,normal
LOT_009,LOT_009_C0909,0,normal
LOT_009,LOT_009_C0910,0,normal
LOT_009,LOT_009_C0911,0,normal
LOT_009,LOT_009_C0912,0,normal
LOT_009,LOT_009_C0913,0,normal
LOT_009,LOT_009_C0914,0,normal
LOT_009,LOT_009_C0915,1,latent
LOT_009,LOT_009_C0916,0,normal
LOT_009,LOT_009_C0917,0,normal
LOT_009,LOT_009_C0918,0,normal
LOT_009,LOT_009_C0919,0,normal
LOT_009,LOT_009_C0920,0,normal
LOT_009,LOT_009_C0921,0,normal
LOT_009,LOT_009_C0922,0,normal
LOT_009,LOT_009_C0923,0,normal
LOT_009,LOT_009_C0924,0,normal
LOT_009,LOT_009_C0925,0,normal
LOT_009,LOT_009_C0926,0,normal
LOT_009,LOT_009_C0927,1,obvious
LOT_009,LOT_009_C0928,0,normal
LOT_009,LOT_009_C0929,0,normal
LOT_009,LOT_009_C0930,0,normal
LOT_009,LOT_009_C0931,0,normal
LOT_009,LOT_009_C0932,0,normal
LOT_009,LOT_009_C0933,0,normal
LOT_009,LOT_009_C0934,0,normal
LOT_009,LOT_009_C0935,1,latent
LOT_009,LOT_009_C0936,0,normal
LOT_009,LOT_009_C0937,0,normal
LOT_009,LOT_009_C0938,0,normal
LOT_009,LOT_009_C0939,0,normal
LOT_009,LOT_009_C0940,0,normal
LOT_009,LOT_009_C0941,0,normal
LOT_009,LOT_009_C0942,0,normal
LOT_009,LOT_009_C0943,0,normal
LOT_009,LOT_009_C0944,0,normal
LOT_009,LOT_009_C0945,1,latent
LOT_009,LOT_009_C0946,0,normal
LOT_009,LOT_009_C0947,0,normal
LOT_009,LOT_009_C0948,0,normal
LOT_009,LOT_009_C0949,0,normal
LOT_009,LOT_009_C0950,0,normal
LOT_009,LOT_009_C0951,0,normal
LOT_009,LOT_009_C0952,0,normal
LOT_009,LOT_009_C0953,0,normal
LOT_009,LOT_009_C0954,0,normal
LOT_009,LOT_009_C0955,0,normal
LOT_009,LOT_009_C0956,0,normal
LOT_009,LOT_009_C0957,0,normal
LOT_009,LOT_009_C0958,0,normal
LOT_009,LOT_009_C0959,0,normal
LOT_009,LOT_009_C0960,0,normal
LOT_009,LOT_009_C0961,0,normal
LOT_009,LOT_009_C0962,0,normal
LOT_009,LOT_009_C0963,0,normal
LOT_009,LOT_009_C0964,0,normal
LOT_009,LOT_009_C0965,0,normal
LOT_009,LOT_009_C0966,1,latent
LOT_009,LOT_009_C0967,0,normal
LOT_009,LOT_009_C0968,0,normal
LOT_009,LOT_009_C0969,0,normal
LOT_010,LOT_010_C0000,1,obvious
LOT_010,LOT_010_C0001,0,normal
LOT_010,LOT_010_C0002,0,normal
LOT_010,LOT_010_C0003,0,normal
LOT_010,LOT_010_C0004,0,normal
LOT_010,LOT_010_C0005,0,normal
LOT_010,LOT_010_C0006,0,normal
LOT_010,LOT_010_C0007,1,latent
LOT_010,LOT_010_C0008,0,normal
LOT_010,LOT_010_C0009,0,normal
LOT_010,LOT_010_C0010,0,normal
LOT_010,LOT_010_C0011,0,normal
LOT_010,LOT_010_C0012,0,normal
LOT_010,LOT_010_C0013,0,normal
LOT_010,LOT_010_C0014,0,normal
LOT_010,LOT_010_C0015,0,normal
LOT_010,LOT_010_C0016,0,normal
LOT_010,LOT_010_C0017,0,normal
LOT_010,LOT_010_C0018,0,normal
LOT_010,LOT_010_C0019,0,normal
LOT_010,LOT_010_C0020,0,normal
LOT_010,LOT_010_C0021,0,normal
LOT_010,LOT_010_C0022,0,normal
LOT_010,LOT_010_C0023,0,normal
LOT_010,LOT_010_C0024,0,normal
LOT_010,LOT_010_C0025,0,normal
LOT_010,LOT_010_C0026,0,normal
LOT_010,LOT_010_C0027,0,normal
LOT_010,LOT_010_C0028,0,normal
LOT_010,LOT_010_C0029,0,normal
LOT_010,LOT_010_C0030,0,normal
LOT_010,LOT_010_C0031,1,latent
LOT_010,LOT_010_C0032,0,normal
LOT_010,LOT_010_C0033,0,normal
LOT_010,LOT_010_C0034,0,normal
LOT_010,LOT_010_C0035,0,normal
LOT_010,LOT_010_C0036,0,normal
LOT_010,LOT_010_C0037,0,normal
LOT_010,LOT_010_C0038,0,normal
LOT_010,LOT_010_C0039,0,normal
LOT_010,LOT_010_C0040,0,normal
LOT_010,LOT_010_C0041,0,normal
LOT_010,LOT_010_C0042,0,normal
LOT_010,LOT_010_C0043,0,normal
LOT_010,LOT_010_C0044,0,normal
LOT_010,LOT_010_C0045,0,normal
LOT_010,LOT_010_C0046,0,normal
LOT_010,LOT_010_C0047,0,normal
LOT_010,LOT_010_C0048,0,normal
LOT_010,LOT_010_C0049,0,normal
LOT_010,LOT_010_C0050,0,normal
LOT_010,LOT_010_C0051,0,normal
LOT_010,LOT_010_C0052,0,normal
LOT_010,LOT_010_C0053,0,normal
LOT_010,LOT_010_C0054,0,normal
LOT_010,LOT_010_C0055,0,normal
LOT_010,LOT_010_C0056,0,normal
LOT_010,LOT_010_C0057,1,obvious
LOT_010,LOT_010_C0058,0,normal
LOT_010,LOT_010_C0059,0,normal
LOT_010,LOT_010_C0060,0,normal
LOT_010,LOT_010_C0061,0,normal
LOT_010,LOT_010_C0062,0,normal
LOT_010,LOT_010_C0063,0,normal
LOT_010,LOT_010_C0064,0,normal
LOT_010,LOT_010_C0065,0,normal
LOT_010,LOT_010_C0066,1,latent
LOT_010,LOT_010_C0067,0,normal
LOT_010,LOT_010_C0068,0,normal
LOT_010,LOT_010_C0069,0,normal
LOT_010,LOT_010_C0070,0,normal
LOT_010,LOT_010_C0071,0,normal
LOT_010,LOT_010_C0072,0,normal
LOT_010,LOT_010_C0073,0,normal
LOT_010,LOT_010_C0074,0,normal
LOT_010,LOT_010_C0075,0,normal
LOT_010,LOT_010_C0076,0,normal
LOT_010,LOT_010_C0077,1,latent
LOT_010,LOT_010_C0078,0,normal
LOT_010,LOT_010_C0079,0,normal
LOT_010,LOT_010_C0080,0,normal
LOT_010,LOT_010_C0081,0,normal
LOT_010,LOT_010_C0082,0,normal
LOT_010,LOT_010_C0083,0,normal
LOT_010,LOT_010_C0084,0,normal
LOT_010,LOT_010_C0085,0,normal
LOT_010,LOT_010_C0086,0,normal
LOT_010,LOT_010_C0087,0,normal
LOT_010,LOT_010_C0088,1,latent
LOT_010,LOT_010_C0089,0,normal
LOT_010,LOT_010_C0090,0,normal
LOT_010,LOT_010_C0091,0,normal
LOT_010,LOT_010_C0092,0,normal
LOT_010,LOT_010_C0093,0,normal
LOT_010,LOT_010_C0094,0,normal
LOT_010,LOT_010_C0095,1,latent
LOT_010,LOT_010_C0096,0,normal
LOT_010,LOT_010_C0097,0,normal
LOT_010,LOT_010_C0098,0,normal
LOT_010,LOT_010_C0099,0,normal
LOT_010,LOT_010_C0100,0,normal
LOT_010,LOT_010_C0101,0,normal
LOT_010,LOT_010_C0102,0,normal
LOT_010,LOT_010_C0103,0,normal
LOT_010,LOT_010_C0104,0,normal
LOT_010,LOT_010_C0105,0,normal
LOT_010,LOT_010_C0106,0,normal
LOT_010,LOT_010_C0107,0,normal
LOT_010,LOT_010_C0108,1,latent
LOT_010,LOT_010_C0109,0,normal
LOT_010,LOT_010_C0110,0,normal
LOT_010,LOT_010_C0111,0,normal
LOT_010,LOT_010_C0112,0,normal
LOT_010,LOT_010_C0113,0,normal
LOT_010,LOT_010_C0114,0,normal
LOT_010,LOT_010_C0115,0,normal
LOT_010,LOT_010_C0116,0,normal
LOT_010,LOT_010_C0117,1,latent
LOT_010,LOT_010_C0118,0,normal
LOT_010,LOT_010_C0119,0,normal
LOT_010,LOT_010_C0120,0,normal
LOT_010,LOT_010_C0121,0,normal
LOT_010,LOT_010_C0122,0,normal
LOT_010,LOT_010_C0123,0,normal
LOT_010,LOT_010_C0124,0,normal
LOT_010,LOT_010_C0125,0,normal
LOT_010,LOT_010_C0126,0,normal
LOT_010,LOT_010_C0127,0,normal
LOT_010,LOT_010_C0128,0,normal
LOT_010,LOT_010_C0129,0,normal
LOT_010,LOT_010_C0130,0,normal
LOT_010,LOT_010_C0131,0,normal
LOT_010,LOT_010_C0132,0,normal
LOT_010,LOT_010_C0133,0,normal
LOT_010,LOT_010_C0134,0,normal
LOT_010,LOT_010_C0135,0,normal
LOT_010,LOT_010_C0136,0,normal
LOT_010,LOT_010_C0137,0,normal
LOT_010,LOT_010_C0138,1,latent
LOT_010,LOT_010_C0139,0,normal
LOT_010,LOT_010_C0140,0,normal
LOT_010,LOT_010_C0141,0,normal
LOT_010,LOT_010_C0142,0,normal
LOT_010,LOT_010_C0143,0,normal
LOT_010,LOT_010_C0144,0,normal
LOT_010,LOT_010_C0145,0,normal
LOT_010,LOT_010_C0146,0,normal
LOT_010,LOT_010_C0147,0,normal
LOT_010,LOT_010_C0148,0,normal
LOT_010,LOT_010_C0149,0,normal
LOT_010,LOT_010_C0150,0,normal
LOT_010,LOT_010_C0151,0,normal
LOT_010,LOT_010_C0152,0,normal
LOT_010,LOT_010_C0153,0,normal
LOT_010,LOT_010_C0154,0,normal
LOT_010,LOT_010_C0155,0,normal
LOT_010,LOT_010_C0156,0,normal
LOT_010,LOT_010_C0157,0,normal
LOT_010,LOT_010_C0158,0,normal
LOT_010,LOT_010_C0159,0,normal
LOT_010,LOT_010_C0160,0,normal
LOT_010,LOT_010_C0161,0,normal
LOT_010,LOT_010_C0162,0,normal
LOT_010,LOT_010_C0163,0,normal
LOT_010,LOT_010_C0164,0,normal
LOT_010,LOT_010_C0165,0,normal
LOT_010,LOT_010_C0166,0,normal
LOT_010,LOT_010_C0167,1,obvious
LOT_010,LOT_010_C0168,0,normal
LOT_010,LOT_010_C0169,0,normal
LOT_010,LOT_010_C0170,0,normal
LOT_010,LOT_010_C0171,0,normal
LOT_010,LOT_010_C0172,0,normal
LOT_010,LOT_010_C0173,0,normal
LOT_010,LOT_010_C0174,0,normal
LOT_010,LOT_010_C0175,0,normal
LOT_010,LOT_010_C0176,0,normal
LOT_010,LOT_010_C0177,0,normal
LOT_010,LOT_010_C0178,0,normal
LOT_010,LOT_010_C0179,0,normal
LOT_010,LOT_010_C0180,0,normal
LOT_010,LOT_010_C0181,0,normal
LOT_010,LOT_010_C0182,0,normal
LOT_010,LOT_010_C0183,1,latent
LOT_010,LOT_010_C0184,0,normal
LOT_010,LOT_010_C0185,0,normal
LOT_010,LOT_010_C0186,0,normal
LOT_010,LOT_010_C0187,0,normal
LOT_010,LOT_010_C0188,0,normal
LOT_010,LOT_010_C0189,0,normal
LOT_010,LOT_010_C0190,0,normal
LOT_010,LOT_010_C0191,0,normal
LOT_010,LOT_010_C0192,0,normal
LOT_010,LOT_010_C0193,0,normal
LOT_010,LOT_010_C0194,0,normal
LOT_010,LOT_010_C0195,0,normal
LOT_010,LOT_010_C0196,0,normal
LOT_010,LOT_010_C0197,0,normal
LOT_010,LOT_010_C0198,0,normal
LOT_010,LOT_010_C0199,0,normal
LOT_010,LOT_010_C0200,0,normal
LOT_010,LOT_010_C0201,0,normal
LOT_010,LOT_010_C0202,0,normal
LOT_010,LOT_010_C0203,0,normal
LOT_010,LOT_010_C0204,0,normal
LOT_010,LOT_010_C0205,0,normal
LOT_010,LOT_010_C0206,0,normal
LOT_010,LOT_010_C0207,0,normal
LOT_010,LOT_010_C0208,0,normal
LOT_010,LOT_010_C0209,0,normal
LOT_010,LOT_010_C0210,0,normal
LOT_010,LOT_010_C0211,1,obvious
LOT_010,LOT_010_C0212,0,normal
LOT_010,LOT_010_C0213,0,normal
LOT_010,LOT_010_C0214,0,normal
LOT_010,LOT_010_C0215,0,normal
LOT_010,LOT_010_C0216,0,normal
LOT_010,LOT_010_C0217,0,normal
LOT_010,LOT_010_C0218,0,normal
LOT_010,LOT_010_C0219,0,normal
LOT_010,LOT_010_C0220,0,normal
LOT_010,LOT_010_C0221,0,normal
LOT_010,LOT_010_C0222,0,normal
LOT_010,LOT_010_C0223,0,normal
LOT_010,LOT_010_C0224,1,latent
LOT_010,LOT_010_C0225,0,normal
LOT_010,LOT_010_C0226,0,normal
LOT_010,LOT_010_C0227,0,normal
LOT_010,LOT_010_C0228,0,normal
LOT_010,LOT_010_C0229,0,normal
LOT_010,LOT_010_C0230,0,normal
LOT_010,LOT_010_C0231,0,normal
LOT_010,LOT_010_C0232,0,normal
LOT_010,LOT_010_C0233,0,normal
LOT_010,LOT_010_C0234,0,normal
LOT_010,LOT_010_C0235,0,normal
LOT_010,LOT_010_C0236,0,normal
LOT_010,LOT_010_C0237,0,normal
LOT_010,LOT_010_C0238,0,normal
LOT_010,LOT_010_C0239,0,normal
LOT_010,LOT_010_C0240,0,normal
LOT_010,LOT_010_C0241,0,normal
LOT_010,LOT_010_C0242,0,normal
LOT_010,LOT_010_C0243,1,latent
LOT_010,LOT_010_C0244,0,normal
LOT_010,LOT_010_C0245,0,normal
LOT_010,LOT_010_C0246,0,normal
LOT_010,LOT_010_C0247,0,normal
LOT_010,LOT_010_C0248,0,normal
LOT_010,LOT_010_C0249,0,normal
LOT_010,LOT_010_C0250,0,normal
LOT_010,LOT_010_C0251,0,normal
LOT_010,LOT_010_C0252,1,latent
LOT_010,LOT_010_C0253,0,normal
LOT_010,LOT_010_C0254,0,normal
LOT_010,LOT_010_C0255,0,normal
LOT_010,LOT_010_C0256,0,normal
LOT_010,LOT_010_C0257,1,latent
LOT_010,LOT_010_C0258,0,normal
LOT_010,LOT_010_C0259,0,normal
LOT_010,LOT_010_C0260,0,normal
LOT_010,LOT_010_C0261,0,normal
LOT_010,LOT_010_C0262,0,normal
LOT_010,LOT_010_C0263,0,normal
LOT_010,LOT_010_C0264,0,normal
LOT_010,LOT_010_C0265,0,normal
LOT_010,LOT_010_C0266,0,normal
LOT_010,LOT_010_C0267,0,normal
LOT_010,LOT_010_C0268,0,normal
LOT_010,LOT_010_C0269,0,normal
LOT_010,LOT_010_C0270,0,normal
LOT_010,LOT_010_C0271,0,normal
LOT_010,LOT_010_C0272,0,normal
LOT_010,LOT_010_C0273,0,normal
LOT_010,LOT_010_C0274,0,normal
LOT_010,LOT_010_C0275,0,normal
LOT_010,LOT_010_C0276,0,normal
LOT_010,LOT_010_C0277,0,normal
LOT_010,LOT_010_C0278,0,normal
LOT_010,LOT_010_C0279,0,normal
LOT_010,LOT_010_C0280,0,normal
LOT_010,LOT_010_C0281,0,normal
LOT_010,LOT_010_C0282,0,normal
LOT_010,LOT_010_C0283,0,normal
LOT_010,LOT_010_C0284,0,normal
LOT_010,LOT_010_C0285,0,normal
LOT_010,LOT_010_C0286,0,normal
LOT_010,LOT_010_C0287,0,normal
LOT_010,LOT_010_C0288,0,normal
LOT_010,LOT_010_C0289,0,normal
LOT_010,LOT_010_C0290,0,normal
LOT_010,LOT_010_C0291,0,normal
LOT_010,LOT_010_C0292,0,normal
LOT_010,LOT_010_C0293,0,normal
LOT_010,LOT_010_C0294,0,normal
LOT_010,LOT_010_C0295,0,normal
LOT_010,LOT_010_C0296,0,normal
LOT_010,LOT_010_C0297,0,normal
LOT_010,LOT_010_C0298,0,normal
LOT_010,LOT_010_C0299,0,normal
LOT_010,LOT_010_C0300,0,normal
LOT_010,LOT_010_C0301,0,normal
LOT_010,LOT_010_C0302,0,normal
LOT_010,LOT_010_C0303,0,normal
LOT_010,LOT_010_C0304,0,normal
LOT_010,LOT_010_C0305,0,normal
LOT_010,LOT_010_C0306,0,normal
LOT_010,LOT_010_C0307,0,normal
LOT_010,LOT_010_C0308,0,normal
LOT_010,LOT_010_C0309,0,normal
LOT_010,LOT_010_C0310,1,latent
LOT_010,LOT_010_C0311,0,normal
LOT_010,LOT_010_C0312,0,normal
LOT_010,LOT_010_C0313,0,normal
LOT_010,LOT_010_C0314,0,normal
LOT_010,LOT_010_C0315,0,normal
LOT_010,LOT_010_C0316,0,normal
LOT_010,LOT_010_C0317,0,normal
LOT_010,LOT_010_C0318,0,normal
LOT_010,LOT_010_C0319,0,normal
LOT_010,LOT_010_C0320,0,normal
LOT_010,LOT_010_C0321,0,normal
LOT_010,LOT_010_C0322,0,normal
LOT_010,LOT_010_C0323,0,normal
LOT_010,LOT_010_C0324,0,normal
LOT_010,LOT_010_C0325,0,normal
LOT_010,LOT_010_C0326,0,normal
LOT_010,LOT_010_C0327,0,normal
LOT_010,LOT_010_C0328,0,normal
LOT_010,LOT_010_C0329,1,latent
LOT_010,LOT_010_C0330,0,normal
LOT_010,LOT_010_C0331,0,normal
LOT_010,LOT_010_C0332,0,normal
LOT_010,LOT_010_C0333,0,normal
LOT_010,LOT_010_C0334,1,latent
LOT_010,LOT_010_C0335,1,latent
LOT_010,LOT_010_C0336,0,normal
LOT_010,LOT_010_C0337,0,normal
LOT_010,LOT_010_C0338,0,normal
LOT_010,LOT_010_C0339,0,normal
LOT_010,LOT_010_C0340,0,normal
LOT_010,LOT_010_C0341,0,normal
LOT_010,LOT_010_C0342,0,normal
LOT_010,LOT_010_C0343,0,normal
LOT_010,LOT_010_C0344,0,normal
LOT_010,LOT_010_C0345,0,normal
LOT_010,LOT_010_C0346,0,normal
LOT_010,LOT_010_C0347,0,normal
LOT_010,LOT_010_C0348,0,normal
LOT_010,LOT_010_C0349,0,normal
LOT_010,LOT_010_C0350,0,normal
LOT_010,LOT_010_C0351,0,normal
LOT_010,LOT_010_C0352,0,normal
LOT_010,LOT_010_C0353,0,normal
LOT_010,LOT_010_C0354,0,normal
LOT_010,LOT_010_C0355,0,normal
LOT_010,LOT_010_C0356,1,latent
LOT_010,LOT_010_C0357,0,normal
LOT_010,LOT_010_C0358,1,obvious
LOT_010,LOT_010_C0359,1,latent
LOT_010,LOT_010_C0360,0,normal
LOT_010,LOT_010_C0361,0,normal
LOT_010,LOT_010_C0362,0,normal
LOT_010,LOT_010_C0363,0,normal
LOT_010,LOT_010_C0364,0,normal
LOT_010,LOT_010_C0365,0,normal
LOT_010,LOT_010_C0366,0,normal
LOT_010,LOT_010_C0367,0,normal
LOT_010,LOT_010_C0368,0,normal
LOT_010,LOT_010_C0369,0,normal
LOT_010,LOT_010_C0370,0,normal
LOT_010,LOT_010_C0371,0,normal
LOT_010,LOT_010_C0372,0,normal
LOT_010,LOT_010_C0373,0,normal
LOT_010,LOT_010_C0374,0,normal
LOT_010,LOT_010_C0375,0,normal
LOT_010,LOT_010_C0376,0,normal
LOT_010,LOT_010_C0377,0,normal
LOT_010,LOT_010_C0378,0,normal
LOT_010,LOT_010_C0379,0,normal
LOT_010,LOT_010_C0380,0,normal
LOT_010,LOT_010_C0381,0,normal
LOT_010,LOT_010_C0382,0,normal
LOT_010,LOT_010_C0383,0,normal
LOT_010,LOT_010_C0384,0,normal
LOT_010,LOT_010_C0385,0,normal
LOT_010,LOT_010_C0386,0,normal
LOT_010,LOT_010_C0387,0,normal
LOT_010,LOT_010_C0388,0,normal
LOT_010,LOT_010_C0389,0,normal
LOT_010,LOT_010_C0390,0,normal
LOT_010,LOT_010_C0391,0,normal
LOT_010,LOT_010_C0392,0,normal
LOT_010,LOT_010_C0393,0,normal
LOT_010,LOT_010_C0394,0,normal
LOT_010,LOT_010_C0395,0,normal
LOT_010,LOT_010_C0396,0,normal
LOT_010,LOT_010_C0397,0,normal
LOT_010,LOT_010_C0398,0,normal
LOT_010,LOT_010_C0399,1,latent
LOT_010,LOT_010_C0400,0,normal
LOT_010,LOT_010_C0401,0,normal
LOT_010,LOT_010_C0402,1,latent
LOT_010,LOT_010_C0403,0,normal
LOT_010,LOT_010_C0404,0,normal
LOT_010,LOT_010_C0405,0,normal
LOT_010,LOT_010_C0406,0,normal
LOT_010,LOT_010_C0407,1,latent
LOT_010,LOT_010_C0408,0,normal
LOT_010,LOT_010_C0409,0,normal
LOT_010,LOT_010_C0410,0,normal
LOT_010,LOT_010_C0411,0,normal
LOT_010,LOT_010_C0412,0,normal
LOT_010,LOT_010_C0413,0,normal
LOT_010,LOT_010_C0414,0,normal
LOT_010,LOT_010_C0415,0,normal
LOT_010,LOT_010_C0416,1,latent
LOT_010,LOT_010_C0417,0,normal
LOT_010,LOT_010_C0418,0,normal
LOT_010,LOT_010_C0419,0,normal
LOT_010,LOT_010_C0420,0,normal
LOT_010,LOT_010_C0421,0,normal
LOT_010,LOT_010_C0422,0,normal
LOT_010,LOT_010_C0423,0,normal
LOT_010,LOT_010_C0424,0,normal
LOT_010,LOT_010_C0425,0,normal
LOT_010,LOT_010_C0426,0,normal
LOT_010,LOT_010_C0427,1,latent
LOT_010,LOT_010_C0428,0,normal
LOT_010,LOT_010_C0429,0,normal
LOT_010,LOT_010_C0430,0,normal
LOT_010,LOT_010_C0431,0,normal
LOT_010,LOT_010_C0432,0,normal
LOT_010,LOT_010_C0433,0,normal
LOT_010,LOT_010_C0434,0,normal
LOT_010,LOT_010_C0435,0,normal
LOT_010,LOT_010_C0436,0,normal
LOT_010,LOT_010_C0437,0,normal
LOT_010,LOT_010_C0438,0,normal
LOT_010,LOT_010_C0439,0,normal
LOT_010,LOT_010_C0440,0,normal
LOT_010,LOT_010_C0441,1,obvious
LOT_010,LOT_010_C0442,0,normal
LOT_010,LOT_010_C0443,0,normal
LOT_010,LOT_010_C0444,0,normal
LOT_010,LOT_010_C0445,1,latent
LOT_010,LOT_010_C0446,0,normal
LOT_010,LOT_010_C0447,1,latent
LOT_010,LOT_010_C0448,0,normal
LOT_010,LOT_010_C0449,0,normal
LOT_010,LOT_010_C0450,0,normal
LOT_010,LOT_010_C0451,0,normal
LOT_010,LOT_010_C0452,1,latent
LOT_010,LOT_010_C0453,0,normal
LOT_010,LOT_010_C0454,0,normal
LOT_010,LOT_010_C0455,0,normal
LOT_010,LOT_010_C0456,0,normal
LOT_010,LOT_010_C0457,0,normal
LOT_010,LOT_010_C0458,0,normal
LOT_010,LOT_010_C0459,0,normal
LOT_010,LOT_010_C0460,0,normal
LOT_010,LOT_010_C0461,0,normal
LOT_010,LOT_010_C0462,0,normal
LOT_010,LOT_010_C0463,0,normal
LOT_010,LOT_010_C0464,0,normal
LOT_010,LOT_010_C0465,0,normal
LOT_010,LOT_010_C0466,0,normal
LOT_010,LOT_010_C0467,1,latent
LOT_010,LOT_010_C0468,0,normal
LOT_010,LOT_010_C0469,0,normal
LOT_010,LOT_010_C0470,1,latent
LOT_010,LOT_010_C0471,0,normal
LOT_010,LOT_010_C0472,0,normal
LOT_010,LOT_010_C0473,0,normal
LOT_010,LOT_010_C0474,0,normal
LOT_010,LOT_010_C0475,0,normal
LOT_010,LOT_010_C0476,0,normal
LOT_010,LOT_010_C0477,0,normal
LOT_010,LOT_010_C0478,0,normal
LOT_010,LOT_010_C0479,0,normal
LOT_010,LOT_010_C0480,0,normal
LOT_010,LOT_010_C0481,0,normal
LOT_010,LOT_010_C0482,0,normal
LOT_010,LOT_010_C0483,0,normal
LOT_010,LOT_010_C0484,0,normal
LOT_010,LOT_010_C0485,0,normal
LOT_010,LOT_010_C0486,0,normal
LOT_010,LOT_010_C0487,0,normal
LOT_010,LOT_010_C0488,1,obvious
LOT_010,LOT_010_C0489,0,normal
LOT_010,LOT_010_C0490,0,normal
LOT_010,LOT_010_C0491,0,normal
LOT_010,LOT_010_C0492,0,normal
LOT_010,LOT_010_C0493,0,normal
LOT_010,LOT_010_C0494,0,normal
LOT_010,LOT_010_C0495,0,normal
LOT_010,LOT_010_C0496,0,normal
LOT_010,LOT_010_C0497,0,normal
LOT_010,LOT_010_C0498,0,normal
LOT_010,LOT_010_C0499,0,normal
LOT_010,LOT_010_C0500,0,normal
LOT_010,LOT_010_C0501,0,normal
LOT_010,LOT_010_C0502,1,latent
LOT_010,LOT_010_C0503,0,normal
LOT_010,LOT_010_C0504,0,normal
LOT_010,LOT_010_C0505,0,normal
LOT_010,LOT_010_C0506,0,normal
LOT_010,LOT_010_C0507,0,normal
LOT_010,LOT_010_C0508,0,normal
LOT_010,LOT_010_C0509,0,normal
LOT_010,LOT_010_C0510,0,normal
LOT_010,LOT_010_C0511,0,normal
LOT_010,LOT_010_C0512,0,normal
LOT_010,LOT_010_C0513,0,normal
LOT_010,LOT_010_C0514,0,normal
LOT_010,LOT_010_C0515,0,normal
LOT_010,LOT_010_C0516,0,normal
LOT_010,LOT_010_C0517,0,normal
LOT_010,LOT_010_C0518,0,normal
LOT_010,LOT_010_C0519,1,latent
LOT_010,LOT_010_C0520,1,latent
LOT_010,LOT_010_C0521,0,normal
LOT_010,LOT_010_C0522,0,normal
LOT_010,LOT_010_C0523,0,normal
LOT_010,LOT_010_C0524,0,normal
LOT_010,LOT_010_C0525,0,normal
LOT_010,LOT_010_C0526,0,normal
LOT_010,LOT_010_C0527,0,normal
LOT_010,LOT_010_C0528,0,normal
LOT_010,LOT_010_C0529,0,normal
LOT_010,LOT_010_C0530,0,normal
LOT_010,LOT_010_C0531,1,obvious
LOT_010,LOT_010_C0532,0,normal
LOT_010,LOT_010_C0533,0,normal
LOT_010,LOT_010_C0534,0,normal
LOT_010,LOT_010_C0535,0,normal
LOT_010,LOT_010_C0536,0,normal
LOT_010,LOT_010_C0537,0,normal
LOT_010,LOT_010_C0538,0,normal
LOT_010,LOT_010_C0539,0,normal
LOT_010,LOT_010_C0540,0,normal
LOT_010,LOT_010_C0541,1,latent
LOT_010,LOT_010_C0542,1,latent
LOT_010,LOT_010_C0543,0,normal
LOT_010,LOT_010_C0544,0,normal
LOT_010,LOT_010_C0545,0,normal
LOT_010,LOT_010_C0546,0,normal
LOT_010,LOT_010_C0547,0,normal
LOT_010,LOT_010_C0548,1,latent
LOT_010,LOT_010_C0549,0,normal
LOT_010,LOT_010_C0550,0,normal
LOT_010,LOT_010_C0551,0,normal
LOT_010,LOT_010_C0552,1,obvious
LOT_010,LOT_010_C0553,0,normal
LOT_010,LOT_010_C0554,0,normal
LOT_010,LOT_010_C0555,0,normal
LOT_010,LOT_010_C0556,1,latent
LOT_010,LOT_010_C0557,0,normal
LOT_010,LOT_010_C0558,0,normal
LOT_010,LOT_010_C0559,1,latent
LOT_010,LOT_010_C0560,0,normal
LOT_010,LOT_010_C0561,0,normal
LOT_010,LOT_010_C0562,0,normal
LOT_010,LOT_010_C0563,0,normal
LOT_010,LOT_010_C0564,0,normal
LOT_010,LOT_010_C0565,0,normal
LOT_010,LOT_010_C0566,0,normal
LOT_010,LOT_010_C0567,0,normal
LOT_010,LOT_010_C0568,0,normal
LOT_010,LOT_010_C0569,0,normal
LOT_010,LOT_010_C0570,0,normal
LOT_010,LOT_010_C0571,0,normal
LOT_010,LOT_010_C0572,0,normal
LOT_010,LOT_010_C0573,1,latent
LOT_010,LOT_010_C0574,0,normal
LOT_010,LOT_010_C0575,0,normal
LOT_010,LOT_010_C0576,1,obvious
LOT_010,LOT_010_C0577,0,normal
LOT_010,LOT_010_C0578,0,normal
LOT_010,LOT_010_C0579,0,normal
LOT_010,LOT_010_C0580,0,normal
LOT_010,LOT_010_C0581,0,normal
LOT_010,LOT_010_C0582,0,normal
LOT_010,LOT_010_C0583,0,normal
LOT_010,LOT_010_C0584,0,normal
LOT_010,LOT_010_C0585,0,normal
LOT_010,LOT_010_C0586,0,normal
LOT_010,LOT_010_C0587,0,normal
LOT_010,LOT_010_C0588,0,normal
LOT_010,LOT_010_C0589,0,normal
LOT_010,LOT_010_C0590,0,normal
LOT_010,LOT_010_C0591,0,normal
LOT_010,LOT_010_C0592,0,normal
LOT_010,LOT_010_C0593,0,normal
LOT_010,LOT_010_C0594,0,normal
LOT_010,LOT_010_C0595,0,normal
LOT_010,LOT_010_C0596,0,normal
LOT_010,LOT_010_C0597,0,normal
LOT_010,LOT_010_C0598,0,normal
LOT_010,LOT_010_C0599,0,normal
LOT_010,LOT_010_C0600,0,normal
LOT_010,LOT_010_C0601,0,normal
LOT_010,LOT_010_C0602,0,normal
LOT_010,LOT_010_C0603,0,normal
LOT_010,LOT_010_C0604,0,normal
LOT_010,LOT_010_C0605,0,normal
LOT_010,LOT_010_C0606,0,normal
LOT_010,LOT_010_C0607,0,normal
LOT_010,LOT_010_C0608,0,normal
LOT_010,LOT_010_C0609,0,normal
LOT_010,LOT_010_C0610,0,normal
LOT_010,LOT_010_C0611,0,normal
LOT_010,LOT_010_C0612,0,normal
LOT_010,LOT_010_C0613,0,normal
LOT_010,LOT_010_C0614,0,normal
LOT_010,LOT_010_C0615,0,normal
LOT_010,LOT_010_C0616,0,normal
LOT_010,LOT_010_C0617,1,latent
LOT_010,LOT_010_C0618,0,normal
LOT_010,LOT_010_C0619,0,normal
LOT_010,LOT_010_C0620,0,normal
LOT_010,LOT_010_C0621,0,normal
LOT_010,LOT_010_C0622,0,normal
LOT_010,LOT_010_C0623,0,normal
LOT_010,LOT_010_C0624,0,normal
LOT_010,LOT_010_C0625,0,normal
LOT_010,LOT_010_C0626,0,normal
LOT_010,LOT_010_C0627,0,normal
LOT_010,LOT_010_C0628,0,normal
LOT_010,LOT_010_C0629,0,normal
LOT_010,LOT_010_C0630,0,normal
LOT_010,LOT_010_C0631,0,normal
LOT_010,LOT_010_C0632,0,normal
LOT_010,LOT_010_C0633,0,normal
LOT_010,LOT_010_C0634,0,normal
LOT_010,LOT_010_C0635,1,latent
LOT_010,LOT_010_C0636,0,normal
LOT_010,LOT_010_C0637,0,normal
LOT_010,LOT_010_C0638,0,normal
LOT_011,LOT_011_C0000,0,normal
LOT_011,LOT_011_C0001,0,normal
LOT_011,LOT_011_C0002,0,normal
LOT_011,LOT_011_C0003,0,normal
LOT_011,LOT_011_C0004,0,normal
LOT_011,LOT_011_C0005,0,normal
LOT_011,LOT_011_C0006,1,latent
LOT_011,LOT_011_C0007,0,normal
LOT_011,LOT_011_C0008,0,normal
LOT_011,LOT_011_C0009,0,normal
LOT_011,LOT_011_C0010,0,normal
LOT_011,LOT_011_C0011,0,normal
LOT_011,LOT_011_C0012,0,normal
LOT_011,LOT_011_C0013,0,normal
LOT_011,LOT_011_C0014,0,normal
LOT_011,LOT_011_C0015,0,normal
LOT_011,LOT_011_C0016,0,normal
LOT_011,LOT_011_C0017,0,normal
LOT_011,LOT_011_C0018,0,normal
LOT_011,LOT_011_C0019,0,normal
LOT_011,LOT_011_C0020,0,normal
LOT_011,LOT_011_C0021,0,normal
LOT_011,LOT_011_C0022,0,normal
LOT_011,LOT_011_C0023,0,normal
LOT_011,LOT_011_C0024,0,normal
LOT_011,LOT_011_C0025,0,normal
LOT_011,LOT_011_C0026,0,normal
LOT_011,LOT_011_C0027,0,normal
LOT_011,LOT_011_C0028,0,normal
LOT_011,LOT_011_C0029,0,normal
LOT_011,LOT_011_C0030,0,normal
LOT_011,LOT_011_C0031,0,normal
LOT_011,LOT_011_C0032,0,normal
LOT_011,LOT_011_C0033,0,normal
LOT_011,LOT_011_C0034,0,normal
LOT_011,LOT_011_C0035,1,latent
LOT_011,LOT_011_C0036,0,normal
LOT_011,LOT_011_C0037,0,normal
LOT_011,LOT_011_C0038,0,normal
LOT_011,LOT_011_C0039,0,normal
LOT_011,LOT_011_C0040,0,normal
LOT_011,LOT_011_C0041,0,normal
LOT_011,LOT_011_C0042,1,latent
LOT_011,LOT_011_C0043,0,normal
LOT_011,LOT_011_C0044,0,normal
LOT_011,LOT_011_C0045,0,normal
LOT_011,LOT_011_C0046,0,normal
LOT_011,LOT_011_C0047,0,normal
LOT_011,LOT_011_C0048,0,normal
LOT_011,LOT_011_C0049,0,normal
LOT_011,LOT_011_C0050,0,normal
LOT_011,LOT_011_C0051,1,obvious
LOT_011,LOT_011_C0052,1,latent
LOT_011,LOT_011_C0053,0,normal
LOT_011,LOT_011_C0054,0,normal
LOT_011,LOT_011_C0055,0,normal
LOT_011,LOT_011_C0056,0,normal
LOT_011,LOT_011_C0057,0,normal
LOT_011,LOT_011_C0058,0,normal
LOT_011,LOT_011_C0059,0,normal
LOT_011,LOT_011_C0060,0,normal
LOT_011,LOT_011_C0061,0,normal
LOT_011,LOT_011_C0062,0,normal
LOT_011,LOT_011_C0063,0,normal
LOT_011,LOT_011_C0064,0,normal
LOT_011,LOT_011_C0065,0,normal
LOT_011,LOT_011_C0066,1,obvious
LOT_011,LOT_011_C0067,0,normal
LOT_011,LOT_011_C0068,0,normal
LOT_011,LOT_011_C0069,0,normal
LOT_011,LOT_011_C0070,0,normal
LOT_011,LOT_011_C0071,0,normal
LOT_011,LOT_011_C0072,0,normal
LOT_011,LOT_011_C0073,1,latent
LOT_011,LOT_011_C0074,0,normal
LOT_011,LOT_011_C0075,0,normal
LOT_011,LOT_011_C0076,0,normal
LOT_011,LOT_011_C0077,0,normal
LOT_011,LOT_011_C0078,0,normal
LOT_011,LOT_011_C0079,0,normal
LOT_011,LOT_011_C0080,0,normal
LOT_011,LOT_011_C0081,0,normal
LOT_011,LOT_011_C0082,0,normal
LOT_011,LOT_011_C0083,0,normal
LOT_011,LOT_011_C0084,0,normal
LOT_011,LOT_011_C0085,0,normal
LOT_011,LOT_011_C0086,0,normal
LOT_011,LOT_011_C0087,1,latent
LOT_011,LOT_011_C0088,0,normal
LOT_011,LOT_011_C0089,0,normal
LOT_011,LOT_011_C0090,0,normal
LOT_011,LOT_011_C0091,0,normal
LOT_011,LOT_011_C0092,0,normal
LOT_011,LOT_011_C0093,0,normal
LOT_011,LOT_011_C0094,0,normal
LOT_011,LOT_011_C0095,0,normal
LOT_011,LOT_011_C0096,0,normal
LOT_011,LOT_011_C0097,0,normal
LOT_011,LOT_011_C0098,0,normal
LOT_011,LOT_011_C0099,0,normal
LOT_011,LOT_011_C0100,0,normal
LOT_011,LOT_011_C0101,0,normal
LOT_011,LOT_011_C0102,0,normal
LOT_011,LOT_011_C0103,0,normal
LOT_011,LOT_011_C0104,0,normal
LOT_011,LOT_011_C0105,0,normal
LOT_011,LOT_011_C0106,0,normal
LOT_011,LOT_011_C0107,0,normal
LOT_011,LOT_011_C0108,0,normal
LOT_011,LOT_011_C0109,0,normal
LOT_011,LOT_011_C0110,0,normal
LOT_011,LOT_011_C0111,0,normal
LOT_011,LOT_011_C0112,0,normal
LOT_011,LOT_011_C0113,0,normal
LOT_011,LOT_011_C0114,0,normal
LOT_011,LOT_011_C0115,0,normal
LOT_011,LOT_011_C0116,0,normal
LOT_011,LOT_011_C0117,0,normal
LOT_011,LOT_011_C0118,1,latent
LOT_011,LOT_011_C0119,0,normal
LOT_011,LOT_011_C0120,0,normal
LOT_011,LOT_011_C0121,0,normal
LOT_011,LOT_011_C0122,0,normal
LOT_011,LOT_011_C0123,0,normal
LOT_011,LOT_011_C0124,0,normal
LOT_011,LOT_011_C0125,0,normal
LOT_011,LOT_011_C0126,0,normal
LOT_011,LOT_011_C0127,1,latent
LOT_011,LOT_011_C0128,0,normal
LOT_011,LOT_011_C0129,0,normal
LOT_011,LOT_011_C0130,0,normal
LOT_011,LOT_011_C0131,0,normal
LOT_011,LOT_011_C0132,0,normal
LOT_011,LOT_011_C0133,0,normal
LOT_011,LOT_011_C0134,0,normal
LOT_011,LOT_011_C0135,0,normal
LOT_011,LOT_011_C0136,0,normal
LOT_011,LOT_011_C0137,0,normal
LOT_011,LOT_011_C0138,0,normal
LOT_011,LOT_011_C0139,0,normal
LOT_011,LOT_011_C0140,1,latent
LOT_011,LOT_011_C0141,1,obvious
LOT_011,LOT_011_C0142,0,normal
LOT_011,LOT_011_C0143,0,normal
LOT_011,LOT_011_C0144,0,normal
LOT_011,LOT_011_C0145,0,normal
LOT_011,LOT_011_C0146,0,normal
LOT_011,LOT_011_C0147,0,normal
LOT_011,LOT_011_C0148,0,normal
LOT_011,LOT_011_C0149,0,normal
LOT_011,LOT_011_C0150,0,normal
LOT_011,LOT_011_C0151,0,normal
LOT_011,LOT_011_C0152,0,normal
LOT_011,LOT_011_C0153,0,normal
LOT_011,LOT_011_C0154,0,normal
LOT_011,LOT_011_C0155,0,normal
LOT_011,LOT_011_C0156,0,normal
LOT_011,LOT_011_C0157,0,normal
LOT_011,LOT_011_C0158,0,normal
LOT_011,LOT_011_C0159,0,normal
LOT_011,LOT_011_C0160,0,normal
LOT_011,LOT_011_C0161,0,normal
LOT_011,LOT_011_C0162,0,normal
LOT_011,LOT_011_C0163,0,normal
LOT_011,LOT_011_C0164,0,normal
LOT_011,LOT_011_C0165,0,normal
LOT_011,LOT_011_C0166,1,latent
LOT_011,LOT_011_C0167,0,normal
LOT_011,LOT_011_C0168,0,normal
LOT_011,LOT_011_C0169,0,normal
LOT_011,LOT_011_C0170,0,normal
LOT_011,LOT_011_C0171,1,latent
LOT_011,LOT_011_C0172,0,normal
LOT_011,LOT_011_C0173,0,normal
LOT_011,LOT_011_C0174,0,normal
LOT_011,LOT_011_C0175,0,normal
LOT_011,LOT_011_C0176,0,normal
LOT_011,LOT_011_C0177,0,normal
LOT_011,LOT_011_C0178,1,latent
LOT_011,LOT_011_C0179,0,normal
LOT_011,LOT_011_C0180,0,normal
LOT_011,LOT_011_C0181,0,normal
LOT_011,LOT_011_C0182,0,normal
LOT_011,LOT_011_C0183,0,normal
LOT_011,LOT_011_C0184,0,normal
LOT_011,LOT_011_C0185,0,normal
LOT_011,LOT_011_C0186,0,normal
LOT_011,LOT_011_C0187,0,normal
LOT_011,LOT_011_C0188,0,normal
LOT_011,LOT_011_C0189,0,normal
LOT_011,LOT_011_C0190,0,normal
LOT_011,LOT_011_C0191,0,normal
LOT_011,LOT_011_C0192,0,normal
LOT_011,LOT_011_C0193,0,normal
LOT_011,LOT_011_C0194,0,normal
LOT_011,LOT_011_C0195,0,normal
LOT_011,LOT_011_C0196,0,normal
LOT_011,LOT_011_C0197,0,normal
LOT_011,LOT_011_C0198,0,normal
LOT_011,LOT_011_C0199,0,normal
LOT_011,LOT_011_C0200,0,normal
LOT_011,LOT_011_C0201,0,normal
LOT_011,LOT_011_C0202,0,normal
LOT_011,LOT_011_C0203,0,normal
LOT_011,LOT_011_C0204,0,normal
LOT_011,LOT_011_C0205,0,normal
LOT_011,LOT_011_C0206,0,normal
LOT_011,LOT_011_C0207,0,normal
LOT_011,LOT_011_C0208,1,latent
LOT_011,LOT_011_C0209,0,normal
LOT_011,LOT_011_C0210,0,normal
LOT_011,LOT_011_C0211,0,normal
LOT_011,LOT_011_C0212,1,latent
LOT_011,LOT_011_C0213,0,normal
LOT_011,LOT_011_C0214,0,normal
LOT_011,LOT_011_C0215,0,normal
LOT_011,LOT_011_C0216,0,normal
LOT_011,LOT_011_C0217,0,normal
LOT_011,LOT_011_C0218,0,normal
LOT_011,LOT_011_C0219,0,normal
LOT_011,LOT_011_C0220,0,normal
LOT_011,LOT_011_C0221,0,normal
LOT_011,LOT_011_C0222,0,normal
LOT_011,LOT_011_C0223,0,normal
LOT_011,LOT_011_C0224,0,normal
LOT_011,LOT_011_C0225,0,normal
LOT_011,LOT_011_C0226,0,normal
LOT_011,LOT_011_C0227,0,normal
LOT_011,LOT_011_C0228,0,normal
LOT_011,LOT_011_C0229,0,normal
LOT_011,LOT_011_C0230,0,normal
LOT_011,LOT_011_C0231,0,normal
LOT_011,LOT_011_C0232,1,obvious
LOT_011,LOT_011_C0233,0,normal
LOT_011,LOT_011_C0234,0,normal
LOT_011,LOT_011_C0235,0,normal
LOT_011,LOT_011_C0236,0,normal
LOT_011,LOT_011_C0237,0,normal
LOT_011,LOT_011_C0238,0,normal
LOT_011,LOT_011_C0239,0,normal
LOT_011,LOT_011_C0240,0,normal
LOT_011,LOT_011_C0241,0,normal
LOT_011,LOT_011_C0242,0,normal
LOT_011,LOT_011_C0243,0,normal
LOT_011,LOT_011_C0244,0,normal
LOT_011,LOT_011_C0245,1,obvious
LOT_011,LOT_011_C0246,0,normal
LOT_011,LOT_011_C0247,0,normal
LOT_011,LOT_011_C0248,0,normal
LOT_011,LOT_011_C0249,0,normal
LOT_011,LOT_011_C0250,0,normal
LOT_011,LOT_011_C0251,0,normal
LOT_011,LOT_011_C0252,0,normal
LOT_011,LOT_011_C0253,0,normal
LOT_011,LOT_011_C0254,0,normal
LOT_011,LOT_011_C0255,0,normal
LOT_011,LOT_011_C0256,1,latent
LOT_011,LOT_011_C0257,0,normal
LOT_011,LOT_011_C0258,0,normal
LOT_011,LOT_011_C0259,0,normal
LOT_011,LOT_011_C0260,0,normal
LOT_011,LOT_011_C0261,0,normal
LOT_011,LOT_011_C0262,0,normal
LOT_011,LOT_011_C0263,0,normal
LOT_011,LOT_011_C0264,0,normal
LOT_011,LOT_011_C0265,0,normal
LOT_011,LOT_011_C0266,0,normal
LOT_011,LOT_011_C0267,0,normal
LOT_011,LOT_011_C0268,0,normal
LOT_011,LOT_011_C0269,0,normal
LOT_011,LOT_011_C0270,1,latent
LOT_011,LOT_011_C0271,0,normal
LOT_011,LOT_011_C0272,0,normal
LOT_011,LOT_011_C0273,0,normal
LOT_011,LOT_011_C0274,0,normal
LOT_011,LOT_011_C0275,0,normal
LOT_011,LOT_011_C0276,0,normal
LOT_011,LOT_011_C0277,0,normal
LOT_011,LOT_011_C0278,0,normal
LOT_011,LOT_011_C0279,0,normal
LOT_011,LOT_011_C0280,0,normal
LOT_011,LOT_011_C0281,0,normal
LOT_011,LOT_011_C0282,0,normal
LOT_011,LOT_011_C0283,0,normal
LOT_011,LOT_011_C0284,0,normal
LOT_011,LOT_011_C0285,0,normal
LOT_011,LOT_011_C0286,0,normal
LOT_011,LOT_011_C0287,0,normal
LOT_011,LOT_011_C0288,0,normal
LOT_011,LOT_011_C0289,0,normal
LOT_011,LOT_011_C0290,0,normal
LOT_011,LOT_011_C0291,0,normal
LOT_011,LOT_011_C0292,0,normal
LOT_011,LOT_011_C0293,1,latent
LOT_011,LOT_011_C0294,0,normal
LOT_011,LOT_011_C0295,0,normal
LOT_011,LOT_011_C0296,0,normal
LOT_011,LOT_011_C0297,1,latent
LOT_011,LOT_011_C0298,0,normal
LOT_011,LOT_011_C0299,0,normal
LOT_011,LOT_011_C0300,1,latent
LOT_011,LOT_011_C0301,0,normal
LOT_011,LOT_011_C0302,0,normal
LOT_011,LOT_011_C0303,0,normal
LOT_011,LOT_011_C0304,0,normal
LOT_011,LOT_011_C0305,0,normal
LOT_011,LOT_011_C0306,0,normal
LOT_011,LOT_011_C0307,0,normal
LOT_011,LOT_011_C0308,0,normal
LOT_011,LOT_011_C0309,0,normal
LOT_011,LOT_011_C0310,0,normal
LOT_011,LOT_011_C0311,0,normal
LOT_011,LOT_011_C0312,0,normal
LOT_011,LOT_011_C0313,0,normal
LOT_011,LOT_011_C0314,0,normal
LOT_011,LOT_011_C0315,0,normal
LOT_011,LOT_011_C0316,0,normal
LOT_011,LOT_011_C0317,0,normal
LOT_011,LOT_011_C0318,0,normal
LOT_011,LOT_011_C0319,0,normal
LOT_011,LOT_011_C0320,0,normal
LOT_011,LOT_011_C0321,0,normal
LOT_011,LOT_011_C0322,0,normal
LOT_011,LOT_011_C0323,0,normal
LOT_011,LOT_011_C0324,0,normal
LOT_011,LOT_011_C0325,0,normal
LOT_011,LOT_011_C0326,0,normal
LOT_011,LOT_011_C0327,0,normal
LOT_011,LOT_011_C0328,0,normal
LOT_011,LOT_011_C0329,0,normal
LOT_011,LOT_011_C0330,0,normal
LOT_011,LOT_011_C0331,0,normal
LOT_011,LOT_011_C0332,0,normal
LOT_011,LOT_011_C0333,0,normal
LOT_011,LOT_011_C0334,0,normal
LOT_011,LOT_011_C0335,0,normal
LOT_011,LOT_011_C0336,0,normal
LOT_011,LOT_011_C0337,0,normal
LOT_011,LOT_011_C0338,0,normal
LOT_011,LOT_011_C0339,0,normal
LOT_011,LOT_011_C0340,0,normal
LOT_011,LOT_011_C0341,0,normal
LOT_011,LOT_011_C0342,0,normal
LOT_011,LOT_011_C0343,0,normal
LOT_011,LOT_011_C0344,1,obvious
LOT_011,LOT_011_C0345,0,normal
LOT_011,LOT_011_C0346,0,normal
LOT_011,LOT_011_C0347,0,normal
LOT_011,LOT_011_C0348,0,normal
LOT_011,LOT_011_C0349,0,normal
LOT_011,LOT_011_C0350,1,latent
LOT_011,LOT_011_C0351,0,normal
LOT_011,LOT_011_C0352,0,normal
LOT_011,LOT_011_C0353,0,normal
LOT_011,LOT_011_C0354,0,normal
LOT_011,LOT_011_C0355,0,normal
LOT_011,LOT_011_C0356,0,normal
LOT_011,LOT_011_C0357,0,normal
LOT_011,LOT_011_C0358,0,normal
LOT_011,LOT_011_C0359,0,normal
LOT_011,LOT_011_C0360,0,normal
LOT_011,LOT_011_C0361,0,normal
LOT_011,LOT_011_C0362,0,normal
LOT_011,LOT_011_C0363,0,normal
LOT_011,LOT_011_C0364,0,normal
LOT_011,LOT_011_C0365,0,normal
LOT_011,LOT_011_C0366,1,latent
LOT_011,LOT_011_C0367,0,normal
LOT_011,LOT_011_C0368,1,latent
LOT_011,LOT_011_C0369,0,normal
LOT_011,LOT_011_C0370,0,normal
LOT_011,LOT_011_C0371,0,normal
LOT_011,LOT_011_C0372,0,normal
LOT_011,LOT_011_C0373,0,normal
LOT_011,LOT_011_C0374,1,latent
LOT_011,LOT_011_C0375,0,normal
LOT_011,LOT_011_C0376,0,normal
LOT_011,LOT_011_C0377,0,normal
LOT_011,LOT_011_C0378,0,normal
LOT_011,LOT_011_C0379,0,normal
LOT_011,LOT_011_C0380,0,normal
LOT_011,LOT_011_C0381,0,normal
LOT_011,LOT_011_C0382,1,latent
LOT_011,LOT_011_C0383,0,normal
LOT_011,LOT_011_C0384,1,latent
LOT_011,LOT_011_C0385,0,normal
LOT_011,LOT_011_C0386,0,normal
LOT_011,LOT_011_C0387,0,normal
LOT_011,LOT_011_C0388,0,normal
LOT_011,LOT_011_C0389,0,normal
LOT_011,LOT_011_C0390,0,normal
LOT_011,LOT_011_C0391,0,normal
LOT_011,LOT_011_C0392,0,normal
LOT_011,LOT_011_C0393,0,normal
LOT_011,LOT_011_C0394,0,normal
LOT_011,LOT_011_C0395,0,normal
LOT_011,LOT_011_C0396,0,normal
LOT_011,LOT_011_C0397,1,latent
LOT_011,LOT_011_C0398,0,normal
LOT_011,LOT_011_C0399,0,normal
LOT_011,LOT_011_C0400,0,normal
LOT_011,LOT_011_C0401,0,normal
LOT_011,LOT_011_C0402,0,normal
LOT_011,LOT_011_C0403,0,normal
LOT_011,LOT_011_C0404,0,normal
LOT_011,LOT_011_C0405,0,normal
LOT_011,LOT_011_C0406,0,normal
LOT_011,LOT_011_C0407,0,normal
LOT_011,LOT_011_C0408,0,normal
LOT_011,LOT_011_C0409,0,normal
LOT_011,LOT_011_C0410,0,normal
LOT_011,LOT_011_C0411,0,normal
LOT_011,LOT_011_C0412,0,normal
LOT_011,LOT_011_C0413,0,normal
LOT_011,LOT_011_C0414,1,obvious
LOT_011,LOT_011_C0415,0,normal
LOT_011,LOT_011_C0416,0,normal
LOT_011,LOT_011_C0417,0,normal
LOT_011,LOT_011_C0418,0,normal
LOT_011,LOT_011_C0419,0,normal
LOT_011,LOT_011_C0420,0,normal
LOT_011,LOT_011_C0421,0,normal
LOT_011,LOT_011_C0422,0,normal
LOT_011,LOT_011_C0423,0,normal
LOT_011,LOT_011_C0424,0,normal
LOT_011,LOT_011_C0425,0,normal
LOT_011,LOT_011_C0426,0,normal
LOT_011,LOT_011_C0427,1,latent
LOT_011,LOT_011_C0428,0,normal
LOT_011,LOT_011_C0429,0,normal
LOT_011,LOT_011_C0430,0,normal
LOT_011,LOT_011_C0431,0,normal
LOT_011,LOT_011_C0432,0,normal
LOT_011,LOT_011_C0433,0,normal
LOT_011,LOT_011_C0434,0,normal
LOT_011,LOT_011_C0435,0,normal
LOT_011,LOT_011_C0436,0,normal
LOT_011,LOT_011_C0437,0,normal
LOT_011,LOT_011_C0438,0,normal
LOT_011,LOT_011_C0439,0,normal
LOT_011,LOT_011_C0440,0,normal
LOT_011,LOT_011_C0441,0,normal
LOT_011,LOT_011_C0442,0,normal
LOT_011,LOT_011_C0443,0,normal
LOT_011,LOT_011_C0444,0,normal
LOT_011,LOT_011_C0445,0,normal
LOT_011,LOT_011_C0446,0,normal
LOT_011,LOT_011_C0447,0,normal
LOT_011,LOT_011_C0448,1,latent
LOT_011,LOT_011_C0449,1,latent
LOT_011,LOT_011_C0450,0,normal
LOT_011,LOT_011_C0451,0,normal
LOT_011,LOT_011_C0452,0,normal
LOT_011,LOT_011_C0453,0,normal
LOT_011,LOT_011_C0454,1,latent
LOT_011,LOT_011_C0455,0,normal
LOT_011,LOT_011_C0456,1,obvious
LOT_011,LOT_011_C0457,0,normal
LOT_011,LOT_011_C0458,0,normal
LOT_011,LOT_011_C0459,0,normal
LOT_011,LOT_011_C0460,0,normal
LOT_011,LOT_011_C0461,0,normal
LOT_011,LOT_011_C0462,1,obvious
LOT_011,LOT_011_C0463,0,normal
LOT_011,LOT_011_C0464,0,normal
LOT_011,LOT_011_C0465,0,normal
LOT_011,LOT_011_C0466,0,normal
LOT_011,LOT_011_C0467,0,normal
LOT_011,LOT_011_C0468,0,normal
LOT_011,LOT_011_C0469,0,normal
LOT_011,LOT_011_C0470,1,latent
LOT_011,LOT_011_C0471,1,obvious
LOT_011,LOT_011_C0472,0,normal
LOT_011,LOT_011_C0473,0,normal
LOT_011,LOT_011_C0474,1,latent
LOT_011,LOT_011_C0475,0,normal
LOT_011,LOT_011_C0476,0,normal
LOT_011,LOT_011_C0477,0,normal
LOT_011,LOT_011_C0478,0,normal
LOT_011,LOT_011_C0479,0,normal
LOT_011,LOT_011_C0480,0,normal
LOT_011,LOT_011_C0481,0,normal
LOT_011,LOT_011_C0482,0,normal
LOT_011,LOT_011_C0483,0,normal
LOT_011,LOT_011_C0484,0,normal
LOT_011,LOT_011_C0485,0,normal
LOT_011,LOT_011_C0486,0,normal
LOT_011,LOT_011_C0487,0,normal
LOT_011,LOT_011_C0488,0,normal
LOT_011,LOT_011_C0489,0,normal
LOT_011,LOT_011_C0490,0,normal
LOT_011,LOT_011_C0491,0,normal
LOT_011,LOT_011_C0492,0,normal
LOT_011,LOT_011_C0493,0,normal
LOT_011,LOT_011_C0494,0,normal
LOT_011,LOT_011_C0495,0,normal
LOT_011,LOT_011_C0496,0,normal
LOT_011,LOT_011_C0497,0,normal
LOT_011,LOT_011_C0498,0,normal
LOT_011,LOT_011_C0499,0,normal
LOT_011,LOT_011_C0500,0,normal
LOT_011,LOT_011_C0501,0,normal
LOT_011,LOT_011_C0502,1,latent
LOT_011,LOT_011_C0503,0,normal
LOT_011,LOT_011_C0504,0,normal
LOT_011,LOT_011_C0505,0,normal
LOT_011,LOT_011_C0506,0,normal
LOT_011,LOT_011_C0507,0,normal
LOT_011,LOT_011_C0508,0,normal
LOT_011,LOT_011_C0509,0,normal
LOT_011,LOT_011_C0510,0,normal
LOT_011,LOT_011_C0511,0,normal
LOT_011,LOT_011_C0512,0,normal
LOT_011,LOT_011_C0513,0,normal
LOT_011,LOT_011_C0514,0,normal
LOT_011,LOT_011_C0515,0,normal
LOT_011,LOT_011_C0516,0,normal
LOT_011,LOT_011_C0517,0,normal
LOT_011,LOT_011_C0518,0,normal
LOT_011,LOT_011_C0519,0,normal
LOT_011,LOT_011_C0520,0,normal
LOT_011,LOT_011_C0521,0,normal
LOT_011,LOT_011_C0522,0,normal
LOT_011,LOT_011_C0523,0,normal
LOT_011,LOT_011_C0524,0,normal
LOT_011,LOT_011_C0525,1,obvious
LOT_011,LOT_011_C0526,0,normal
LOT_011,LOT_011_C0527,0,normal
LOT_011,LOT_011_C0528,0,normal
LOT_011,LOT_011_C0529,1,latent
LOT_011,LOT_011_C0530,1,latent
LOT_011,LOT_011_C0531,0,normal
LOT_011,LOT_011_C0532,0,normal
LOT_011,LOT_011_C0533,0,normal
LOT_011,LOT_011_C0534,0,normal
LOT_011,LOT_011_C0535,0,normal
LOT_011,LOT_011_C0536,0,normal
LOT_011,LOT_011_C0537,0,normal
LOT_011,LOT_011_C0538,0,normal
LOT_011,LOT_011_C0539,0,normal
LOT_011,LOT_011_C0540,0,normal
LOT_011,LOT_011_C0541,1,latent
LOT_011,LOT_011_C0542,0,normal
LOT_011,LOT_011_C0543,0,normal
LOT_011,LOT_011_C0544,0,normal
LOT_011,LOT_011_C0545,0,normal
LOT_011,LOT_011_C0546,0,normal
LOT_011,LOT_011_C0547,0,normal
LOT_011,LOT_011_C0548,0,normal
LOT_011,LOT_011_C0549,0,normal
LOT_011,LOT_011_C0550,0,normal
LOT_011,LOT_011_C0551,0,normal
LOT_011,LOT_011_C0552,0,normal
LOT_011,LOT_011_C0553,0,normal
LOT_011,LOT_011_C0554,0,normal
LOT_011,LOT_011_C0555,0,normal
LOT_011,LOT_011_C0556,1,obvious
LOT_011,LOT_011_C0557,0,normal
LOT_011,LOT_011_C0558,0,normal
LOT_011,LOT_011_C0559,0,normal
LOT_011,LOT_011_C0560,0,normal
LOT_011,LOT_011_C0561,0,normal
LOT_011,LOT_011_C0562,0,normal
LOT_011,LOT_011_C0563,1,latent
LOT_011,LOT_011_C0564,0,normal
LOT_011,LOT_011_C0565,0,normal
LOT_011,LOT_011_C0566,0,normal
LOT_011,LOT_011_C0567,0,normal
LOT_011,LOT_011_C0568,0,normal
LOT_011,LOT_011_C0569,0,normal
LOT_011,LOT_011_C0570,0,normal
LOT_011,LOT_011_C0571,0,normal
LOT_011,LOT_011_C0572,0,normal
LOT_011,LOT_011_C0573,0,normal
LOT_011,LOT_011_C0574,0,normal
LOT_011,LOT_011_C0575,1,latent
LOT_011,LOT_011_C0576,0,normal
LOT_011,LOT_011_C0577,0,normal
LOT_011,LOT_011_C0578,0,normal
LOT_011,LOT_011_C0579,0,normal
LOT_011,LOT_011_C0580,0,normal
LOT_011,LOT_011_C0581,0,normal
LOT_011,LOT_011_C0582,0,normal
LOT_011,LOT_011_C0583,0,normal
LOT_011,LOT_011_C0584,0,normal
LOT_011,LOT_011_C0585,1,latent
LOT_011,LOT_011_C0586,0,normal
LOT_011,LOT_011_C0587,0,normal
LOT_011,LOT_011_C0588,0,normal
LOT_011,LOT_011_C0589,0,normal
LOT_011,LOT_011_C0590,0,normal
LOT_011,LOT_011_C0591,1,latent
LOT_011,LOT_011_C0592,0,normal
LOT_011,LOT_011_C0593,0,normal
LOT_011,LOT_011_C0594,0,normal
LOT_011,LOT_011_C0595,0,normal
LOT_011,LOT_011_C0596,1,latent
LOT_011,LOT_011_C0597,0,normal
LOT_011,LOT_011_C0598,0,normal
LOT_011,LOT_011_C0599,0,normal
LOT_011,LOT_011_C0600,1,latent
LOT_011,LOT_011_C0601,0,normal
LOT_011,LOT_011_C0602,0,normal
LOT_011,LOT_011_C0603,0,normal
LOT_011,LOT_011_C0604,0,normal
LOT_011,LOT_011_C0605,0,normal
LOT_011,LOT_011_C0606,0,normal
LOT_011,LOT_011_C0607,0,normal
LOT_011,LOT_011_C0608,0,normal
LOT_011,LOT_011_C0609,0,normal
LOT_011,LOT_011_C0610,0,normal
LOT_011,LOT_011_C0611,0,normal
LOT_011,LOT_011_C0612,0,normal
LOT_011,LOT_011_C0613,0,normal
LOT_011,LOT_011_C0614,1,obvious
LOT_011,LOT_011_C0615,0,normal
LOT_011,LOT_011_C0616,0,normal
LOT_011,LOT_011_C0617,0,normal
LOT_011,LOT_011_C0618,0,normal
LOT_011,LOT_011_C0619,0,normal
LOT_011,LOT_011_C0620,0,normal
LOT_011,LOT_011_C0621,0,normal
LOT_011,LOT_011_C0622,0,normal
LOT_011,LOT_011_C0623,0,normal
LOT_011,LOT_011_C0624,0,normal
LOT_011,LOT_011_C0625,0,normal
LOT_011,LOT_011_C0626,0,normal
LOT_011,LOT_011_C0627,0,normal
LOT_011,LOT_011_C0628,0,normal
LOT_011,LOT_011_C0629,0,normal
LOT_011,LOT_011_C0630,0,normal
LOT_011,LOT_011_C0631,0,normal
LOT_011,LOT_011_C0632,0,normal
LOT_011,LOT_011_C0633,0,normal
LOT_011,LOT_011_C0634,0,normal
LOT_011,LOT_011_C0635,0,normal
LOT_011,LOT_011_C0636,0,normal
LOT_011,LOT_011_C0637,0,normal
LOT_011,LOT_011_C0638,0,normal
LOT_011,LOT_011_C0639,0,normal
LOT_011,LOT_011_C0640,0,normal
LOT_011,LOT_011_C0641,0,normal
LOT_011,LOT_011_C0642,0,normal
LOT_011,LOT_011_C0643,0,normal
LOT_011,LOT_011_C0644,0,normal
LOT_011,LOT_011_C0645,0,normal
LOT_011,LOT_011_C0646,0,normal
LOT_011,LOT_011_C0647,0,normal
LOT_011,LOT_011_C0648,0,normal
LOT_011,LOT_011_C0649,0,normal
LOT_011,LOT_011_C0650,0,normal
LOT_011,LOT_011_C0651,0,normal
LOT_011,LOT_011_C0652,0,normal
LOT_011,LOT_011_C0653,0,normal
LOT_011,LOT_011_C0654,0,normal
LOT_011,LOT_011_C0655,0,normal
LOT_011,LOT_011_C0656,0,normal
LOT_011,LOT_011_C0657,0,normal
LOT_011,LOT_011_C0658,0,normal
LOT_011,LOT_011_C0659,0,normal
LOT_011,LOT_011_C0660,0,normal
LOT_011,LOT_011_C0661,0,normal
LOT_011,LOT_011_C0662,0,normal
LOT_011,LOT_011_C0663,0,normal
LOT_011,LOT_011_C0664,0,normal
LOT_011,LOT_011_C0665,0,normal
LOT_011,LOT_011_C0666,0,normal
LOT_011,LOT_011_C0667,0,normal
LOT_011,LOT_011_C0668,0,normal
LOT_011,LOT_011_C0669,0,normal
LOT_011,LOT_011_C0670,0,normal
LOT_011,LOT_011_C0671,0,normal
LOT_011,LOT_011_C0672,0,normal
LOT_011,LOT_011_C0673,0,normal
LOT_011,LOT_011_C0674,0,normal
LOT_011,LOT_011_C0675,0,normal
LOT_011,LOT_011_C0676,0,normal
LOT_011,LOT_011_C0677,0,normal
LOT_011,LOT_011_C0678,0,normal
LOT_011,LOT_011_C0679,0,normal
LOT_011,LOT_011_C0680,0,normal
LOT_011,LOT_011_C0681,0,normal
LOT_011,LOT_011_C0682,0,normal
LOT_011,LOT_011_C0683,0,normal
LOT_011,LOT_011_C0684,0,normal
LOT_011,LOT_011_C0685,0,normal
LOT_011,LOT_011_C0686,0,normal
LOT_011,LOT_011_C0687,0,normal
LOT_011,LOT_011_C0688,1,latent
LOT_011,LOT_011_C0689,0,normal
LOT_011,LOT_011_C0690,0,normal
LOT_011,LOT_011_C0691,0,normal
LOT_011,LOT_011_C0692,0,normal
LOT_011,LOT_011_C0693,0,normal
LOT_011,LOT_011_C0694,0,normal
LOT_011,LOT_011_C0695,0,normal
LOT_011,LOT_011_C0696,0,normal
LOT_011,LOT_011_C0697,1,latent
LOT_011,LOT_011_C0698,0,normal
LOT_011,LOT_011_C0699,0,normal
LOT_011,LOT_011_C0700,0,normal
LOT_011,LOT_011_C0701,0,normal
LOT_011,LOT_011_C0702,0,normal
LOT_011,LOT_011_C0703,0,normal
LOT_011,LOT_011_C0704,1,latent
LOT_011,LOT_011_C0705,0,normal
LOT_011,LOT_011_C0706,1,latent
LOT_011,LOT_011_C0707,0,normal
LOT_011,LOT_011_C0708,1,latent
LOT_011,LOT_011_C0709,0,normal
LOT_011,LOT_011_C0710,0,normal
LOT_011,LOT_011_C0711,0,normal
LOT_011,LOT_011_C0712,0,normal
LOT_011,LOT_011_C0713,0,normal
LOT_011,LOT_011_C0714,0,normal
LOT_011,LOT_011_C0715,0,normal
LOT_011,LOT_011_C0716,0,normal
LOT_011,LOT_011_C0717,0,normal
LOT_011,LOT_011_C0718,0,normal
LOT_011,LOT_011_C0719,0,normal
LOT_011,LOT_011_C0720,0,normal
LOT_011,LOT_011_C0721,0,normal
LOT_011,LOT_011_C0722,0,normal
LOT_011,LOT_011_C0723,1,latent
LOT_011,LOT_011_C0724,0,normal
LOT_011,LOT_011_C0725,0,normal
LOT_011,LOT_011_C0726,0,normal
LOT_011,LOT_011_C0727,0,normal
LOT_011,LOT_011_C0728,0,normal
LOT_011,LOT_011_C0729,0,normal
LOT_011,LOT_011_C0730,0,normal
LOT_011,LOT_011_C0731,0,normal
LOT_011,LOT_011_C0732,0,normal
LOT_011,LOT_011_C0733,0,normal
LOT_011,LOT_011_C0734,0,normal
LOT_011,LOT_011_C0735,0,normal
LOT_011,LOT_011_C0736,0,normal
LOT_011,LOT_011_C0737,0,normal
LOT_011,LOT_011_C0738,1,latent
LOT_011,LOT_011_C0739,0,normal
LOT_011,LOT_011_C0740,0,normal
LOT_011,LOT_011_C0741,0,normal
LOT_011,LOT_011_C0742,0,normal
LOT_011,LOT_011_C0743,0,normal
LOT_011,LOT_011_C0744,0,normal
LOT_011,LOT_011_C0745,0,normal
LOT_011,LOT_011_C0746,0,normal
LOT_011,LOT_011_C0747,0,normal
LOT_011,LOT_011_C0748,0,normal
LOT_011,LOT_011_C0749,0,normal
LOT_011,LOT_011_C0750,0,normal
LOT_011,LOT_011_C0751,0,normal
LOT_011,LOT_011_C0752,0,normal
LOT_011,LOT_011_C0753,0,normal
LOT_011,LOT_011_C0754,0,normal
LOT_011,LOT_011_C0755,0,normal
LOT_011,LOT_011_C0756,0,normal
LOT_011,LOT_011_C0757,0,normal
LOT_011,LOT_011_C0758,0,normal
LOT_011,LOT_011_C0759,0,normal
LOT_011,LOT_011_C0760,0,normal
LOT_011,LOT_011_C0761,0,normal
LOT_011,LOT_011_C0762,1,obvious
LOT_011,LOT_011_C0763,0,normal
LOT_011,LOT_011_C0764,0,normal
LOT_011,LOT_011_C0765,0,normal
LOT_011,LOT_011_C0766,0,normal
LOT_011,LOT_011_C0767,0,normal
LOT_011,LOT_011_C0768,0,normal
LOT_011,LOT_011_C0769,0,normal
LOT_011,LOT_011_C0770,0,normal
LOT_011,LOT_011_C0771,0,normal
LOT_011,LOT_011_C0772,0,normal
LOT_011,LOT_011_C0773,0,normal
LOT_011,LOT_011_C0774,0,normal
LOT_011,LOT_011_C0775,0,normal
LOT_011,LOT_011_C0776,0,normal
LOT_011,LOT_011_C0777,0,normal
LOT_011,LOT_011_C0778,0,normal
LOT_011,LOT_011_C0779,0,normal
LOT_011,LOT_011_C0780,0,normal
LOT_011,LOT_011_C0781,1,obvious
LOT_011,LOT_011_C0782,1,latent
LOT_011,LOT_011_C0783,0,normal
LOT_011,LOT_011_C0784,0,normal
LOT_011,LOT_011_C0785,0,normal
LOT_011,LOT_011_C0786,0,normal
LOT_011,LOT_011_C0787,1,latent
LOT_011,LOT_011_C0788,0,normal
LOT_011,LOT_011_C0789,0,normal
LOT_011,LOT_011_C0790,1,latent
LOT_011,LOT_011_C0791,0,normal
LOT_011,LOT_011_C0792,0,normal
LOT_011,LOT_011_C0793,1,latent
LOT_011,LOT_011_C0794,0,normal
LOT_011,LOT_011_C0795,0,normal
LOT_011,LOT_011_C0796,0,normal
LOT_011,LOT_011_C0797,0,normal
LOT_011,LOT_011_C0798,0,normal
LOT_011,LOT_011_C0799,0,normal
LOT_011,LOT_011_C0800,0,normal
LOT_011,LOT_011_C0801,0,normal
LOT_011,LOT_011_C0802,0,normal
LOT_011,LOT_011_C0803,0,normal
LOT_011,LOT_011_C0804,0,normal
LOT_011,LOT_011_C0805,0,normal
LOT_011,LOT_011_C0806,0,normal
LOT_011,LOT_011_C0807,0,normal
LOT_011,LOT_011_C0808,0,normal
LOT_011,LOT_011_C0809,0,normal
LOT_011,LOT_011_C0810,0,normal
LOT_011,LOT_011_C0811,0,normal
LOT_011,LOT_011_C0812,1,obvious
LOT_011,LOT_011_C0813,0,normal
LOT_011,LOT_011_C0814,1,latent
LOT_011,LOT_011_C0815,1,latent
LOT_011,LOT_011_C0816,0,normal
LOT_011,LOT_011_C0817,0,normal
LOT_011,LOT_011_C0818,0,normal
LOT_011,LOT_011_C0819,0,normal
LOT_011,LOT_011_C0820,0,normal
LOT_011,LOT_011_C0821,0,normal
LOT_011,LOT_011_C0822,1,latent
LOT_011,LOT_011_C0823,0,normal
LOT_011,LOT_011_C0824,0,normal
LOT_011,LOT_011_C0825,0,normal
LOT_011,LOT_011_C0826,0,normal
LOT_011,LOT_011_C0827,0,normal
LOT_011,LOT_011_C0828,0,normal
LOT_011,LOT_011_C0829,0,normal
LOT_011,LOT_011_C0830,0,normal
LOT_011,LOT_011_C0831,0,normal
LOT_011,LOT_011_C0832,0,normal
LOT_011,LOT_011_C0833,0,normal
LOT_011,LOT_011_C0834,0,normal
LOT_011,LOT_011_C0835,0,normal
LOT_011,LOT_011_C0836,0,normal
LOT_011,LOT_011_C0837,0,normal
LOT_011,LOT_011_C0838,0,normal
LOT_011,LOT_011_C0839,0,normal
LOT_011,LOT_011_C0840,0,normal
LOT_011,LOT_011_C0841,0,normal
LOT_011,LOT_011_C0842,0,normal
LOT_011,LOT_011_C0843,0,normal
LOT_011,LOT_011_C0844,0,normal
LOT_011,LOT_011_C0845,0,normal
LOT_011,LOT_011_C0846,0,normal
LOT_011,LOT_011_C0847,0,normal
LOT_011,LOT_011_C0848,0,normal
LOT_011,LOT_011_C0849,0,normal
LOT_011,LOT_011_C0850,0,normal
LOT_011,LOT_011_C0851,0,normal
LOT_011,LOT_011_C0852,0,normal
LOT_011,LOT_011_C0853,0,normal
LOT_011,LOT_011_C0854,0,normal
LOT_011,LOT_011_C0855,0,normal
LOT_011,LOT_011_C0856,1,latent
LOT_011,LOT_011_C0857,0,normal
LOT_011,LOT_011_C0858,0,normal
LOT_011,LOT_011_C0859,0,normal
LOT_011,LOT_011_C0860,0,normal
LOT_011,LOT_011_C0861,0,normal
LOT_011,LOT_011_C0862,0,normal
LOT_011,LOT_011_C0863,0,normal
LOT_011,LOT_011_C0864,0,normal
LOT_011,LOT_011_C0865,0,normal
LOT_011,LOT_011_C0866,0,normal
LOT_011,LOT_011_C0867,0,normal
LOT_011,LOT_011_C0868,0,normal
LOT_011,LOT_011_C0869,0,normal
LOT_011,LOT_011_C0870,0,normal
LOT_011,LOT_011_C0871,0,normal
LOT_011,LOT_011_C0872,0,normal
LOT_011,LOT_011_C0873,0,normal
LOT_011,LOT_011_C0874,0,normal
LOT_011,LOT_011_C0875,0,normal
LOT_011,LOT_011_C0876,0,normal
LOT_011,LOT_011_C0877,0,normal
LOT_011,LOT_011_C0878,0,normal
LOT_011,LOT_011_C0879,0,normal
LOT_011,LOT_011_C0880,0,normal
LOT_011,LOT_011_C0881,0,normal
LOT_011,LOT_011_C0882,0,normal
LOT_011,LOT_011_C0883,0,normal
LOT_011,LOT_011_C0884,0,normal
LOT_011,LOT_011_C0885,0,normal
LOT_011,LOT_011_C0886,0,normal
LOT_011,LOT_011_C0887,0,normal
LOT_011,LOT_011_C0888,0,normal
LOT_011,LOT_011_C0889,1,latent
LOT_011,LOT_011_C0890,0,normal
LOT_011,LOT_011_C0891,0,normal
LOT_011,LOT_011_C0892,0,normal
LOT_011,LOT_011_C0893,0,normal
LOT_011,LOT_011_C0894,0,normal
LOT_011,LOT_011_C0895,0,normal
LOT_011,LOT_011_C0896,0,normal
LOT_011,LOT_011_C0897,0,normal
LOT_011,LOT_011_C0898,0,normal
LOT_011,LOT_011_C0899,0,normal
LOT_011,LOT_011_C0900,1,latent
LOT_011,LOT_011_C0901,0,normal
LOT_011,LOT_011_C0902,0,normal
LOT_011,LOT_011_C0903,0,normal
LOT_011,LOT_011_C0904,0,normal
LOT_011,LOT_011_C0905,0,normal
LOT_011,LOT_011_C0906,0,normal
LOT_011,LOT_011_C0907,0,normal
LOT_011,LOT_011_C0908,0,normal
LOT_011,LOT_011_C0909,0,normal
LOT_011,LOT_011_C0910,0,normal
LOT_011,LOT_011_C0911,0,normal
LOT_011,LOT_011_C0912,0,normal
LOT_011,LOT_011_C0913,0,normal
LOT_011,LOT_011_C0914,0,normal
LOT_011,LOT_011_C0915,0,normal
LOT_011,LOT_011_C0916,0,normal
LOT_011,LOT_011_C0917,0,normal
LOT_011,LOT_011_C0918,0,normal
LOT_011,LOT_011_C0919,0,normal
LOT_011,LOT_011_C0920,0,normal
LOT_011,LOT_011_C0921,0,normal
LOT_011,LOT_011_C0922,0,normal
LOT_011,LOT_011_C0923,0,normal
LOT_011,LOT_011_C0924,0,normal
LOT_011,LOT_011_C0925,0,normal
LOT_011,LOT_011_C0926,0,normal
LOT_011,LOT_011_C0927,0,normal
LOT_011,LOT_011_C0928,0,normal
LOT_011,LOT_011_C0929,0,normal
LOT_011,LOT_011_C0930,0,normal
LOT_011,LOT_011_C0931,0,normal
LOT_011,LOT_011_C0932,0,normal
LOT_011,LOT_011_C0933,0,normal
LOT_011,LOT_011_C0934,0,normal
LOT_011,LOT_011_C0935,0,normal
LOT_011,LOT_011_C0936,0,normal
LOT_011,LOT_011_C0937,0,normal
LOT_011,LOT_011_C0938,0,normal
LOT_011,LOT_011_C0939,0,normal
LOT_011,LOT_011_C0940,0,normal
LOT_011,LOT_011_C0941,0,normal
LOT_011,LOT_011_C0942,0,normal
LOT_011,LOT_011_C0943,0,normal
LOT_011,LOT_011_C0944,0,normal
LOT_011,LOT_011_C0945,0,normal
LOT_011,LOT_011_C0946,0,normal
LOT_011,LOT_011_C0947,0,normal
LOT_011,LOT_011_C0948,0,normal
LOT_011,LOT_011_C0949,0,normal
LOT_011,LOT_011_C0950,0,normal
LOT_011,LOT_011_C0951,1,obvious
LOT_011,LOT_011_C0952,0,normal
LOT_011,LOT_011_C0953,0,normal
LOT_011,LOT_011_C0954,0,normal
LOT_011,LOT_011_C0955,0,normal
LOT_011,LOT_011_C0956,0,normal
LOT_011,LOT_011_C0957,0,normal
LOT_011,LOT_011_C0958,0,normal
LOT_011,LOT_011_C0959,0,normal
LOT_011,LOT_011_C0960,0,normal
LOT_011,LOT_011_C0961,0,normal
LOT_011,LOT_011_C0962,0,normal
LOT_011,LOT_011_C0963,0,normal
LOT_011,LOT_011_C0964,0,normal
LOT_011,LOT_011_C0965,0,normal
LOT_011,LOT_011_C0966,0,normal
LOT_011,LOT_011_C0967,0,normal
LOT_011,LOT_011_C0968,0,normal
LOT_011,LOT_011_C0969,0,normal
LOT_011,LOT_011_C0970,0,normal
LOT_011,LOT_011_C0971,0,normal
LOT_011,LOT_011_C0972,0,normal
LOT_011,LOT_011_C0973,0,normal
LOT_011,LOT_011_C0974,0,normal
LOT_011,LOT_011_C0975,0,normal
LOT_011,LOT_011_C0976,0,normal
LOT_011,LOT_011_C0977,0,normal
LOT_011,LOT_011_C0978,0,normal
LOT_011,LOT_011_C0979,0,normal
LOT_011,LOT_011_C0980,0,normal
LOT_011,LOT_011_C0981,0,normal
LOT_011,LOT_011_C0982,0,normal
LOT_011,LOT_011_C0983,0,normal
LOT_011,LOT_011_C0984,0,normal
LOT_011,LOT_011_C0985,0,normal
LOT_011,LOT_011_C0986,0,normal
LOT_012,LOT_012_C0000,0,normal
LOT_012,LOT_012_C0001,0,normal
LOT_012,LOT_012_C0002,0,normal
LOT_012,LOT_012_C0003,0,normal
LOT_012,LOT_012_C0004,0,normal
LOT_012,LOT_012_C0005,0,normal
LOT_012,LOT_012_C0006,1,obvious
LOT_012,LOT_012_C0007,0,normal
LOT_012,LOT_012_C0008,0,normal
LOT_012,LOT_012_C0009,0,normal
LOT_012,LOT_012_C0010,0,normal
LOT_012,LOT_012_C0011,0,normal
LOT_012,LOT_012_C0012,0,normal
LOT_012,LOT_012_C0013,0,normal
LOT_012,LOT_012_C0014,0,normal
LOT_012,LOT_012_C0015,0,normal
LOT_012,LOT_012_C0016,0,normal
LOT_012,LOT_012_C0017,0,normal
LOT_012,LOT_012_C0018,0,normal
LOT_012,LOT_012_C0019,0,normal
LOT_012,LOT_012_C0020,0,normal
LOT_012,LOT_012_C0021,0,normal
LOT_012,LOT_012_C0022,0,normal
LOT_012,LOT_012_C0023,0,normal
LOT_012,LOT_012_C0024,0,normal
LOT_012,LOT_012_C0025,0,normal
LOT_012,LOT_012_C0026,0,normal
LOT_012,LOT_012_C0027,0,normal
LOT_012,LOT_012_C0028,0,normal
LOT_012,LOT_012_C0029,0,normal
LOT_012,LOT_012_C0030,0,normal
LOT_012,LOT_012_C0031,0,normal
LOT_012,LOT_012_C0032,0,normal
LOT_012,LOT_012_C0033,0,normal
LOT_012,LOT_012_C0034,1,latent
LOT_012,LOT_012_C0035,0,normal
LOT_012,LOT_012_C0036,0,normal
LOT_012,LOT_012_C0037,0,normal
LOT_012,LOT_012_C0038,0,normal
LOT_012,LOT_012_C0039,0,normal
LOT_012,LOT_012_C0040,0,normal
LOT_012,LOT_012_C0041,0,normal
LOT_012,LOT_012_C0042,0,normal
LOT_012,LOT_012_C0043,0,normal
LOT_012,LOT_012_C0044,0,normal
LOT_012,LOT_012_C0045,0,normal
LOT_012,LOT_012_C0046,0,normal
LOT_012,LOT_012_C0047,0,normal
LOT_012,LOT_012_C0048,0,normal
LOT_012,LOT_012_C0049,0,normal
LOT_012,LOT_012_C0050,0,normal
LOT_012,LOT_012_C0051,1,latent
LOT_012,LOT_012_C0052,0,normal
LOT_012,LOT_012_C0053,0,normal
LOT_012,LOT_012_C0054,0,normal
LOT_012,LOT_012_C0055,0,normal
LOT_012,LOT_012_C0056,0,normal
LOT_012,LOT_012_C0057,0,normal
LOT_012,LOT_012_C0058,0,normal
LOT_012,LOT_012_C0059,0,normal
LOT_012,LOT_012_C0060,0,normal
LOT_012,LOT_012_C0061,0,normal
LOT_012,LOT_012_C0062,0,normal
LOT_012,LOT_012_C0063,0,normal
LOT_012,LOT_012_C0064,0,normal
LOT_012,LOT_012_C0065,0,normal
LOT_012,LOT_012_C0066,0,normal
LOT_012,LOT_012_C0067,0,normal
LOT_012,LOT_012_C0068,0,normal
LOT_012,LOT_012_C0069,0,normal
LOT_012,LOT_012_C0070,1,latent
LOT_012,LOT_012_C0071,0,normal
LOT_012,LOT_012_C0072,0,normal
LOT_012,LOT_012_C0073,0,normal
LOT_012,LOT_012_C0074,0,normal
LOT_012,LOT_012_C0075,0,normal
LOT_012,LOT_012_C0076,0,normal
LOT_012,LOT_012_C0077,0,normal
LOT_012,LOT_012_C0078,0,normal
LOT_012,LOT_012_C0079,0,normal
LOT_012,LOT_012_C0080,0,normal
LOT_012,LOT_012_C0081,0,normal
LOT_012,LOT_012_C0082,0,normal
LOT_012,LOT_012_C0083,0,normal
LOT_012,LOT_012_C0084,0,normal
LOT_012,LOT_012_C0085,0,normal
LOT_012,LOT_012_C0086,0,normal
LOT_012,LOT_012_C0087,0,normal
LOT_012,LOT_012_C0088,0,normal
LOT_012,LOT_012_C0089,0,normal
LOT_012,LOT_012_C0090,0,normal
LOT_012,LOT_012_C0091,0,normal
LOT_012,LOT_012_C0092,0,normal
LOT_012,LOT_012_C0093,1,obvious
LOT_012,LOT_012_C0094,0,normal
LOT_012,LOT_012_C0095,0,normal
LOT_012,LOT_012_C0096,0,normal
LOT_012,LOT_012_C0097,0,normal
LOT_012,LOT_012_C0098,0,normal
LOT_012,LOT_012_C0099,1,latent
LOT_012,LOT_012_C0100,0,normal
LOT_012,LOT_012_C0101,0,normal
LOT_012,LOT_012_C0102,0,normal
LOT_012,LOT_012_C0103,0,normal
LOT_012,LOT_012_C0104,0,normal
LOT_012,LOT_012_C0105,0,normal
LOT_012,LOT_012_C0106,0,normal
LOT_012,LOT_012_C0107,0,normal
LOT_012,LOT_012_C0108,0,normal
LOT_012,LOT_012_C0109,0,normal
LOT_012,LOT_012_C0110,0,normal
LOT_012,LOT_012_C0111,0,normal
LOT_012,LOT_012_C0112,0,normal
LOT_012,LOT_012_C0113,0,normal
LOT_012,LOT_012_C0114,0,normal
LOT_012,LOT_012_C0115,0,normal
LOT_012,LOT_012_C0116,1,latent
LOT_012,LOT_012_C0117,0,normal
LOT_012,LOT_012_C0118,0,normal
LOT_012,LOT_012_C0119,0,normal
LOT_012,LOT_012_C0120,0,normal
LOT_012,LOT_012_C0121,0,normal
LOT_012,LOT_012_C0122,0,normal
LOT_012,LOT_012_C0123,0,normal
LOT_012,LOT_012_C0124,0,normal
LOT_012,LOT_012_C0125,0,normal
LOT_012,LOT_012_C0126,0,normal
LOT_012,LOT_012_C0127,0,normal
LOT_012,LOT_012_C0128,0,normal
LOT_012,LOT_012_C0129,0,normal
LOT_012,LOT_012_C0130,0,normal
LOT_012,LOT_012_C0131,1,latent
LOT_012,LOT_012_C0132,0,normal
LOT_012,LOT_012_C0133,0,normal
LOT_012,LOT_012_C0134,0,normal
LOT_012,LOT_012_C0135,0,normal
LOT_012,LOT_012_C0136,0,normal
LOT_012,LOT_012_C0137,0,normal
LOT_012,LOT_012_C0138,0,normal
LOT_012,LOT_012_C0139,0,normal
LOT_012,LOT_012_C0140,1,latent
LOT_012,LOT_012_C0141,0,normal
LOT_012,LOT_012_C0142,0,normal
LOT_012,LOT_012_C0143,0,normal
LOT_012,LOT_012_C0144,0,normal
LOT_012,LOT_012_C0145,0,normal
LOT_012,LOT_012_C0146,0,normal
LOT_012,LOT_012_C0147,0,normal
LOT_012,LOT_012_C0148,0,normal
LOT_012,LOT_012_C0149,1,latent
LOT_012,LOT_012_C0150,0,normal
LOT_012,LOT_012_C0151,0,normal
LOT_012,LOT_012_C0152,0,normal
LOT_012,LOT_012_C0153,0,normal
LOT_012,LOT_012_C0154,0,normal
LOT_012,LOT_012_C0155,0,normal
LOT_012,LOT_012_C0156,0,normal
LOT_012,LOT_012_C0157,0,normal
LOT_012,LOT_012_C0158,0,normal
LOT_012,LOT_012_C0159,0,normal
LOT_012,LOT_012_C0160,0,normal
LOT_012,LOT_012_C0161,0,normal
LOT_012,LOT_012_C0162,0,normal
LOT_012,LOT_012_C0163,0,normal
LOT_012,LOT_012_C0164,0,normal
LOT_012,LOT_012_C0165,0,normal
LOT_012,LOT_012_C0166,0,normal
LOT_012,LOT_012_C0167,0,normal
LOT_012,LOT_012_C0168,0,normal
LOT_012,LOT_012_C0169,0,normal
LOT_012,LOT_012_C0170,0,normal
LOT_012,LOT_012_C0171,0,normal
LOT_012,LOT_012_C0172,0,normal
LOT_012,LOT_012_C0173,0,normal
LOT_012,LOT_012_C0174,0,normal
LOT_012,LOT_012_C0175,0,normal
LOT_012,LOT_012_C0176,0,normal
LOT_012,LOT_012_C0177,0,normal
LOT_012,LOT_012_C0178,0,normal
LOT_012,LOT_012_C0179,0,normal
LOT_012,LOT_012_C0180,0,normal
LOT_012,LOT_012_C0181,0,normal
LOT_012,LOT_012_C0182,0,normal
LOT_012,LOT_012_C0183,0,normal
LOT_012,LOT_012_C0184,0,normal
LOT_012,LOT_012_C0185,0,normal
LOT_012,LOT_012_C0186,0,normal
LOT_012,LOT_012_C0187,0,normal
LOT_012,LOT_012_C0188,0,normal
LOT_012,LOT_012_C0189,0,normal
LOT_012,LOT_012_C0190,0,normal
LOT_012,LOT_012_C0191,0,normal
LOT_012,LOT_012_C0192,0,normal
LOT_012,LOT_012_C0193,0,normal
LOT_012,LOT_012_C0194,0,normal
LOT_012,LOT_012_C0195,0,normal
LOT_012,LOT_012_C0196,0,normal
LOT_012,LOT_012_C0197,0,normal
LOT_012,LOT_012_C0198,0,normal
LOT_012,LOT_012_C0199,0,normal
LOT_012,LOT_012_C0200,0,normal
LOT_012,LOT_012_C0201,0,normal
LOT_012,LOT_012_C0202,0,normal
LOT_012,LOT_012_C0203,0,normal
LOT_012,LOT_012_C0204,0,normal
LOT_012,LOT_012_C0205,0,normal
LOT_012,LOT_012_C0206,0,normal
LOT_012,LOT_012_C0207,0,normal
LOT_012,LOT_012_C0208,0,normal
LOT_012,LOT_012_C0209,0,normal
LOT_012,LOT_012_C0210,0,normal
LOT_012,LOT_012_C0211,0,normal
LOT_012,LOT_012_C0212,1,obvious
LOT_012,LOT_012_C0213,0,normal
LOT_012,LOT_012_C0214,0,normal
LOT_012,LOT_012_C0215,0,normal
LOT_012,LOT_012_C0216,0,normal
LOT_012,LOT_012_C0217,0,normal
LOT_012,LOT_012_C0218,0,normal
LOT_012,LOT_012_C0219,0,normal
LOT_012,LOT_012_C0220,0,normal
LOT_012,LOT_012_C0221,0,normal
LOT_012,LOT_012_C0222,0,normal
LOT_012,LOT_012_C0223,0,normal
LOT_012,LOT_012_C0224,0,normal
LOT_012,LOT_012_C0225,0,normal
LOT_012,LOT_012_C0226,0,normal
LOT_012,LOT_012_C0227,0,normal
LOT_012,LOT_012_C0228,0,normal
LOT_012,LOT_012_C0229,0,normal
LOT_012,LOT_012_C0230,0,normal
LOT_012,LOT_012_C0231,0,normal
LOT_012,LOT_012_C0232,0,normal
LOT_012,LOT_012_C0233,0,normal
LOT_012,LOT_012_C0234,0,normal
LOT_012,LOT_012_C0235,0,normal
LOT_012,LOT_012_C0236,0,normal
LOT_012,LOT_012_C0237,0,normal
LOT_012,LOT_012_C0238,0,normal
LOT_012,LOT_012_C0239,0,normal
LOT_012,LOT_012_C0240,0,normal
LOT_012,LOT_012_C0241,0,normal
LOT_012,LOT_012_C0242,0,normal
LOT_012,LOT_012_C0243,0,normal
LOT_012,LOT_012_C0244,0,normal
LOT_012,LOT_012_C0245,0,normal
LOT_012,LOT_012_C0246,0,normal
LOT_012,LOT_012_C0247,0,normal
LOT_012,LOT_012_C0248,0,normal
LOT_012,LOT_012_C0249,0,normal
LOT_012,LOT_012_C0250,0,normal
LOT_012,LOT_012_C0251,0,normal
LOT_012,LOT_012_C0252,0,normal
LOT_012,LOT_012_C0253,0,normal
LOT_012,LOT_012_C0254,0,normal
LOT_012,LOT_012_C0255,0,normal
LOT_012,LOT_012_C0256,0,normal
LOT_012,LOT_012_C0257,0,normal
LOT_012,LOT_012_C0258,0,normal
LOT_012,LOT_012_C0259,0,normal
LOT_012,LOT_012_C0260,0,normal
LOT_012,LOT_012_C0261,0,normal
LOT_012,LOT_012_C0262,0,normal
LOT_012,LOT_012_C0263,0,normal
LOT_012,LOT_012_C0264,0,normal
LOT_012,LOT_012_C0265,0,normal
LOT_012,LOT_012_C0266,0,normal
LOT_012,LOT_012_C0267,0,normal
LOT_012,LOT_012_C0268,0,normal
LOT_012,LOT_012_C0269,0,normal
LOT_012,LOT_012_C0270,0,normal
LOT_012,LOT_012_C0271,0,normal
LOT_012,LOT_012_C0272,0,normal
LOT_012,LOT_012_C0273,1,latent
LOT_012,LOT_012_C0274,0,normal
LOT_012,LOT_012_C0275,0,normal
LOT_012,LOT_012_C0276,0,normal
LOT_012,LOT_012_C0277,0,normal
LOT_012,LOT_012_C0278,0,normal
LOT_012,LOT_012_C0279,0,normal
LOT_012,LOT_012_C0280,0,normal
LOT_012,LOT_012_C0281,0,normal
LOT_012,LOT_012_C0282,0,normal
LOT_012,LOT_012_C0283,0,normal
LOT_012,LOT_012_C0284,0,normal
LOT_012,LOT_012_C0285,0,normal
LOT_012,LOT_012_C0286,0,normal
LOT_012,LOT_012_C0287,0,normal
LOT_012,LOT_012_C0288,1,latent
LOT_012,LOT_012_C0289,0,normal
LOT_012,LOT_012_C0290,0,normal
LOT_012,LOT_012_C0291,0,normal
LOT_012,LOT_012_C0292,0,normal
LOT_012,LOT_012_C0293,0,normal
LOT_012,LOT_012_C0294,0,normal
LOT_012,LOT_012_C0295,0,normal
LOT_012,LOT_012_C0296,0,normal
LOT_012,LOT_012_C0297,0,normal
LOT_012,LOT_012_C0298,0,normal
LOT_012,LOT_012_C0299,0,normal
LOT_012,LOT_012_C0300,0,normal
LOT_012,LOT_012_C0301,0,normal
LOT_012,LOT_012_C0302,0,normal
LOT_012,LOT_012_C0303,0,normal
LOT_012,LOT_012_C0304,0,normal
LOT_012,LOT_012_C0305,0,normal
LOT_012,LOT_012_C0306,0,normal
LOT_012,LOT_012_C0307,0,normal
LOT_012,LOT_012_C0308,0,normal
LOT_012,LOT_012_C0309,0,normal
LOT_012,LOT_012_C0310,0,normal
LOT_012,LOT_012_C0311,0,normal
LOT_012,LOT_012_C0312,0,normal
LOT_012,LOT_012_C0313,1,obvious
LOT_012,LOT_012_C0314,0,normal
LOT_012,LOT_012_C0315,1,obvious
LOT_012,LOT_012_C0316,0,normal
LOT_012,LOT_012_C0317,0,normal
LOT_012,LOT_012_C0318,0,normal
LOT_012,LOT_012_C0319,0,normal
LOT_012,LOT_012_C0320,0,normal
LOT_012,LOT_012_C0321,0,normal
LOT_012,LOT_012_C0322,0,normal
LOT_012,LOT_012_C0323,0,normal
LOT_012,LOT_012_C0324,0,normal
LOT_012,LOT_012_C0325,0,normal
LOT_012,LOT_012_C0326,0,normal
LOT_012,LOT_012_C0327,0,normal
LOT_012,LOT_012_C0328,0,normal
LOT_012,LOT_012_C0329,0,normal
LOT_012,LOT_012_C0330,1,latent
LOT_012,LOT_012_C0331,0,normal
LOT_012,LOT_012_C0332,0,normal
LOT_012,LOT_012_C0333,0,normal
LOT_012,LOT_012_C0334,0,normal
LOT_012,LOT_012_C0335,0,normal
LOT_012,LOT_012_C0336,0,normal
LOT_012,LOT_012_C0337,0,normal
LOT_012,LOT_012_C0338,0,normal
LOT_012,LOT_012_C0339,0,normal
LOT_012,LOT_012_C0340,0,normal
LOT_012,LOT_012_C0341,0,normal
LOT_012,LOT_012_C0342,0,normal
LOT_012,LOT_012_C0343,0,normal
LOT_012,LOT_012_C0344,0,normal
LOT_012,LOT_012_C0345,0,normal
LOT_012,LOT_012_C0346,0,normal
LOT_012,LOT_012_C0347,0,normal
LOT_012,LOT_012_C0348,0,normal
LOT_012,LOT_012_C0349,0,normal
LOT_012,LOT_012_C0350,0,normal
LOT_012,LOT_012_C0351,1,obvious
LOT_012,LOT_012_C0352,0,normal
LOT_012,LOT_012_C0353,0,normal
LOT_012,LOT_012_C0354,0,normal
LOT_012,LOT_012_C0355,0,normal
LOT_012,LOT_012_C0356,0,normal
LOT_012,LOT_012_C0357,0,normal
LOT_012,LOT_012_C0358,0,normal
LOT_012,LOT_012_C0359,0,normal
LOT_012,LOT_012_C0360,0,normal
LOT_012,LOT_012_C0361,0,normal
LOT_012,LOT_012_C0362,0,normal
LOT_012,LOT_012_C0363,0,normal
LOT_012,LOT_012_C0364,0,normal
LOT_012,LOT_012_C0365,1,latent
LOT_012,LOT_012_C0366,0,normal
LOT_012,LOT_012_C0367,0,normal
LOT_012,LOT_012_C0368,0,normal
LOT_012,LOT_012_C0369,0,normal
LOT_012,LOT_012_C0370,0,normal
LOT_012,LOT_012_C0371,0,normal
LOT_012,LOT_012_C0372,0,normal
LOT_012,LOT_012_C0373,0,normal
LOT_012,LOT_012_C0374,1,obvious
LOT_012,LOT_012_C0375,0,normal
LOT_012,LOT_012_C0376,0,normal
LOT_012,LOT_012_C0377,0,normal
LOT_012,LOT_012_C0378,0,normal
LOT_012,LOT_012_C0379,0,normal
LOT_012,LOT_012_C0380,0,normal
LOT_012,LOT_012_C0381,0,normal
LOT_012,LOT_012_C0382,0,normal
LOT_012,LOT_012_C0383,0,normal
LOT_012,LOT_012_C0384,0,normal
LOT_012,LOT_012_C0385,1,latent
LOT_012,LOT_012_C0386,0,normal
LOT_012,LOT_012_C0387,0,normal
LOT_012,LOT_012_C0388,1,obvious
LOT_012,LOT_012_C0389,0,normal
LOT_012,LOT_012_C0390,0,normal
LOT_012,LOT_012_C0391,0,normal
LOT_012,LOT_012_C0392,0,normal
LOT_012,LOT_012_C0393,0,normal
LOT_012,LOT_012_C0394,0,normal
LOT_012,LOT_012_C0395,0,normal
LOT_012,LOT_012_C0396,0,normal
LOT_012,LOT_012_C0397,0,normal
LOT_012,LOT_012_C0398,0,normal
LOT_012,LOT_012_C0399,0,normal
LOT_012,LOT_012_C0400,0,normal
LOT_012,LOT_012_C0401,1,obvious
LOT_012,LOT_012_C0402,0,normal
LOT_012,LOT_012_C0403,0,normal
LOT_012,LOT_012_C0404,0,normal
LOT_012,LOT_012_C0405,1,latent
LOT_012,LOT_012_C0406,0,normal
LOT_012,LOT_012_C0407,0,normal
LOT_012,LOT_012_C0408,0,normal
LOT_012,LOT_012_C0409,0,normal
LOT_012,LOT_012_C0410,0,normal
LOT_012,LOT_012_C0411,0,normal
LOT_012,LOT_012_C0412,0,normal
LOT_012,LOT_012_C0413,1,latent
LOT_012,LOT_012_C0414,0,normal
LOT_012,LOT_012_C0415,0,normal
LOT_012,LOT_012_C0416,0,normal
LOT_012,LOT_012_C0417,0,normal
LOT_012,LOT_012_C0418,0,normal
LOT_012,LOT_012_C0419,0,normal
LOT_012,LOT_012_C0420,0,normal
LOT_012,LOT_012_C0421,0,normal
LOT_012,LOT_012_C0422,0,normal
LOT_012,LOT_012_C0423,0,normal
LOT_012,LOT_012_C0424,0,normal
LOT_012,LOT_012_C0425,0,normal
LOT_012,LOT_012_C0426,0,normal
LOT_012,LOT_012_C0427,0,normal
LOT_012,LOT_012_C0428,0,normal
LOT_012,LOT_012_C0429,1,latent
LOT_012,LOT_012_C0430,0,normal
LOT_012,LOT_012_C0431,0,normal
LOT_012,LOT_012_C0432,0,normal
LOT_012,LOT_012_C0433,0,normal
LOT_012,LOT_012_C0434,0,normal
LOT_012,LOT_012_C0435,0,normal
LOT_012,LOT_012_C0436,0,normal
LOT_012,LOT_012_C0437,0,normal
LOT_012,LOT_012_C0438,0,normal
LOT_012,LOT_012_C0439,1,latent
LOT_012,LOT_012_C0440,0,normal
LOT_012,LOT_012_C0441,0,normal
LOT_012,LOT_012_C0442,0,normal
LOT_012,LOT_012_C0443,0,normal
LOT_012,LOT_012_C0444,0,normal
LOT_012,LOT_012_C0445,0,normal
LOT_012,LOT_012_C0446,0,normal
LOT_012,LOT_012_C0447,0,normal
LOT_012,LOT_012_C0448,0,normal
LOT_012,LOT_012_C0449,0,normal
LOT_012,LOT_012_C0450,0,normal
LOT_012,LOT_012_C0451,0,normal
LOT_012,LOT_012_C0452,0,normal
LOT_012,LOT_012_C0453,0,normal
LOT_012,LOT_012_C0454,0,normal
LOT_012,LOT_012_C0455,0,normal
LOT_012,LOT_012_C0456,0,normal
LOT_012,LOT_012_C0457,0,normal
LOT_012,LOT_012_C0458,0,normal
LOT_012,LOT_012_C0459,0,normal
LOT_012,LOT_012_C0460,0,normal
LOT_012,LOT_012_C0461,0,normal
LOT_012,LOT_012_C0462,0,normal
LOT_012,LOT_012_C0463,0,normal
LOT_012,LOT_012_C0464,0,normal
LOT_012,LOT_012_C0465,0,normal
LOT_012,LOT_012_C0466,0,normal
LOT_012,LOT_012_C0467,0,normal
LOT_012,LOT_012_C0468,0,normal
LOT_012,LOT_012_C0469,0,normal
LOT_012,LOT_012_C0470,0,normal
LOT_012,LOT_012_C0471,0,normal
LOT_012,LOT_012_C0472,0,normal
LOT_012,LOT_012_C0473,0,normal
LOT_012,LOT_012_C0474,0,normal
LOT_012,LOT_012_C0475,0,normal
LOT_012,LOT_012_C0476,0,normal
LOT_012,LOT_012_C0477,0,normal
LOT_012,LOT_012_C0478,0,normal
LOT_012,LOT_012_C0479,0,normal
LOT_012,LOT_012_C0480,0,normal
LOT_012,LOT_012_C0481,0,normal
LOT_012,LOT_012_C0482,0,normal
LOT_012,LOT_012_C0483,0,normal
LOT_012,LOT_012_C0484,0,normal
LOT_012,LOT_012_C0485,0,normal
LOT_012,LOT_012_C0486,0,normal
LOT_012,LOT_012_C0487,0,normal
LOT_012,LOT_012_C0488,0,normal
LOT_012,LOT_012_C0489,0,normal
LOT_012,LOT_012_C0490,0,normal
LOT_012,LOT_012_C0491,0,normal
LOT_012,LOT_012_C0492,0,normal
LOT_012,LOT_012_C0493,0,normal
LOT_012,LOT_012_C0494,0,normal
LOT_012,LOT_012_C0495,0,normal
LOT_012,LOT_012_C0496,1,latent
LOT_012,LOT_012_C0497,0,normal
LOT_012,LOT_012_C0498,0,normal
LOT_012,LOT_012_C0499,0,normal
LOT_012,LOT_012_C0500,0,normal
LOT_012,LOT_012_C0501,0,normal
LOT_012,LOT_012_C0502,0,normal
LOT_012,LOT_012_C0503,0,normal
LOT_012,LOT_012_C0504,0,normal
LOT_012,LOT_012_C0505,0,normal
LOT_012,LOT_012_C0506,0,normal
LOT_012,LOT_012_C0507,0,normal
LOT_012,LOT_012_C0508,0,normal
LOT_012,LOT_012_C0509,0,normal
LOT_012,LOT_012_C0510,0,normal
LOT_012,LOT_012_C0511,0,normal
LOT_012,LOT_012_C0512,0,normal
LOT_012,LOT_012_C0513,1,latent
LOT_012,LOT_012_C0514,0,normal
LOT_012,LOT_012_C0515,0,normal
LOT_012,LOT_012_C0516,0,normal
LOT_012,LOT_012_C0517,0,normal
LOT_012,LOT_012_C0518,0,normal
LOT_012,LOT_012_C0519,0,normal
LOT_012,LOT_012_C0520,0,normal
LOT_012,LOT_012_C0521,0,normal
LOT_012,LOT_012_C0522,0,normal
LOT_012,LOT_012_C0523,0,normal
LOT_012,LOT_012_C0524,0,normal
LOT_012,LOT_012_C0525,0,normal
LOT_012,LOT_012_C0526,0,normal
LOT_012,LOT_012_C0527,0,normal
LOT_012,LOT_012_C0528,0,normal
LOT_012,LOT_012_C0529,0,normal
LOT_012,LOT_012_C0530,0,normal
LOT_012,LOT_012_C0531,0,normal
LOT_012,LOT_012_C0532,0,normal
LOT_012,LOT_012_C0533,0,normal
LOT_012,LOT_012_C0534,0,normal
LOT_012,LOT_012_C0535,0,normal
LOT_012,LOT_012_C0536,0,normal
LOT_012,LOT_012_C0537,0,normal
LOT_012,LOT_012_C0538,0,normal
LOT_012,LOT_012_C0539,0,normal
LOT_012,LOT_012_C0540,0,normal
LOT_012,LOT_012_C0541,0,normal
LOT_012,LOT_012_C0542,0,normal
LOT_012,LOT_012_C0543,0,normal
LOT_012,LOT_012_C0544,0,normal
LOT_012,LOT_012_C0545,0,normal
LOT_012,LOT_012_C0546,0,normal
LOT_012,LOT_012_C0547,0,normal
LOT_012,LOT_012_C0548,0,normal
LOT_012,LOT_012_C0549,0,normal
LOT_012,LOT_012_C0550,0,normal
LOT_012,LOT_012_C0551,0,normal
LOT_012,LOT_012_C0552,0,normal
LOT_012,LOT_012_C0553,0,normal
LOT_012,LOT_012_C0554,0,normal
LOT_012,LOT_012_C0555,0,normal
LOT_012,LOT_012_C0556,0,normal
LOT_012,LOT_012_C0557,0,normal
LOT_012,LOT_012_C0558,0,normal
LOT_012,LOT_012_C0559,0,normal
LOT_012,LOT_012_C0560,0,normal
LOT_012,LOT_012_C0561,0,normal
LOT_012,LOT_012_C0562,0,normal
LOT_012,LOT_012_C0563,0,normal
LOT_012,LOT_012_C0564,0,normal
LOT_012,LOT_012_C0565,0,normal
LOT_012,LOT_012_C0566,0,normal
LOT_012,LOT_012_C0567,0,normal
LOT_012,LOT_012_C0568,0,normal
LOT_012,LOT_012_C0569,0,normal
LOT_012,LOT_012_C0570,0,normal
LOT_012,LOT_012_C0571,1,latent
LOT_012,LOT_012_C0572,0,normal
LOT_012,LOT_012_C0573,0,normal
LOT_012,LOT_012_C0574,0,normal
LOT_012,LOT_012_C0575,0,normal
LOT_012,LOT_012_C0576,0,normal
LOT_012,LOT_012_C0577,0,normal
LOT_012,LOT_012_C0578,0,normal
LOT_012,LOT_012_C0579,0,normal
LOT_012,LOT_012_C0580,0,normal
LOT_012,LOT_012_C0581,0,normal
LOT_012,LOT_012_C0582,0,normal
LOT_012,LOT_012_C0583,0,normal
LOT_012,LOT_012_C0584,0,normal
LOT_012,LOT_012_C0585,0,normal
LOT_012,LOT_012_C0586,0,normal
LOT_012,LOT_012_C0587,0,normal
LOT_012,LOT_012_C0588,0,normal
LOT_012,LOT_012_C0589,0,normal
LOT_012,LOT_012_C0590,0,normal
LOT_012,LOT_012_C0591,0,normal
LOT_012,LOT_012_C0592,0,normal
LOT_012,LOT_012_C0593,0,normal
LOT_012,LOT_012_C0594,0,normal
LOT_012,LOT_012_C0595,0,normal
LOT_012,LOT_012_C0596,0,normal
LOT_012,LOT_012_C0597,0,normal
LOT_012,LOT_012_C0598,0,normal
LOT_012,LOT_012_C0599,0,normal
LOT_012,LOT_012_C0600,0,normal
LOT_012,LOT_012_C0601,0,normal
LOT_012,LOT_012_C0602,0,normal
LOT_012,LOT_012_C0603,0,normal
LOT_012,LOT_012_C0604,0,normal
LOT_012,LOT_012_C0605,0,normal
LOT_012,LOT_012_C0606,0,normal
LOT_012,LOT_012_C0607,0,normal
LOT_012,LOT_012_C0608,0,normal
LOT_012,LOT_012_C0609,0,normal
LOT_012,LOT_012_C0610,0,normal
LOT_012,LOT_012_C0611,0,normal
LOT_012,LOT_012_C0612,0,normal
LOT_012,LOT_012_C0613,0,normal
LOT_012,LOT_012_C0614,0,normal
LOT_012,LOT_012_C0615,0,normal
LOT_012,LOT_012_C0616,0,normal
LOT_012,LOT_012_C0617,0,normal
LOT_012,LOT_012_C0618,0,normal
LOT_012,LOT_012_C0619,1,latent
LOT_012,LOT_012_C0620,0,normal
LOT_012,LOT_012_C0621,0,normal
LOT_012,LOT_012_C0622,0,normal
LOT_012,LOT_012_C0623,0,normal
LOT_012,LOT_012_C0624,1,latent
LOT_012,LOT_012_C0625,0,normal
LOT_012,LOT_012_C0626,0,normal
LOT_012,LOT_012_C0627,0,normal
LOT_012,LOT_012_C0628,0,normal
LOT_012,LOT_012_C0629,1,latent
LOT_012,LOT_012_C0630,0,normal
LOT_012,LOT_012_C0631,0,normal
LOT_012,LOT_012_C0632,0,normal
LOT_012,LOT_012_C0633,0,normal
LOT_012,LOT_012_C0634,0,normal
LOT_012,LOT_012_C0635,0,normal
LOT_012,LOT_012_C0636,0,normal
LOT_012,LOT_012_C0637,0,normal
LOT_012,LOT_012_C0638,0,normal
LOT_012,LOT_012_C0639,0,normal
LOT_012,LOT_012_C0640,0,normal
LOT_012,LOT_012_C0641,0,normal
LOT_012,LOT_012_C0642,0,normal
LOT_012,LOT_012_C0643,0,normal
LOT_012,LOT_012_C0644,1,obvious
LOT_012,LOT_012_C0645,0,normal
LOT_012,LOT_012_C0646,0,normal
LOT_012,LOT_012_C0647,0,normal
LOT_012,LOT_012_C0648,0,normal
LOT_012,LOT_012_C0649,0,normal
LOT_012,LOT_012_C0650,0,normal
LOT_012,LOT_012_C0651,0,normal
LOT_012,LOT_012_C0652,0,normal
LOT_012,LOT_012_C0653,0,normal
LOT_012,LOT_012_C0654,0,normal
LOT_012,LOT_012_C0655,0,normal
LOT_012,LOT_012_C0656,0,normal
LOT_012,LOT_012_C0657,0,normal
LOT_012,LOT_012_C0658,0,normal
LOT_012,LOT_012_C0659,0,normal
LOT_012,LOT_012_C0660,0,normal
LOT_012,LOT_012_C0661,0,normal
LOT_012,LOT_012_C0662,0,normal
LOT_012,LOT_012_C0663,0,normal
LOT_012,LOT_012_C0664,0,normal
LOT_012,LOT_012_C0665,0,normal
LOT_012,LOT_012_C0666,0,normal
LOT_012,LOT_012_C0667,0,normal
LOT_012,LOT_012_C0668,0,normal
LOT_012,LOT_012_C0669,0,normal
LOT_012,LOT_012_C0670,0,normal
LOT_012,LOT_012_C0671,0,normal
LOT_012,LOT_012_C0672,0,normal
LOT_012,LOT_012_C0673,0,normal
LOT_012,LOT_012_C0674,0,normal
LOT_012,LOT_012_C0675,0,normal
LOT_012,LOT_012_C0676,0,normal
LOT_012,LOT_012_C0677,0,normal
LOT_012,LOT_012_C0678,0,normal
LOT_012,LOT_012_C0679,0,normal
LOT_012,LOT_012_C0680,0,normal
LOT_012,LOT_012_C0681,0,normal
LOT_012,LOT_012_C0682,0,normal
LOT_012,LOT_012_C0683,1,obvious
LOT_012,LOT_012_C0684,0,normal
LOT_012,LOT_012_C0685,1,latent
LOT_012,LOT_012_C0686,0,normal
LOT_012,LOT_012_C0687,0,normal
LOT_012,LOT_012_C0688,0,normal
LOT_012,LOT_012_C0689,0,normal
LOT_012,LOT_012_C0690,0,normal
LOT_012,LOT_012_C0691,0,normal
LOT_012,LOT_012_C0692,0,normal
LOT_012,LOT_012_C0693,0,normal
LOT_012,LOT_012_C0694,0,normal
LOT_012,LOT_012_C0695,0,normal
LOT_012,LOT_012_C0696,0,normal
LOT_012,LOT_012_C0697,0,normal
LOT_012,LOT_012_C0698,0,normal
LOT_012,LOT_012_C0699,0,normal
LOT_012,LOT_012_C0700,0,normal
LOT_012,LOT_012_C0701,0,normal
LOT_012,LOT_012_C0702,0,normal
LOT_012,LOT_012_C0703,1,latent
LOT_012,LOT_012_C0704,0,normal
LOT_012,LOT_012_C0705,0,normal
LOT_012,LOT_012_C0706,0,normal
LOT_012,LOT_012_C0707,1,latent
LOT_012,LOT_012_C0708,0,normal
LOT_012,LOT_012_C0709,0,normal
LOT_012,LOT_012_C0710,0,normal
LOT_012,LOT_012_C0711,0,normal
LOT_012,LOT_012_C0712,0,normal
LOT_012,LOT_012_C0713,0,normal
LOT_012,LOT_012_C0714,0,normal
LOT_012,LOT_012_C0715,0,normal
LOT_012,LOT_012_C0716,0,normal
LOT_012,LOT_012_C0717,1,latent
LOT_012,LOT_012_C0718,0,normal
LOT_012,LOT_012_C0719,0,normal
LOT_012,LOT_012_C0720,0,normal
LOT_012,LOT_012_C0721,0,normal
LOT_012,LOT_012_C0722,0,normal
LOT_012,LOT_012_C0723,0,normal
LOT_012,LOT_012_C0724,0,normal
LOT_012,LOT_012_C0725,0,normal
LOT_012,LOT_012_C0726,0,normal
LOT_012,LOT_012_C0727,0,normal
LOT_012,LOT_012_C0728,0,normal
LOT_012,LOT_012_C0729,0,normal
LOT_012,LOT_012_C0730,0,normal
LOT_012,LOT_012_C0731,0,normal
LOT_012,LOT_012_C0732,0,normal
LOT_012,LOT_012_C0733,0,normal
LOT_012,LOT_012_C0734,0,normal
LOT_012,LOT_012_C0735,0,normal
LOT_012,LOT_012_C0736,0,normal
LOT_012,LOT_012_C0737,0,normal
LOT_012,LOT_012_C0738,0,normal
LOT_012,LOT_012_C0739,0,normal
LOT_012,LOT_012_C0740,0,normal
LOT_012,LOT_012_C0741,0,normal
LOT_012,LOT_012_C0742,0,normal
LOT_012,LOT_012_C0743,0,normal
LOT_012,LOT_012_C0744,0,normal
LOT_012,LOT_012_C0745,0,normal
LOT_012,LOT_012_C0746,0,normal
LOT_012,LOT_012_C0747,0,normal
LOT_012,LOT_012_C0748,0,normal
LOT_012,LOT_012_C0749,0,normal
LOT_012,LOT_012_C0750,0,normal
LOT_012,LOT_012_C0751,0,normal
LOT_012,LOT_012_C0752,0,normal
LOT_012,LOT_012_C0753,0,normal
LOT_012,LOT_012_C0754,0,normal
LOT_012,LOT_012_C0755,1,latent
LOT_012,LOT_012_C0756,0,normal
LOT_012,LOT_012_C0757,1,latent
LOT_012,LOT_012_C0758,0,normal
LOT_012,LOT_012_C0759,0,normal
LOT_012,LOT_012_C0760,1,latent
LOT_012,LOT_012_C0761,0,normal
LOT_012,LOT_012_C0762,0,normal
LOT_012,LOT_012_C0763,0,normal
LOT_012,LOT_012_C0764,0,normal
LOT_012,LOT_012_C0765,0,normal
LOT_012,LOT_012_C0766,0,normal
LOT_012,LOT_012_C0767,0,normal
LOT_012,LOT_012_C0768,0,normal
LOT_012,LOT_012_C0769,0,normal
LOT_012,LOT_012_C0770,0,normal
LOT_012,LOT_012_C0771,0,normal
LOT_012,LOT_012_C0772,0,normal
LOT_012,LOT_012_C0773,0,normal
LOT_012,LOT_012_C0774,0,normal
LOT_012,LOT_012_C0775,0,normal
LOT_012,LOT_012_C0776,0,normal
LOT_012,LOT_012_C0777,0,normal
LOT_012,LOT_012_C0778,0,normal
LOT_012,LOT_012_C0779,0,normal
LOT_012,LOT_012_C0780,1,latent
LOT_012,LOT_012_C0781,0,normal
LOT_012,LOT_012_C0782,0,normal
LOT_012,LOT_012_C0783,0,normal
LOT_012,LOT_012_C0784,0,normal
LOT_012,LOT_012_C0785,0,normal
LOT_012,LOT_012_C0786,0,normal
LOT_012,LOT_012_C0787,0,normal
LOT_013,LOT_013_C0000,0,normal
LOT_013,LOT_013_C0001,0,normal
LOT_013,LOT_013_C0002,0,normal
LOT_013,LOT_013_C0003,0,normal
LOT_013,LOT_013_C0004,0,normal
LOT_013,LOT_013_C0005,0,normal
LOT_013,LOT_013_C0006,0,normal
LOT_013,LOT_013_C0007,0,normal
LOT_013,LOT_013_C0008,0,normal
LOT_013,LOT_013_C0009,0,normal
LOT_013,LOT_013_C0010,0,normal
LOT_013,LOT_013_C0011,0,normal
LOT_013,LOT_013_C0012,0,normal
LOT_013,LOT_013_C0013,0,normal
LOT_013,LOT_013_C0014,0,normal
LOT_013,LOT_013_C0015,0,normal
LOT_013,LOT_013_C0016,0,normal
LOT_013,LOT_013_C0017,0,normal
LOT_013,LOT_013_C0018,1,latent
LOT_013,LOT_013_C0019,0,normal
LOT_013,LOT_013_C0020,0,normal
LOT_013,LOT_013_C0021,0,normal
LOT_013,LOT_013_C0022,0,normal
LOT_013,LOT_013_C0023,0,normal
LOT_013,LOT_013_C0024,0,normal
LOT_013,LOT_013_C0025,0,normal
LOT_013,LOT_013_C0026,0,normal
LOT_013,LOT_013_C0027,0,normal
LOT_013,LOT_013_C0028,0,normal
LOT_013,LOT_013_C0029,0,normal
LOT_013,LOT_013_C0030,0,normal
LOT_013,LOT_013_C0031,0,normal
LOT_013,LOT_013_C0032,0,normal
LOT_013,LOT_013_C0033,0,normal
LOT_013,LOT_013_C0034,1,obvious
LOT_013,LOT_013_C0035,0,normal
LOT_013,LOT_013_C0036,0,normal
LOT_013,LOT_013_C0037,0,normal
LOT_013,LOT_013_C0038,0,normal
LOT_013,LOT_013_C0039,0,normal
LOT_013,LOT_013_C0040,0,normal
LOT_013,LOT_013_C0041,0,normal
LOT_013,LOT_013_C0042,0,normal
LOT_013,LOT_013_C0043,0,normal
LOT_013,LOT_013_C0044,0,normal
LOT_013,LOT_013_C0045,0,normal
LOT_013,LOT_013_C0046,0,normal
LOT_013,LOT_013_C0047,0,normal
LOT_013,LOT_013_C0048,0,normal
LOT_013,LOT_013_C0049,0,normal
LOT_013,LOT_013_C0050,0,normal
LOT_013,LOT_013_C0051,0,normal
LOT_013,LOT_013_C0052,0,normal
LOT_013,LOT_013_C0053,0,normal
LOT_013,LOT_013_C0054,0,normal
LOT_013,LOT_013_C0055,0,normal
LOT_013,LOT_013_C0056,0,normal
LOT_013,LOT_013_C0057,0,normal
LOT_013,LOT_013_C0058,1,latent
LOT_013,LOT_013_C0059,0,normal
LOT_013,LOT_013_C0060,0,normal
LOT_013,LOT_013_C0061,0,normal
LOT_013,LOT_013_C0062,0,normal
LOT_013,LOT_013_C0063,0,normal
LOT_013,LOT_013_C0064,0,normal
LOT_013,LOT_013_C0065,0,normal
LOT_013,LOT_013_C0066,0,normal
LOT_013,LOT_013_C0067,0,normal
LOT_013,LOT_013_C0068,0,normal
LOT_013,LOT_013_C0069,0,normal
LOT_013,LOT_013_C0070,0,normal
LOT_013,LOT_013_C0071,0,normal
LOT_013,LOT_013_C0072,0,normal
LOT_013,LOT_013_C0073,0,normal
LOT_013,LOT_013_C0074,0,normal
LOT_013,LOT_013_C0075,0,normal
LOT_013,LOT_013_C0076,0,normal
LOT_013,LOT_013_C0077,0,normal
LOT_013,LOT_013_C0078,0,normal
LOT_013,LOT_013_C0079,0,normal
LOT_013,LOT_013_C0080,0,normal
LOT_013,LOT_013_C0081,0,normal
LOT_013,LOT_013_C0082,0,normal
LOT_013,LOT_013_C0083,0,normal
LOT_013,LOT_013_C0084,0,normal
LOT_013,LOT_013_C0085,0,normal
LOT_013,LOT_013_C0086,0,normal
LOT_013,LOT_013_C0087,0,normal
LOT_013,LOT_013_C0088,0,normal
LOT_013,LOT_013_C0089,0,normal
LOT_013,LOT_013_C0090,0,normal
LOT_013,LOT_013_C0091,0,normal
LOT_013,LOT_013_C0092,0,normal
LOT_013,LOT_013_C0093,0,normal
LOT_013,LOT_013_C0094,0,normal
LOT_013,LOT_013_C0095,1,latent
LOT_013,LOT_013_C0096,0,normal
LOT_013,LOT_013_C0097,0,normal
LOT_013,LOT_013_C0098,0,normal
LOT_013,LOT_013_C0099,0,normal
LOT_013,LOT_013_C0100,0,normal
LOT_013,LOT_013_C0101,0,normal
LOT_013,LOT_013_C0102,0,normal
LOT_013,LOT_013_C0103,0,normal
LOT_013,LOT_013_C0104,0,normal
LOT_013,LOT_013_C0105,0,normal
LOT_013,LOT_013_C0106,0,normal
LOT_013,LOT_013_C0107,0,normal
LOT_013,LOT_013_C0108,0,normal
LOT_013,LOT_013_C0109,0,normal
LOT_013,LOT_013_C0110,0,normal
LOT_013,LOT_013_C0111,0,normal
LOT_013,LOT_013_C0112,0,normal
LOT_013,LOT_013_C0113,0,normal
LOT_013,LOT_013_C0114,0,normal
LOT_013,LOT_013_C0115,1,latent
LOT_013,LOT_013_C0116,0,normal
LOT_013,LOT_013_C0117,0,normal
LOT_013,LOT_013_C0118,0,normal
LOT_013,LOT_013_C0119,0,normal
LOT_013,LOT_013_C0120,0,normal
LOT_013,LOT_013_C0121,0,normal
LOT_013,LOT_013_C0122,0,normal
LOT_013,LOT_013_C0123,0,normal
LOT_013,LOT_013_C0124,1,latent
LOT_013,LOT_013_C0125,0,normal
LOT_013,LOT_013_C0126,0,normal
LOT_013,LOT_013_C0127,0,normal
LOT_013,LOT_013_C0128,0,normal
LOT_013,LOT_013_C0129,0,normal
LOT_013,LOT_013_C0130,0,normal
LOT_013,LOT_013_C0131,0,normal
LOT_013,LOT_013_C0132,0,normal
LOT_013,LOT_013_C0133,0,normal
LOT_013,LOT_013_C0134,0,normal
LOT_013,LOT_013_C0135,0,normal
LOT_013,LOT_013_C0136,1,latent
LOT_013,LOT_013_C0137,0,normal
LOT_013,LOT_013_C0138,0,normal
LOT_013,LOT_013_C0139,0,normal
LOT_013,LOT_013_C0140,0,normal
LOT_013,LOT_013_C0141,0,normal
LOT_013,LOT_013_C0142,0,normal
LOT_013,LOT_013_C0143,0,normal
LOT_013,LOT_013_C0144,0,normal
LOT_013,LOT_013_C0145,0,normal
LOT_013,LOT_013_C0146,0,normal
LOT_013,LOT_013_C0147,0,normal
LOT_013,LOT_013_C0148,0,normal
LOT_013,LOT_013_C0149,0,normal
LOT_013,LOT_013_C0150,0,normal
LOT_013,LOT_013_C0151,0,normal
LOT_013,LOT_013_C0152,0,normal
LOT_013,LOT_013_C0153,0,normal
LOT_013,LOT_013_C0154,0,normal
LOT_013,LOT_013_C0155,0,normal
LOT_013,LOT_013_C0156,0,normal
LOT_013,LOT_013_C0157,0,normal
LOT_013,LOT_013_C0158,0,normal
LOT_013,LOT_013_C0159,0,normal
LOT_013,LOT_013_C0160,0,normal
LOT_013,LOT_013_C0161,0,normal
LOT_013,LOT_013_C0162,0,normal
LOT_013,LOT_013_C0163,0,normal
LOT_013,LOT_013_C0164,0,normal
LOT_013,LOT_013_C0165,0,normal
LOT_013,LOT_013_C0166,0,normal
LOT_013,LOT_013_C0167,0,normal
LOT_013,LOT_013_C0168,0,normal
LOT_013,LOT_013_C0169,0,normal
LOT_013,LOT_013_C0170,0,normal
LOT_013,LOT_013_C0171,0,normal
LOT_013,LOT_013_C0172,0,normal
LOT_013,LOT_013_C0173,0,normal
LOT_013,LOT_013_C0174,0,normal
LOT_013,LOT_013_C0175,0,normal
LOT_013,LOT_013_C0176,0,normal
LOT_013,LOT_013_C0177,0,normal
LOT_013,LOT_013_C0178,0,normal
LOT_013,LOT_013_C0179,0,normal
LOT_013,LOT_013_C0180,0,normal
LOT_013,LOT_013_C0181,0,normal
LOT_013,LOT_013_C0182,0,normal
LOT_013,LOT_013_C0183,0,normal
LOT_013,LOT_013_C0184,0,normal
LOT_013,LOT_013_C0185,0,normal
LOT_013,LOT_013_C0186,0,normal
LOT_013,LOT_013_C0187,0,normal
LOT_013,LOT_013_C0188,0,normal
LOT_013,LOT_013_C0189,0,normal
LOT_013,LOT_013_C0190,0,normal
LOT_013,LOT_013_C0191,0,normal
LOT_013,LOT_013_C0192,0,normal
LOT_013,LOT_013_C0193,0,normal
LOT_013,LOT_013_C0194,0,normal
LOT_013,LOT_013_C0195,0,normal
LOT_013,LOT_013_C0196,0,normal
LOT_013,LOT_013_C0197,0,normal
LOT_013,LOT_013_C0198,0,normal
LOT_013,LOT_013_C0199,0,normal
LOT_013,LOT_013_C0200,0,normal
LOT_013,LOT_013_C0201,0,normal
LOT_013,LOT_013_C0202,0,normal
LOT_013,LOT_013_C0203,0,normal
LOT_013,LOT_013_C0204,0,normal
LOT_013,LOT_013_C0205,0,normal
LOT_013,LOT_013_C0206,0,normal
LOT_013,LOT_013_C0207,0,normal
LOT_013,LOT_013_C0208,0,normal
LOT_013,LOT_013_C0209,0,normal
LOT_013,LOT_013_C0210,0,normal
LOT_013,LOT_013_C0211,0,normal
LOT_013,LOT_013_C0212,1,latent
LOT_013,LOT_013_C0213,0,normal
LOT_013,LOT_013_C0214,0,normal
LOT_013,LOT_013_C0215,0,normal
LOT_013,LOT_013_C0216,0,normal
LOT_013,LOT_013_C0217,0,normal
LOT_013,LOT_013_C0218,0,normal
LOT_013,LOT_013_C0219,0,normal
LOT_013,LOT_013_C0220,0,normal
LOT_013,LOT_013_C0221,1,latent
LOT_013,LOT_013_C0222,0,normal
LOT_013,LOT_013_C0223,0,normal
LOT_013,LOT_013_C0224,0,normal
LOT_013,LOT_013_C0225,0,normal
LOT_013,LOT_013_C0226,0,normal
LOT_013,LOT_013_C0227,0,normal
LOT_013,LOT_013_C0228,0,normal
LOT_013,LOT_013_C0229,1,latent
LOT_013,LOT_013_C0230,0,normal
LOT_013,LOT_013_C0231,0,normal
LOT_013,LOT_013_C0232,0,normal
LOT_013,LOT_013_C0233,0,normal
LOT_013,LOT_013_C0234,0,normal
LOT_013,LOT_013_C0235,0,normal
LOT_013,LOT_013_C0236,0,normal
LOT_013,LOT_013_C0237,0,normal
LOT_013,LOT_013_C0238,0,normal
LOT_013,LOT_013_C0239,0,normal
LOT_013,LOT_013_C0240,1,latent
LOT_013,LOT_013_C0241,0,normal
LOT_013,LOT_013_C0242,0,normal
LOT_013,LOT_013_C0243,0,normal
LOT_013,LOT_013_C0244,0,normal
LOT_013,LOT_013_C0245,0,normal
LOT_013,LOT_013_C0246,0,normal
LOT_013,LOT_013_C0247,1,latent
LOT_013,LOT_013_C0248,0,normal
LOT_013,LOT_013_C0249,0,normal
LOT_013,LOT_013_C0250,0,normal
LOT_013,LOT_013_C0251,0,normal
LOT_013,LOT_013_C0252,0,normal
LOT_013,LOT_013_C0253,0,normal
LOT_013,LOT_013_C0254,0,normal
LOT_013,LOT_013_C0255,0,normal
LOT_013,LOT_013_C0256,0,normal
LOT_013,LOT_013_C0257,0,normal
LOT_013,LOT_013_C0258,0,normal
LOT_013,LOT_013_C0259,0,normal
LOT_013,LOT_013_C0260,0,normal
LOT_013,LOT_013_C0261,0,normal
LOT_013,LOT_013_C0262,0,normal
LOT_013,LOT_013_C0263,0,normal
LOT_013,LOT_013_C0264,1,latent
LOT_013,LOT_013_C0265,0,normal
LOT_013,LOT_013_C0266,0,normal
LOT_013,LOT_013_C0267,0,normal
LOT_013,LOT_013_C0268,0,normal
LOT_013,LOT_013_C0269,0,normal
LOT_013,LOT_013_C0270,0,normal
LOT_013,LOT_013_C0271,0,normal
LOT_013,LOT_013_C0272,0,normal
LOT_013,LOT_013_C0273,0,normal
LOT_013,LOT_013_C0274,0,normal
LOT_013,LOT_013_C0275,0,normal
LOT_013,LOT_013_C0276,0,normal
LOT_013,LOT_013_C0277,0,normal
LOT_013,LOT_013_C0278,0,normal
LOT_013,LOT_013_C0279,0,normal
LOT_013,LOT_013_C0280,0,normal
LOT_013,LOT_013_C0281,0,normal
LOT_013,LOT_013_C0282,0,normal
LOT_013,LOT_013_C0283,0,normal
LOT_013,LOT_013_C0284,1,latent
LOT_013,LOT_013_C0285,1,obvious
LOT_013,LOT_013_C0286,0,normal
LOT_013,LOT_013_C0287,0,normal
LOT_013,LOT_013_C0288,0,normal
LOT_013,LOT_013_C0289,0,normal
LOT_013,LOT_013_C0290,1,latent
LOT_013,LOT_013_C0291,0,normal
LOT_013,LOT_013_C0292,0,normal
LOT_013,LOT_013_C0293,0,normal
LOT_013,LOT_013_C0294,0,normal
LOT_013,LOT_013_C0295,0,normal
LOT_013,LOT_013_C0296,0,normal
LOT_013,LOT_013_C0297,0,normal
LOT_013,LOT_013_C0298,0,normal
LOT_013,LOT_013_C0299,0,normal
LOT_013,LOT_013_C0300,0,normal
LOT_013,LOT_013_C0301,0,normal
LOT_013,LOT_013_C0302,0,normal
LOT_013,LOT_013_C0303,0,normal
LOT_013,LOT_013_C0304,0,normal
LOT_013,LOT_013_C0305,0,normal
LOT_013,LOT_013_C0306,0,normal
LOT_013,LOT_013_C0307,0,normal
LOT_013,LOT_013_C0308,0,normal
LOT_013,LOT_013_C0309,0,normal
LOT_013,LOT_013_C0310,0,normal
LOT_013,LOT_013_C0311,0,normal
LOT_013,LOT_013_C0312,0,normal
LOT_013,LOT_013_C0313,1,latent
LOT_013,LOT_013_C0314,0,normal
LOT_013,LOT_013_C0315,0,normal
LOT_013,LOT_013_C0316,0,normal
LOT_013,LOT_013_C0317,0,normal
LOT_013,LOT_013_C0318,0,normal
LOT_013,LOT_013_C0319,0,normal
LOT_013,LOT_013_C0320,0,normal
LOT_013,LOT_013_C0321,0,normal
LOT_013,LOT_013_C0322,0,normal
LOT_013,LOT_013_C0323,0,normal
LOT_013,LOT_013_C0324,0,normal
LOT_013,LOT_013_C0325,0,normal
LOT_013,LOT_013_C0326,0,normal
LOT_013,LOT_013_C0327,0,normal
LOT_013,LOT_013_C0328,0,normal
LOT_013,LOT_013_C0329,0,normal
LOT_013,LOT_013_C0330,0,normal
LOT_013,LOT_013_C0331,1,latent
LOT_013,LOT_013_C0332,0,normal
LOT_013,LOT_013_C0333,0,normal
LOT_013,LOT_013_C0334,0,normal
LOT_013,LOT_013_C0335,0,normal
LOT_013,LOT_013_C0336,0,normal
LOT_013,LOT_013_C0337,0,normal
LOT_013,LOT_013_C0338,0,normal
LOT_013,LOT_013_C0339,0,normal
LOT_013,LOT_013_C0340,1,obvious
LOT_013,LOT_013_C0341,0,normal
LOT_013,LOT_013_C0342,0,normal
LOT_013,LOT_013_C0343,0,normal
LOT_013,LOT_013_C0344,0,normal
LOT_013,LOT_013_C0345,0,normal
LOT_013,LOT_013_C0346,0,normal
LOT_013,LOT_013_C0347,0,normal
LOT_013,LOT_013_C0348,0,normal
LOT_013,LOT_013_C0349,0,normal
LOT_013,LOT_013_C0350,0,normal
LOT_013,LOT_013_C0351,0,normal
LOT_013,LOT_013_C0352,0,normal
LOT_013,LOT_013_C0353,0,normal
LOT_013,LOT_013_C0354,0,normal
LOT_013,LOT_013_C0355,0,normal
LOT_013,LOT_013_C0356,0,normal
LOT_013,LOT_013_C0357,0,normal
LOT_013,LOT_013_C0358,0,normal
LOT_013,LOT_013_C0359,0,normal
LOT_013,LOT_013_C0360,0,normal
LOT_013,LOT_013_C0361,0,normal
LOT_013,LOT_013_C0362,0,normal
LOT_013,LOT_013_C0363,0,normal
LOT_013,LOT_013_C0364,0,normal
LOT_013,LOT_013_C0365,0,normal
LOT_013,LOT_013_C0366,0,normal
LOT_013,LOT_013_C0367,0,normal
LOT_013,LOT_013_C0368,0,normal
LOT_013,LOT_013_C0369,1,latent
LOT_013,LOT_013_C0370,0,normal
LOT_013,LOT_013_C0371,0,normal
LOT_013,LOT_013_C0372,0,normal
LOT_013,LOT_013_C0373,0,normal
LOT_013,LOT_013_C0374,0,normal
LOT_013,LOT_013_C0375,0,normal
LOT_013,LOT_013_C0376,0,normal
LOT_013,LOT_013_C0377,0,normal
LOT_013,LOT_013_C0378,0,normal
LOT_013,LOT_013_C0379,0,normal
LOT_013,LOT_013_C0380,0,normal
LOT_013,LOT_013_C0381,0,normal
LOT_013,LOT_013_C0382,0,normal
LOT_013,LOT_013_C0383,0,normal
LOT_013,LOT_013_C0384,0,normal
LOT_013,LOT_013_C0385,0,normal
LOT_013,LOT_013_C0386,0,normal
LOT_013,LOT_013_C0387,0,normal
LOT_013,LOT_013_C0388,0,normal
LOT_013,LOT_013_C0389,0,normal
LOT_013,LOT_013_C0390,0,normal
LOT_013,LOT_013_C0391,1,latent
LOT_013,LOT_013_C0392,0,normal
LOT_013,LOT_013_C0393,0,normal
LOT_013,LOT_013_C0394,1,latent
LOT_013,LOT_013_C0395,0,normal
LOT_013,LOT_013_C0396,0,normal
LOT_013,LOT_013_C0397,0,normal
LOT_013,LOT_013_C0398,0,normal
LOT_013,LOT_013_C0399,0,normal
LOT_013,LOT_013_C0400,0,normal
LOT_013,LOT_013_C0401,0,normal
LOT_013,LOT_013_C0402,0,normal
LOT_013,LOT_013_C0403,0,normal
LOT_013,LOT_013_C0404,0,normal
LOT_013,LOT_013_C0405,0,normal
LOT_013,LOT_013_C0406,0,normal
LOT_013,LOT_013_C0407,0,normal
LOT_013,LOT_013_C0408,0,normal
LOT_013,LOT_013_C0409,0,normal
LOT_013,LOT_013_C0410,0,normal
LOT_013,LOT_013_C0411,0,normal
LOT_013,LOT_013_C0412,0,normal
LOT_013,LOT_013_C0413,0,normal
LOT_013,LOT_013_C0414,0,normal
LOT_013,LOT_013_C0415,0,normal
LOT_013,LOT_013_C0416,0,normal
LOT_013,LOT_013_C0417,0,normal
LOT_013,LOT_013_C0418,0,normal
LOT_013,LOT_013_C0419,0,normal
LOT_013,LOT_013_C0420,0,normal
LOT_013,LOT_013_C0421,0,normal
LOT_013,LOT_013_C0422,0,normal
LOT_013,LOT_013_C0423,0,normal
LOT_013,LOT_013_C0424,0,normal
LOT_013,LOT_013_C0425,0,normal
LOT_013,LOT_013_C0426,1,latent
LOT_013,LOT_013_C0427,0,normal
LOT_013,LOT_013_C0428,0,normal
LOT_013,LOT_013_C0429,0,normal
LOT_013,LOT_013_C0430,0,normal
LOT_013,LOT_013_C0431,0,normal
LOT_013,LOT_013_C0432,1,obvious
LOT_013,LOT_013_C0433,0,normal
LOT_013,LOT_013_C0434,0,normal
LOT_013,LOT_013_C0435,0,normal
LOT_013,LOT_013_C0436,0,normal
LOT_013,LOT_013_C0437,0,normal
LOT_013,LOT_013_C0438,0,normal
LOT_013,LOT_013_C0439,0,normal
LOT_013,LOT_013_C0440,0,normal
LOT_013,LOT_013_C0441,1,latent
LOT_013,LOT_013_C0442,0,normal
LOT_013,LOT_013_C0443,1,latent
LOT_013,LOT_013_C0444,0,normal
LOT_013,LOT_013_C0445,0,normal
LOT_013,LOT_013_C0446,0,normal
LOT_013,LOT_013_C0447,1,obvious
LOT_013,LOT_013_C0448,0,normal
LOT_013,LOT_013_C0449,0,normal
LOT_013,LOT_013_C0450,0,normal
LOT_013,LOT_013_C0451,1,latent
LOT_013,LOT_013_C0452,0,normal
LOT_013,LOT_013_C0453,0,normal
LOT_013,LOT_013_C0454,0,normal
LOT_013,LOT_013_C0455,0,normal
LOT_013,LOT_013_C0456,0,normal
LOT_013,LOT_013_C0457,0,normal
LOT_013,LOT_013_C0458,0,normal
LOT_013,LOT_013_C0459,0,normal
LOT_013,LOT_013_C0460,0,normal
LOT_013,LOT_013_C0461,0,normal
LOT_013,LOT_013_C0462,0,normal
LOT_013,LOT_013_C0463,0,normal
LOT_013,LOT_013_C0464,0,normal
LOT_013,LOT_013_C0465,0,normal
LOT_013,LOT_013_C0466,0,normal
LOT_013,LOT_013_C0467,0,normal
LOT_013,LOT_013_C0468,0,normal
LOT_013,LOT_013_C0469,0,normal
LOT_013,LOT_013_C0470,0,normal
LOT_013,LOT_013_C0471,0,normal
LOT_013,LOT_013_C0472,0,normal
LOT_013,LOT_013_C0473,0,normal
LOT_013,LOT_013_C0474,0,normal
LOT_013,LOT_013_C0475,0,normal
LOT_013,LOT_013_C0476,0,normal
LOT_013,LOT_013_C0477,0,normal
LOT_013,LOT_013_C0478,0,normal
LOT_013,LOT_013_C0479,1,latent
LOT_013,LOT_013_C0480,0,normal
LOT_013,LOT_013_C0481,0,normal
LOT_013,LOT_013_C0482,0,normal
LOT_013,LOT_013_C0483,0,normal
LOT_013,LOT_013_C0484,0,normal
LOT_013,LOT_013_C0485,0,normal
LOT_013,LOT_013_C0486,0,normal
LOT_013,LOT_013_C0487,0,normal
LOT_013,LOT_013_C0488,0,normal
LOT_013,LOT_013_C0489,0,normal
LOT_013,LOT_013_C0490,0,normal
LOT_013,LOT_013_C0491,0,normal
LOT_013,LOT_013_C0492,0,normal
LOT_013,LOT_013_C0493,0,normal
LOT_013,LOT_013_C0494,0,normal
LOT_013,LOT_013_C0495,0,normal
LOT_013,LOT_013_C0496,0,normal
LOT_013,LOT_013_C0497,0,normal
LOT_013,LOT_013_C0498,0,normal
LOT_013,LOT_013_C0499,1,latent
LOT_013,LOT_013_C0500,0,normal
LOT_013,LOT_013_C0501,0,normal
LOT_013,LOT_013_C0502,0,normal
LOT_013,LOT_013_C0503,0,normal
LOT_013,LOT_013_C0504,1,latent
LOT_013,LOT_013_C0505,0,normal
LOT_013,LOT_013_C0506,0,normal
LOT_013,LOT_013_C0507,0,normal
LOT_013,LOT_013_C0508,0,normal
LOT_013,LOT_013_C0509,0,normal
LOT_013,LOT_013_C0510,0,normal
LOT_013,LOT_013_C0511,0,normal
LOT_013,LOT_013_C0512,0,normal
LOT_013,LOT_013_C0513,0,normal
LOT_013,LOT_013_C0514,0,normal
LOT_013,LOT_013_C0515,0,normal
LOT_013,LOT_013_C0516,0,normal
LOT_013,LOT_013_C0517,0,normal
LOT_013,LOT_013_C0518,0,normal
LOT_013,LOT_013_C0519,0,normal
LOT_013,LOT_013_C0520,0,normal
LOT_013,LOT_013_C0521,0,normal
LOT_013,LOT_013_C0522,0,normal
LOT_013,LOT_013_C0523,0,normal
LOT_013,LOT_013_C0524,0,normal
LOT_013,LOT_013_C0525,0,normal
LOT_013,LOT_013_C0526,0,normal
LOT_013,LOT_013_C0527,0,normal
LOT_013,LOT_013_C0528,0,normal
LOT_013,LOT_013_C0529,0,normal
LOT_013,LOT_013_C0530,0,normal
LOT_013,LOT_013_C0531,1,latent
LOT_013,LOT_013_C0532,0,normal
LOT_013,LOT_013_C0533,0,normal
LOT_013,LOT_013_C0534,0,normal
LOT_013,LOT_013_C0535,0,normal
LOT_013,LOT_013_C0536,0,normal
LOT_013,LOT_013_C0537,0,normal
LOT_013,LOT_013_C0538,0,normal
LOT_013,LOT_013_C0539,0,normal
LOT_013,LOT_013_C0540,0,normal
LOT_013,LOT_013_C0541,1,obvious
LOT_013,LOT_013_C0542,0,normal
LOT_013,LOT_013_C0543,0,normal
LOT_013,LOT_013_C0544,0,normal
LOT_013,LOT_013_C0545,0,normal
LOT_013,LOT_013_C0546,0,normal
LOT_013,LOT_013_C0547,0,normal
LOT_013,LOT_013_C0548,0,normal
LOT_013,LOT_013_C0549,0,normal
LOT_013,LOT_013_C0550,0,normal
LOT_013,LOT_013_C0551,0,normal
LOT_013,LOT_013_C0552,0,normal
LOT_013,LOT_013_C0553,0,normal
LOT_013,LOT_013_C0554,0,normal
LOT_013,LOT_013_C0555,0,normal
LOT_013,LOT_013_C0556,1,obvious
LOT_013,LOT_013_C0557,0,normal
LOT_013,LOT_013_C0558,0,normal
LOT_013,LOT_013_C0559,0,normal
LOT_013,LOT_013_C0560,0,normal
LOT_013,LOT_013_C0561,0,normal
LOT_013,LOT_013_C0562,0,normal
LOT_013,LOT_013_C0563,0,normal
LOT_013,LOT_013_C0564,0,normal
LOT_014,LOT_014_C0000,0,normal
LOT_014,LOT_014_C0001,0,normal
LOT_014,LOT_014_C0002,0,normal
LOT_014,LOT_014_C0003,1,obvious
LOT_014,LOT_014_C0004,0,normal
LOT_014,LOT_014_C0005,0,normal
LOT_014,LOT_014_C0006,0,normal
LOT_014,LOT_014_C0007,0,normal
LOT_014,LOT_014_C0008,0,normal
LOT_014,LOT_014_C0009,0,normal
LOT_014,LOT_014_C0010,0,normal
LOT_014,LOT_014_C0011,0,normal
LOT_014,LOT_014_C0012,0,normal
LOT_014,LOT_014_C0013,1,latent
LOT_014,LOT_014_C0014,0,normal
LOT_014,LOT_014_C0015,0,normal
LOT_014,LOT_014_C0016,0,normal
LOT_014,LOT_014_C0017,0,normal
LOT_014,LOT_014_C0018,0,normal
LOT_014,LOT_014_C0019,0,normal
LOT_014,LOT_014_C0020,0,normal
LOT_014,LOT_014_C0021,0,normal
LOT_014,LOT_014_C0022,0,normal
LOT_014,LOT_014_C0023,0,normal
LOT_014,LOT_014_C0024,0,normal
LOT_014,LOT_014_C0025,0,normal
LOT_014,LOT_014_C0026,0,normal
LOT_014,LOT_014_C0027,0,normal
LOT_014,LOT_014_C0028,0,normal
LOT_014,LOT_014_C0029,0,normal
LOT_014,LOT_014_C0030,0,normal
LOT_014,LOT_014_C0031,0,normal
LOT_014,LOT_014_C0032,0,normal
LOT_014,LOT_014_C0033,0,normal
LOT_014,LOT_014_C0034,1,obvious
LOT_014,LOT_014_C0035,0,normal
LOT_014,LOT_014_C0036,0,normal
LOT_014,LOT_014_C0037,0,normal
LOT_014,LOT_014_C0038,0,normal
LOT_014,LOT_014_C0039,0,normal
LOT_014,LOT_014_C0040,0,normal
LOT_014,LOT_014_C0041,0,normal
LOT_014,LOT_014_C0042,0,normal
LOT_014,LOT_014_C0043,0,normal
LOT_014,LOT_014_C0044,0,normal
LOT_014,LOT_014_C0045,0,normal
LOT_014,LOT_014_C0046,0,normal
LOT_014,LOT_014_C0047,0,normal
LOT_014,LOT_014_C0048,0,normal
LOT_014,LOT_014_C0049,0,normal
LOT_014,LOT_014_C0050,0,normal
LOT_014,LOT_014_C0051,0,normal
LOT_014,LOT_014_C0052,0,normal
LOT_014,LOT_014_C0053,0,normal
LOT_014,LOT_014_C0054,0,normal
LOT_014,LOT_014_C0055,0,normal
LOT_014,LOT_014_C0056,0,normal
LOT_014,LOT_014_C0057,1,obvious
LOT_014,LOT_014_C0058,0,normal
LOT_014,LOT_014_C0059,0,normal
LOT_014,LOT_014_C0060,0,normal
LOT_014,LOT_014_C0061,0,normal
LOT_014,LOT_014_C0062,0,normal
LOT_014,LOT_014_C0063,0,normal
LOT_014,LOT_014_C0064,0,normal
LOT_014,LOT_014_C0065,0,normal
LOT_014,LOT_014_C0066,0,normal
LOT_014,LOT_014_C0067,0,normal
LOT_014,LOT_014_C0068,0,normal
LOT_014,LOT_014_C0069,0,normal
LOT_014,LOT_014_C0070,0,normal
LOT_014,LOT_014_C0071,0,normal
LOT_014,LOT_014_C0072,0,normal
LOT_014,LOT_014_C0073,0,normal
LOT_014,LOT_014_C0074,0,normal
LOT_014,LOT_014_C0075,0,normal
LOT_014,LOT_014_C0076,0,normal
LOT_014,LOT_014_C0077,0,normal
LOT_014,LOT_014_C0078,0,normal
LOT_014,LOT_014_C0079,0,normal
LOT_014,LOT_014_C0080,0,normal
LOT_014,LOT_014_C0081,0,normal
LOT_014,LOT_014_C0082,0,normal
LOT_014,LOT_014_C0083,1,latent
LOT_014,LOT_014_C0084,0,normal
LOT_014,LOT_014_C0085,0,normal
LOT_014,LOT_014_C0086,0,normal
LOT_014,LOT_014_C0087,0,normal
LOT_014,LOT_014_C0088,0,normal
LOT_014,LOT_014_C0089,0,normal
LOT_014,LOT_014_C0090,0,normal
LOT_014,LOT_014_C0091,0,normal
LOT_014,LOT_014_C0092,0,normal
LOT_014,LOT_014_C0093,0,normal
LOT_014,LOT_014_C0094,0,normal
LOT_014,LOT_014_C0095,0,normal
LOT_014,LOT_014_C0096,0,normal
LOT_014,LOT_014_C0097,1,latent
LOT_014,LOT_014_C0098,0,normal
LOT_014,LOT_014_C0099,0,normal
LOT_014,LOT_014_C0100,0,normal
LOT_014,LOT_014_C0101,0,normal
LOT_014,LOT_014_C0102,0,normal
LOT_014,LOT_014_C0103,0,normal
LOT_014,LOT_014_C0104,0,normal
LOT_014,LOT_014_C0105,0,normal
LOT_014,LOT_014_C0106,0,normal
LOT_014,LOT_014_C0107,0,normal
LOT_014,LOT_014_C0108,0,normal
LOT_014,LOT_014_C0109,0,normal
LOT_014,LOT_014_C0110,0,normal
LOT_014,LOT_014_C0111,0,normal
LOT_014,LOT_014_C0112,0,normal
LOT_014,LOT_014_C0113,1,latent
LOT_014,LOT_014_C0114,0,normal
LOT_014,LOT_014_C0115,0,normal
LOT_014,LOT_014_C0116,0,normal
LOT_014,LOT_014_C0117,0,normal
LOT_014,LOT_014_C0118,0,normal
LOT_014,LOT_014_C0119,0,normal
LOT_014,LOT_014_C0120,0,normal
LOT_014,LOT_014_C0121,0,normal
LOT_014,LOT_014_C0122,0,normal
LOT_014,LOT_014_C0123,0,normal
LOT_014,LOT_014_C0124,0,normal
LOT_014,LOT_014_C0125,0,normal
LOT_014,LOT_014_C0126,0,normal
LOT_014,LOT_014_C0127,0,normal
LOT_014,LOT_014_C0128,0,normal
LOT_014,LOT_014_C0129,0,normal
LOT_014,LOT_014_C0130,0,normal
LOT_014,LOT_014_C0131,0,normal
LOT_014,LOT_014_C0132,0,normal
LOT_014,LOT_014_C0133,0,normal
LOT_014,LOT_014_C0134,0,normal
LOT_014,LOT_014_C0135,0,normal
LOT_014,LOT_014_C0136,0,normal
LOT_014,LOT_014_C0137,0,normal
LOT_014,LOT_014_C0138,0,normal
LOT_014,LOT_014_C0139,0,normal
LOT_014,LOT_014_C0140,0,normal
LOT_014,LOT_014_C0141,0,normal
LOT_014,LOT_014_C0142,0,normal
LOT_014,LOT_014_C0143,0,normal
LOT_014,LOT_014_C0144,0,normal
LOT_014,LOT_014_C0145,0,normal
LOT_014,LOT_014_C0146,0,normal
LOT_014,LOT_014_C0147,0,normal
LOT_014,LOT_014_C0148,0,normal
LOT_014,LOT_014_C0149,0,normal
LOT_014,LOT_014_C0150,0,normal
LOT_014,LOT_014_C0151,0,normal
LOT_014,LOT_014_C0152,0,normal
LOT_014,LOT_014_C0153,0,normal
LOT_014,LOT_014_C0154,0,normal
LOT_014,LOT_014_C0155,0,normal
LOT_014,LOT_014_C0156,0,normal
LOT_014,LOT_014_C0157,0,normal
LOT_014,LOT_014_C0158,0,normal
LOT_014,LOT_014_C0159,0,normal
LOT_014,LOT_014_C0160,0,normal
LOT_014,LOT_014_C0161,0,normal
LOT_014,LOT_014_C0162,0,normal
LOT_014,LOT_014_C0163,0,normal
LOT_014,LOT_014_C0164,0,normal
LOT_014,LOT_014_C0165,0,normal
LOT_014,LOT_014_C0166,0,normal
LOT_014,LOT_014_C0167,0,normal
LOT_014,LOT_014_C0168,0,normal
LOT_014,LOT_014_C0169,0,normal
LOT_014,LOT_014_C0170,0,normal
LOT_014,LOT_014_C0171,1,latent
LOT_014,LOT_014_C0172,0,normal
LOT_014,LOT_014_C0173,0,normal
LOT_014,LOT_014_C0174,0,normal
LOT_014,LOT_014_C0175,0,normal
LOT_014,LOT_014_C0176,0,normal
LOT_014,LOT_014_C0177,0,normal
LOT_014,LOT_014_C0178,0,normal
LOT_014,LOT_014_C0179,0,normal
LOT_014,LOT_014_C0180,0,normal
LOT_014,LOT_014_C0181,0,normal
LOT_014,LOT_014_C0182,0,normal
LOT_014,LOT_014_C0183,0,normal
LOT_014,LOT_014_C0184,0,normal
LOT_014,LOT_014_C0185,0,normal
LOT_014,LOT_014_C0186,0,normal
LOT_014,LOT_014_C0187,0,normal
LOT_014,LOT_014_C0188,0,normal
LOT_014,LOT_014_C0189,0,normal
LOT_014,LOT_014_C0190,0,normal
LOT_014,LOT_014_C0191,0,normal
LOT_014,LOT_014_C0192,1,latent
LOT_014,LOT_014_C0193,0,normal
LOT_014,LOT_014_C0194,0,normal
LOT_014,LOT_014_C0195,0,normal
LOT_014,LOT_014_C0196,0,normal
LOT_014,LOT_014_C0197,0,normal
LOT_014,LOT_014_C0198,0,normal
LOT_014,LOT_014_C0199,0,normal
LOT_014,LOT_014_C0200,0,normal
LOT_014,LOT_014_C0201,0,normal
LOT_014,LOT_014_C0202,0,normal
LOT_014,LOT_014_C0203,0,normal
LOT_014,LOT_014_C0204,1,obvious
LOT_014,LOT_014_C0205,0,normal
LOT_014,LOT_014_C0206,0,normal
LOT_014,LOT_014_C0207,0,normal
LOT_014,LOT_014_C0208,0,normal
LOT_014,LOT_014_C0209,0,normal
LOT_014,LOT_014_C0210,0,normal
LOT_014,LOT_014_C0211,0,normal
LOT_014,LOT_014_C0212,0,normal
LOT_014,LOT_014_C0213,0,normal
LOT_014,LOT_014_C0214,0,normal
LOT_014,LOT_014_C0215,0,normal
LOT_014,LOT_014_C0216,0,normal
LOT_014,LOT_014_C0217,0,normal
LOT_014,LOT_014_C0218,0,normal
LOT_014,LOT_014_C0219,0,normal
LOT_014,LOT_014_C0220,0,normal
LOT_014,LOT_014_C0221,0,normal
LOT_014,LOT_014_C0222,0,normal
LOT_014,LOT_014_C0223,0,normal
LOT_014,LOT_014_C0224,0,normal
LOT_014,LOT_014_C0225,0,normal
LOT_014,LOT_014_C0226,0,normal
LOT_014,LOT_014_C0227,0,normal
LOT_014,LOT_014_C0228,0,normal
LOT_014,LOT_014_C0229,0,normal
LOT_014,LOT_014_C0230,0,normal
LOT_014,LOT_014_C0231,0,normal
LOT_014,LOT_014_C0232,0,normal
LOT_014,LOT_014_C0233,0,normal
LOT_014,LOT_014_C0234,0,normal
LOT_014,LOT_014_C0235,0,normal
LOT_014,LOT_014_C0236,0,normal
LOT_014,LOT_014_C0237,0,normal
LOT_014,LOT_014_C0238,0,normal
LOT_014,LOT_014_C0239,0,normal
LOT_014,LOT_014_C0240,0,normal
LOT_014,LOT_014_C0241,0,normal
LOT_014,LOT_014_C0242,0,normal
LOT_014,LOT_014_C0243,0,normal
LOT_014,LOT_014_C0244,0,normal
LOT_014,LOT_014_C0245,0,normal
LOT_014,LOT_014_C0246,0,normal
LOT_014,LOT_014_C0247,0,normal
LOT_014,LOT_014_C0248,1,latent
LOT_014,LOT_014_C0249,0,normal
LOT_014,LOT_014_C0250,0,normal
LOT_014,LOT_014_C0251,0,normal
LOT_014,LOT_014_C0252,0,normal
LOT_014,LOT_014_C0253,0,normal
LOT_014,LOT_014_C0254,0,normal
LOT_014,LOT_014_C0255,0,normal
LOT_014,LOT_014_C0256,0,normal
LOT_014,LOT_014_C0257,0,normal
LOT_014,LOT_014_C0258,0,normal
LOT_014,LOT_014_C0259,0,normal
LOT_014,LOT_014_C0260,0,normal
LOT_014,LOT_014_C0261,0,normal
LOT_014,LOT_014_C0262,0,normal
LOT_014,LOT_014_C0263,0,normal
LOT_014,LOT_014_C0264,0,normal
LOT_014,LOT_014_C0265,0,normal
LOT_014,LOT_014_C0266,0,normal
LOT_014,LOT_014_C0267,0,normal
LOT_014,LOT_014_C0268,0,normal
LOT_014,LOT_014_C0269,0,normal
LOT_014,LOT_014_C0270,0,normal
LOT_014,LOT_014_C0271,0,normal
LOT_014,LOT_014_C0272,0,normal
LOT_014,LOT_014_C0273,0,normal
LOT_014,LOT_014_C0274,1,obvious
LOT_014,LOT_014_C0275,0,normal
LOT_014,LOT_014_C0276,0,normal
LOT_014,LOT_014_C0277,0,normal
LOT_014,LOT_014_C0278,0,normal
LOT_014,LOT_014_C0279,0,normal
LOT_014,LOT_014_C0280,0,normal
LOT_014,LOT_014_C0281,0,normal
LOT_014,LOT_014_C0282,0,normal
LOT_014,LOT_014_C0283,0,normal
LOT_014,LOT_014_C0284,0,normal
LOT_014,LOT_014_C0285,0,normal
LOT_014,LOT_014_C0286,0,normal
LOT_014,LOT_014_C0287,0,normal
LOT_014,LOT_014_C0288,0,normal
LOT_014,LOT_014_C0289,0,normal
LOT_014,LOT_014_C0290,0,normal
LOT_014,LOT_014_C0291,0,normal
LOT_014,LOT_014_C0292,0,normal
LOT_014,LOT_014_C0293,0,normal
LOT_014,LOT_014_C0294,0,normal
LOT_014,LOT_014_C0295,0,normal
LOT_014,LOT_014_C0296,0,normal
LOT_014,LOT_014_C0297,0,normal
LOT_014,LOT_014_C0298,0,normal
LOT_014,LOT_014_C0299,0,normal
LOT_014,LOT_014_C0300,0,normal
LOT_014,LOT_014_C0301,0,normal
LOT_014,LOT_014_C0302,0,normal
LOT_014,LOT_014_C0303,0,normal
LOT_014,LOT_014_C0304,0,normal
LOT_014,LOT_014_C0305,0,normal
LOT_014,LOT_014_C0306,0,normal
LOT_014,LOT_014_C0307,0,normal
LOT_014,LOT_014_C0308,0,normal
LOT_014,LOT_014_C0309,0,normal
LOT_014,LOT_014_C0310,0,normal
LOT_014,LOT_014_C0311,0,normal
LOT_014,LOT_014_C0312,0,normal
LOT_014,LOT_014_C0313,0,normal
LOT_014,LOT_014_C0314,0,normal
LOT_014,LOT_014_C0315,0,normal
LOT_014,LOT_014_C0316,0,normal
LOT_014,LOT_014_C0317,0,normal
LOT_014,LOT_014_C0318,0,normal
LOT_014,LOT_014_C0319,0,normal
LOT_014,LOT_014_C0320,0,normal
LOT_014,LOT_014_C0321,0,normal
LOT_014,LOT_014_C0322,0,normal
LOT_014,LOT_014_C0323,0,normal
LOT_014,LOT_014_C0324,0,normal
LOT_014,LOT_014_C0325,0,normal
LOT_014,LOT_014_C0326,0,normal
LOT_014,LOT_014_C0327,0,normal
LOT_014,LOT_014_C0328,0,normal
LOT_014,LOT_014_C0329,0,normal
LOT_014,LOT_014_C0330,1,obvious
LOT_014,LOT_014_C0331,0,normal
LOT_014,LOT_014_C0332,1,latent
LOT_014,LOT_014_C0333,0,normal
LOT_014,LOT_014_C0334,0,normal
LOT_014,LOT_014_C0335,0,normal
LOT_014,LOT_014_C0336,0,normal
LOT_014,LOT_014_C0337,0,normal
LOT_014,LOT_014_C0338,0,normal
LOT_014,LOT_014_C0339,0,normal
LOT_014,LOT_014_C0340,0,normal
LOT_014,LOT_014_C0341,0,normal
LOT_014,LOT_014_C0342,0,normal
LOT_014,LOT_014_C0343,0,normal
LOT_014,LOT_014_C0344,0,normal
LOT_014,LOT_014_C0345,0,normal
LOT_014,LOT_014_C0346,0,normal
LOT_014,LOT_014_C0347,0,normal
LOT_014,LOT_014_C0348,0,normal
LOT_014,LOT_014_C0349,0,normal
LOT_014,LOT_014_C0350,0,normal
LOT_014,LOT_014_C0351,0,normal
LOT_014,LOT_014_C0352,0,normal
LOT_014,LOT_014_C0353,0,normal
LOT_014,LOT_014_C0354,1,latent
LOT_014,LOT_014_C0355,0,normal
LOT_014,LOT_014_C0356,0,normal
LOT_014,LOT_014_C0357,0,normal
LOT_014,LOT_014_C0358,0,normal
LOT_014,LOT_014_C0359,0,normal
LOT_014,LOT_014_C0360,0,normal
LOT_014,LOT_014_C0361,0,normal
LOT_014,LOT_014_C0362,0,normal
LOT_014,LOT_014_C0363,0,normal
LOT_014,LOT_014_C0364,0,normal
LOT_014,LOT_014_C0365,0,normal
LOT_014,LOT_014_C0366,0,normal
LOT_014,LOT_014_C0367,0,normal
LOT_014,LOT_014_C0368,0,normal
LOT_014,LOT_014_C0369,0,normal
LOT_014,LOT_014_C0370,0,normal
LOT_014,LOT_014_C0371,0,normal
LOT_014,LOT_014_C0372,0,normal
LOT_014,LOT_014_C0373,0,normal
LOT_014,LOT_014_C0374,0,normal
LOT_014,LOT_014_C0375,0,normal
LOT_014,LOT_014_C0376,0,normal
LOT_014,LOT_014_C0377,0,normal
LOT_014,LOT_014_C0378,0,normal
LOT_014,LOT_014_C0379,0,normal
LOT_014,LOT_014_C0380,0,normal
LOT_014,LOT_014_C0381,0,normal
LOT_014,LOT_014_C0382,1,latent
LOT_014,LOT_014_C0383,1,latent
LOT_014,LOT_014_C0384,0,normal
LOT_014,LOT_014_C0385,0,normal
LOT_014,LOT_014_C0386,0,normal
LOT_014,LOT_014_C0387,0,normal
LOT_014,LOT_014_C0388,0,normal
LOT_014,LOT_014_C0389,0,normal
LOT_014,LOT_014_C0390,0,normal
LOT_014,LOT_014_C0391,1,latent
LOT_014,LOT_014_C0392,0,normal
LOT_014,LOT_014_C0393,0,normal
LOT_014,LOT_014_C0394,0,normal
LOT_014,LOT_014_C0395,0,normal
LOT_014,LOT_014_C0396,0,normal
LOT_014,LOT_014_C0397,0,normal
LOT_014,LOT_014_C0398,0,normal
LOT_014,LOT_014_C0399,0,normal
LOT_014,LOT_014_C0400,0,normal
LOT_014,LOT_014_C0401,0,normal
LOT_014,LOT_014_C0402,0,normal
LOT_014,LOT_014_C0403,0,normal
LOT_014,LOT_014_C0404,0,normal
LOT_014,LOT_014_C0405,0,normal
LOT_014,LOT_014_C0406,0,normal
LOT_014,LOT_014_C0407,0,normal
LOT_014,LOT_014_C0408,0,normal
LOT_014,LOT_014_C0409,0,normal
LOT_014,LOT_014_C0410,0,normal
LOT_014,LOT_014_C0411,0,normal
LOT_014,LOT_014_C0412,0,normal
LOT_014,LOT_014_C0413,0,normal
LOT_014,LOT_014_C0414,0,normal
LOT_014,LOT_014_C0415,0,normal
LOT_014,LOT_014_C0416,0,normal
LOT_014,LOT_014_C0417,0,normal
LOT_014,LOT_014_C0418,0,normal
LOT_014,LOT_014_C0419,0,normal
LOT_014,LOT_014_C0420,0,normal
LOT_014,LOT_014_C0421,0,normal
LOT_014,LOT_014_C0422,0,normal
LOT_014,LOT_014_C0423,0,normal
LOT_014,LOT_014_C0424,0,normal
LOT_014,LOT_014_C0425,0,normal
LOT_014,LOT_014_C0426,0,normal
LOT_014,LOT_014_C0427,0,normal
LOT_014,LOT_014_C0428,0,normal
LOT_014,LOT_014_C0429,0,normal
LOT_014,LOT_014_C0430,0,normal
LOT_014,LOT_014_C0431,0,normal
LOT_014,LOT_014_C0432,0,normal
LOT_014,LOT_014_C0433,0,normal
LOT_014,LOT_014_C0434,0,normal
LOT_014,LOT_014_C0435,0,normal
LOT_014,LOT_014_C0436,0,normal
LOT_014,LOT_014_C0437,0,normal
LOT_014,LOT_014_C0438,0,normal
LOT_014,LOT_014_C0439,0,normal
LOT_014,LOT_014_C0440,0,normal
LOT_014,LOT_014_C0441,0,normal
LOT_014,LOT_014_C0442,0,normal
LOT_014,LOT_014_C0443,0,normal
LOT_014,LOT_014_C0444,1,obvious
LOT_014,LOT_014_C0445,0,normal
LOT_014,LOT_014_C0446,0,normal
LOT_014,LOT_014_C0447,0,normal
LOT_014,LOT_014_C0448,0,normal
LOT_014,LOT_014_C0449,1,latent
LOT_014,LOT_014_C0450,0,normal
LOT_014,LOT_014_C0451,0,normal
LOT_014,LOT_014_C0452,0,normal
LOT_014,LOT_014_C0453,0,normal
LOT_014,LOT_014_C0454,1,latent
LOT_014,LOT_014_C0455,0,normal
LOT_014,LOT_014_C0456,0,normal
LOT_014,LOT_014_C0457,0,normal
LOT_014,LOT_014_C0458,0,normal
LOT_014,LOT_014_C0459,0,normal
LOT_014,LOT_014_C0460,0,normal
LOT_014,LOT_014_C0461,1,obvious
LOT_014,LOT_014_C0462,0,normal
LOT_014,LOT_014_C0463,0,normal
LOT_014,LOT_014_C0464,0,normal
LOT_014,LOT_014_C0465,0,normal
LOT_014,LOT_014_C0466,0,normal
LOT_014,LOT_014_C0467,0,normal
LOT_014,LOT_014_C0468,0,normal
LOT_014,LOT_014_C0469,0,normal
LOT_014,LOT_014_C0470,0,normal
LOT_014,LOT_014_C0471,0,normal
LOT_014,LOT_014_C0472,0,normal
LOT_014,LOT_014_C0473,0,normal
LOT_014,LOT_014_C0474,0,normal
LOT_014,LOT_014_C0475,0,normal
LOT_014,LOT_014_C0476,0,normal
LOT_014,LOT_014_C0477,0,normal
LOT_014,LOT_014_C0478,0,normal
LOT_014,LOT_014_C0479,0,normal
LOT_014,LOT_014_C0480,0,normal
LOT_014,LOT_014_C0481,0,normal
LOT_014,LOT_014_C0482,0,normal
LOT_014,LOT_014_C0483,0,normal
LOT_014,LOT_014_C0484,0,normal
LOT_014,LOT_014_C0485,1,latent
LOT_014,LOT_014_C0486,0,normal
LOT_014,LOT_014_C0487,0,normal
LOT_014,LOT_014_C0488,0,normal
LOT_014,LOT_014_C0489,0,normal
LOT_014,LOT_014_C0490,1,latent
LOT_014,LOT_014_C0491,0,normal
LOT_014,LOT_014_C0492,0,normal
LOT_014,LOT_014_C0493,0,normal
LOT_014,LOT_014_C0494,0,normal
LOT_014,LOT_014_C0495,0,normal
LOT_014,LOT_014_C0496,0,normal
LOT_014,LOT_014_C0497,0,normal
LOT_014,LOT_014_C0498,0,normal
LOT_014,LOT_014_C0499,0,normal
LOT_014,LOT_014_C0500,0,normal
LOT_014,LOT_014_C0501,0,normal
LOT_014,LOT_014_C0502,0,normal
LOT_014,LOT_014_C0503,0,normal
LOT_014,LOT_014_C0504,0,normal
LOT_014,LOT_014_C0505,0,normal
LOT_014,LOT_014_C0506,0,normal
LOT_014,LOT_014_C0507,0,normal
LOT_014,LOT_014_C0508,0,normal
LOT_014,LOT_014_C0509,0,normal
LOT_014,LOT_014_C0510,0,normal
LOT_014,LOT_014_C0511,1,latent
LOT_014,LOT_014_C0512,0,normal
LOT_014,LOT_014_C0513,0,normal
LOT_014,LOT_014_C0514,0,normal
LOT_014,LOT_014_C0515,0,normal
LOT_014,LOT_014_C0516,0,normal
LOT_014,LOT_014_C0517,0,normal
LOT_014,LOT_014_C0518,0,normal
LOT_014,LOT_014_C0519,0,normal
LOT_014,LOT_014_C0520,0,normal
LOT_014,LOT_014_C0521,0,normal
LOT_014,LOT_014_C0522,0,normal
LOT_014,LOT_014_C0523,0,normal
LOT_014,LOT_014_C0524,0,normal
LOT_014,LOT_014_C0525,0,normal
LOT_014,LOT_014_C0526,0,normal
LOT_014,LOT_014_C0527,0,normal
LOT_014,LOT_014_C0528,0,normal
LOT_014,LOT_014_C0529,0,normal
LOT_014,LOT_014_C0530,0,normal
LOT_014,LOT_014_C0531,0,normal
LOT_014,LOT_014_C0532,0,normal
LOT_014,LOT_014_C0533,0,normal
LOT_014,LOT_014_C0534,0,normal
LOT_014,LOT_014_C0535,0,normal
LOT_014,LOT_014_C0536,0,normal
LOT_014,LOT_014_C0537,0,normal
LOT_014,LOT_014_C0538,0,normal
LOT_014,LOT_014_C0539,0,normal
LOT_014,LOT_014_C0540,0,normal
LOT_014,LOT_014_C0541,0,normal
LOT_014,LOT_014_C0542,0,normal
LOT_014,LOT_014_C0543,1,obvious
LOT_014,LOT_014_C0544,0,normal
LOT_014,LOT_014_C0545,0,normal
LOT_014,LOT_014_C0546,0,normal
LOT_014,LOT_014_C0547,0,normal
LOT_014,LOT_014_C0548,0,normal
LOT_014,LOT_014_C0549,0,normal
LOT_014,LOT_014_C0550,0,normal
LOT_014,LOT_014_C0551,0,normal
LOT_014,LOT_014_C0552,0,normal
LOT_014,LOT_014_C0553,0,normal
LOT_014,LOT_014_C0554,0,normal
LOT_014,LOT_014_C0555,0,normal
LOT_014,LOT_014_C0556,0,normal
LOT_014,LOT_014_C0557,0,normal
LOT_014,LOT_014_C0558,0,normal
LOT_014,LOT_014_C0559,0,normal
LOT_014,LOT_014_C0560,1,latent
LOT_014,LOT_014_C0561,0,normal
LOT_014,LOT_014_C0562,0,normal
LOT_014,LOT_014_C0563,0,normal
LOT_014,LOT_014_C0564,0,normal
LOT_014,LOT_014_C0565,0,normal
LOT_014,LOT_014_C0566,0,normal
LOT_014,LOT_014_C0567,0,normal
LOT_014,LOT_014_C0568,0,normal
LOT_014,LOT_014_C0569,0,normal
LOT_014,LOT_014_C0570,0,normal
LOT_014,LOT_014_C0571,0,normal
LOT_014,LOT_014_C0572,0,normal
LOT_014,LOT_014_C0573,0,normal
LOT_014,LOT_014_C0574,0,normal
LOT_014,LOT_014_C0575,0,normal
LOT_014,LOT_014_C0576,0,normal
LOT_014,LOT_014_C0577,1,obvious
LOT_014,LOT_014_C0578,0,normal
LOT_014,LOT_014_C0579,1,obvious
LOT_014,LOT_014_C0580,0,normal
LOT_014,LOT_014_C0581,0,normal
LOT_014,LOT_014_C0582,1,obvious
LOT_014,LOT_014_C0583,0,normal
LOT_014,LOT_014_C0584,0,normal
LOT_014,LOT_014_C0585,0,normal
LOT_014,LOT_014_C0586,0,normal
LOT_014,LOT_014_C0587,0,normal
LOT_014,LOT_014_C0588,0,normal
LOT_014,LOT_014_C0589,0,normal
LOT_014,LOT_014_C0590,0,normal
LOT_014,LOT_014_C0591,0,normal
LOT_014,LOT_014_C0592,0,normal
LOT_014,LOT_014_C0593,0,normal
LOT_014,LOT_014_C0594,0,normal
LOT_014,LOT_014_C0595,0,normal
LOT_014,LOT_014_C0596,0,normal
LOT_014,LOT_014_C0597,0,normal
LOT_014,LOT_014_C0598,0,normal
LOT_014,LOT_014_C0599,0,normal
LOT_014,LOT_014_C0600,0,normal
LOT_014,LOT_014_C0601,0,normal
LOT_014,LOT_014_C0602,0,normal
LOT_014,LOT_014_C0603,0,normal
LOT_014,LOT_014_C0604,0,normal
LOT_014,LOT_014_C0605,0,normal
LOT_014,LOT_014_C0606,0,normal
LOT_014,LOT_014_C0607,0,normal
LOT_014,LOT_014_C0608,0,normal
LOT_014,LOT_014_C0609,0,normal
LOT_014,LOT_014_C0610,0,normal
LOT_014,LOT_014_C0611,0,normal
LOT_014,LOT_014_C0612,0,normal
LOT_014,LOT_014_C0613,0,normal
LOT_014,LOT_014_C0614,0,normal
LOT_014,LOT_014_C0615,0,normal
LOT_014,LOT_014_C0616,0,normal
LOT_014,LOT_014_C0617,0,normal
LOT_014,LOT_014_C0618,0,normal
LOT_014,LOT_014_C0619,0,normal
LOT_014,LOT_014_C0620,0,normal
LOT_014,LOT_014_C0621,0,normal
LOT_014,LOT_014_C0622,0,normal
LOT_014,LOT_014_C0623,0,normal
LOT_014,LOT_014_C0624,0,normal
LOT_014,LOT_014_C0625,0,normal
LOT_014,LOT_014_C0626,0,normal
LOT_014,LOT_014_C0627,0,normal
LOT_014,LOT_014_C0628,0,normal
LOT_014,LOT_014_C0629,0,normal
LOT_014,LOT_014_C0630,0,normal
LOT_014,LOT_014_C0631,0,normal
LOT_014,LOT_014_C0632,0,normal
LOT_014,LOT_014_C0633,0,normal
LOT_014,LOT_014_C0634,0,normal
LOT_014,LOT_014_C0635,0,normal
LOT_014,LOT_014_C0636,0,normal
LOT_014,LOT_014_C0637,1,latent
LOT_014,LOT_014_C0638,0,normal
LOT_014,LOT_014_C0639,0,normal
LOT_014,LOT_014_C0640,0,normal
LOT_014,LOT_014_C0641,0,normal
LOT_014,LOT_014_C0642,0,normal
LOT_014,LOT_014_C0643,0,normal
LOT_014,LOT_014_C0644,0,normal
LOT_014,LOT_014_C0645,0,normal
LOT_014,LOT_014_C0646,0,normal
LOT_014,LOT_014_C0647,0,normal
LOT_014,LOT_014_C0648,0,normal
LOT_014,LOT_014_C0649,0,normal
LOT_014,LOT_014_C0650,0,normal
LOT_014,LOT_014_C0651,0,normal
LOT_014,LOT_014_C0652,0,normal
LOT_014,LOT_014_C0653,0,normal
LOT_014,LOT_014_C0654,0,normal
LOT_014,LOT_014_C0655,0,normal
LOT_014,LOT_014_C0656,0,normal
LOT_014,LOT_014_C0657,0,normal
LOT_014,LOT_014_C0658,0,normal
LOT_014,LOT_014_C0659,0,normal
LOT_014,LOT_014_C0660,0,normal
LOT_014,LOT_014_C0661,1,latent
LOT_014,LOT_014_C0662,1,obvious
LOT_014,LOT_014_C0663,0,normal
LOT_014,LOT_014_C0664,0,normal
LOT_014,LOT_014_C0665,0,normal
LOT_014,LOT_014_C0666,0,normal
LOT_014,LOT_014_C0667,0,normal
LOT_014,LOT_014_C0668,0,normal
LOT_014,LOT_014_C0669,0,normal
LOT_014,LOT_014_C0670,0,normal
LOT_014,LOT_014_C0671,0,normal
LOT_014,LOT_014_C0672,0,normal
LOT_014,LOT_014_C0673,0,normal
LOT_014,LOT_014_C0674,0,normal
LOT_014,LOT_014_C0675,0,normal
LOT_014,LOT_014_C0676,0,normal
LOT_014,LOT_014_C0677,0,normal
LOT_014,LOT_014_C0678,1,obvious
LOT_014,LOT_014_C0679,1,latent
LOT_014,LOT_014_C0680,0,normal
LOT_014,LOT_014_C0681,0,normal
LOT_014,LOT_014_C0682,0,normal
LOT_014,LOT_014_C0683,1,latent
LOT_014,LOT_014_C0684,0,normal
LOT_014,LOT_014_C0685,0,normal
LOT_014,LOT_014_C0686,0,normal
LOT_014,LOT_014_C0687,0,normal
LOT_014,LOT_014_C0688,0,normal
LOT_014,LOT_014_C0689,0,normal
LOT_014,LOT_014_C0690,0,normal
LOT_014,LOT_014_C0691,0,normal
LOT_014,LOT_014_C0692,0,normal
LOT_014,LOT_014_C0693,0,normal
LOT_014,LOT_014_C0694,0,normal
LOT_014,LOT_014_C0695,0,normal
LOT_014,LOT_014_C0696,0,normal
LOT_014,LOT_014_C0697,0,normal
LOT_014,LOT_014_C0698,0,normal
LOT_014,LOT_014_C0699,0,normal
LOT_014,LOT_014_C0700,0,normal
LOT_014,LOT_014_C0701,0,normal
LOT_014,LOT_014_C0702,0,normal
LOT_014,LOT_014_C0703,0,normal
LOT_014,LOT_014_C0704,0,normal
LOT_014,LOT_014_C0705,0,normal
LOT_014,LOT_014_C0706,0,normal
LOT_014,LOT_014_C0707,0,normal
LOT_014,LOT_014_C0708,0,normal
LOT_014,LOT_014_C0709,0,normal
LOT_014,LOT_014_C0710,0,normal
LOT_014,LOT_014_C0711,0,normal
LOT_014,LOT_014_C0712,0,normal
LOT_014,LOT_014_C0713,0,normal
LOT_014,LOT_014_C0714,0,normal
LOT_014,LOT_014_C0715,0,normal
LOT_014,LOT_014_C0716,0,normal
LOT_014,LOT_014_C0717,0,normal
LOT_014,LOT_014_C0718,0,normal
LOT_014,LOT_014_C0719,0,normal
LOT_014,LOT_014_C0720,0,normal
LOT_014,LOT_014_C0721,0,normal
LOT_014,LOT_014_C0722,0,normal
LOT_014,LOT_014_C0723,0,normal
LOT_014,LOT_014_C0724,0,normal
LOT_014,LOT_014_C0725,0,normal
LOT_014,LOT_014_C0726,0,normal
LOT_014,LOT_014_C0727,0,normal
LOT_014,LOT_014_C0728,0,normal
LOT_014,LOT_014_C0729,0,normal
LOT_014,LOT_014_C0730,0,normal
LOT_014,LOT_014_C0731,0,normal
LOT_014,LOT_014_C0732,0,normal
LOT_014,LOT_014_C0733,0,normal
LOT_014,LOT_014_C0734,0,normal
LOT_014,LOT_014_C0735,0,normal
LOT_014,LOT_014_C0736,0,normal
LOT_014,LOT_014_C0737,0,normal
LOT_014,LOT_014_C0738,0,normal
LOT_014,LOT_014_C0739,0,normal
LOT_014,LOT_014_C0740,0,normal
LOT_014,LOT_014_C0741,0,normal
LOT_014,LOT_014_C0742,0,normal
LOT_014,LOT_014_C0743,0,normal
LOT_014,LOT_014_C0744,0,normal
LOT_014,LOT_014_C0745,1,obvious
LOT_014,LOT_014_C0746,0,normal
LOT_014,LOT_014_C0747,0,normal
LOT_014,LOT_014_C0748,0,normal
LOT_014,LOT_014_C0749,0,normal
LOT_014,LOT_014_C0750,0,normal
LOT_014,LOT_014_C0751,0,normal
LOT_014,LOT_014_C0752,0,normal
LOT_014,LOT_014_C0753,0,normal
LOT_014,LOT_014_C0754,1,latent
LOT_014,LOT_014_C0755,0,normal
LOT_014,LOT_014_C0756,0,normal
LOT_014,LOT_014_C0757,0,normal
LOT_014,LOT_014_C0758,0,normal
LOT_014,LOT_014_C0759,0,normal
LOT_014,LOT_014_C0760,0,normal
LOT_014,LOT_014_C0761,0,normal
LOT_014,LOT_014_C0762,0,normal
LOT_014,LOT_014_C0763,0,normal
LOT_014,LOT_014_C0764,0,normal
LOT_014,LOT_014_C0765,0,normal
LOT_014,LOT_014_C0766,0,normal
LOT_014,LOT_014_C0767,0,normal
LOT_014,LOT_014_C0768,0,normal
LOT_014,LOT_014_C0769,0,normal
LOT_014,LOT_014_C0770,0,normal
LOT_014,LOT_014_C0771,0,normal
LOT_014,LOT_014_C0772,0,normal
LOT_014,LOT_014_C0773,0,normal
LOT_014,LOT_014_C0774,0,normal
LOT_014,LOT_014_C0775,0,normal
LOT_014,LOT_014_C0776,0,normal
LOT_014,LOT_014_C0777,0,normal
LOT_014,LOT_014_C0778,0,normal
LOT_014,LOT_014_C0779,0,normal
LOT_014,LOT_014_C0780,0,normal
LOT_014,LOT_014_C0781,0,normal
LOT_014,LOT_014_C0782,0,normal
LOT_014,LOT_014_C0783,0,normal
LOT_014,LOT_014_C0784,0,normal
LOT_014,LOT_014_C0785,0,normal
LOT_014,LOT_014_C0786,0,normal
LOT_014,LOT_014_C0787,0,normal
LOT_014,LOT_014_C0788,0,normal
LOT_014,LOT_014_C0789,0,normal
LOT_014,LOT_014_C0790,0,normal
LOT_014,LOT_014_C0791,0,normal
LOT_014,LOT_014_C0792,0,normal
LOT_014,LOT_014_C0793,0,normal
LOT_014,LOT_014_C0794,0,normal
LOT_014,LOT_014_C0795,0,normal
LOT_014,LOT_014_C0796,0,normal
LOT_014,LOT_014_C0797,0,normal
LOT_014,LOT_014_C0798,0,normal
LOT_014,LOT_014_C0799,1,latent
LOT_014,LOT_014_C0800,0,normal
LOT_014,LOT_014_C0801,0,normal
LOT_014,LOT_014_C0802,0,normal
LOT_014,LOT_014_C0803,0,normal
LOT_014,LOT_014_C0804,0,normal
LOT_014,LOT_014_C0805,0,normal
LOT_014,LOT_014_C0806,0,normal
LOT_014,LOT_014_C0807,0,normal
LOT_014,LOT_014_C0808,1,latent
LOT_014,LOT_014_C0809,0,normal
LOT_014,LOT_014_C0810,0,normal
LOT_014,LOT_014_C0811,0,normal
LOT_014,LOT_014_C0812,0,normal
LOT_014,LOT_014_C0813,0,normal
LOT_014,LOT_014_C0814,0,normal
LOT_015,LOT_015_C0000,0,normal
LOT_015,LOT_015_C0001,0,normal
LOT_015,LOT_015_C0002,1,latent
LOT_015,LOT_015_C0003,0,normal
LOT_015,LOT_015_C0004,0,normal
LOT_015,LOT_015_C0005,0,normal
LOT_015,LOT_015_C0006,0,normal
LOT_015,LOT_015_C0007,0,normal
LOT_015,LOT_015_C0008,0,normal
LOT_015,LOT_015_C0009,1,latent
LOT_015,LOT_015_C0010,0,normal
LOT_015,LOT_015_C0011,0,normal
LOT_015,LOT_015_C0012,0,normal
LOT_015,LOT_015_C0013,0,normal
LOT_015,LOT_015_C0014,0,normal
LOT_015,LOT_015_C0015,0,normal
LOT_015,LOT_015_C0016,0,normal
LOT_015,LOT_015_C0017,0,normal
LOT_015,LOT_015_C0018,1,latent
LOT_015,LOT_015_C0019,0,normal
LOT_015,LOT_015_C0020,0,normal
LOT_015,LOT_015_C0021,0,normal
LOT_015,LOT_015_C0022,0,normal
LOT_015,LOT_015_C0023,0,normal
LOT_015,LOT_015_C0024,0,normal
LOT_015,LOT_015_C0025,0,normal
LOT_015,LOT_015_C0026,0,normal
LOT_015,LOT_015_C0027,0,normal
LOT_015,LOT_015_C0028,0,normal
LOT_015,LOT_015_C0029,0,normal
LOT_015,LOT_015_C0030,0,normal
LOT_015,LOT_015_C0031,0,normal
LOT_015,LOT_015_C0032,1,latent
LOT_015,LOT_015_C0033,0,normal
LOT_015,LOT_015_C0034,0,normal
LOT_015,LOT_015_C0035,0,normal
LOT_015,LOT_015_C0036,0,normal
LOT_015,LOT_015_C0037,0,normal
LOT_015,LOT_015_C0038,0,normal
LOT_015,LOT_015_C0039,0,normal
LOT_015,LOT_015_C0040,0,normal
LOT_015,LOT_015_C0041,0,normal
LOT_015,LOT_015_C0042,0,normal
LOT_015,LOT_015_C0043,0,normal
LOT_015,LOT_015_C0044,0,normal
LOT_015,LOT_015_C0045,0,normal
LOT_015,LOT_015_C0046,0,normal
LOT_015,LOT_015_C0047,1,latent
LOT_015,LOT_015_C0048,0,normal
LOT_015,LOT_015_C0049,0,normal
LOT_015,LOT_015_C0050,0,normal
LOT_015,LOT_015_C0051,0,normal
LOT_015,LOT_015_C0052,0,normal
LOT_015,LOT_015_C0053,0,normal
LOT_015,LOT_015_C0054,0,normal
LOT_015,LOT_015_C0055,1,latent
LOT_015,LOT_015_C0056,0,normal
LOT_015,LOT_015_C0057,0,normal
LOT_015,LOT_015_C0058,0,normal
LOT_015,LOT_015_C0059,1,latent
LOT_015,LOT_015_C0060,0,normal
LOT_015,LOT_015_C0061,0,normal
LOT_015,LOT_015_C0062,0,normal
LOT_015,LOT_015_C0063,0,normal
LOT_015,LOT_015_C0064,0,normal
LOT_015,LOT_015_C0065,0,normal
LOT_015,LOT_015_C0066,0,normal
LOT_015,LOT_015_C0067,0,normal
LOT_015,LOT_015_C0068,0,normal
LOT_015,LOT_015_C0069,0,normal
LOT_015,LOT_015_C0070,0,normal
LOT_015,LOT_015_C0071,0,normal
LOT_015,LOT_015_C0072,0,normal
LOT_015,LOT_015_C0073,0,normal
LOT_015,LOT_015_C0074,0,normal
LOT_015,LOT_015_C0075,1,latent
LOT_015,LOT_015_C0076,0,normal
LOT_015,LOT_015_C0077,0,normal
LOT_015,LOT_015_C0078,0,normal
LOT_015,LOT_015_C0079,1,latent
LOT_015,LOT_015_C0080,0,normal
LOT_015,LOT_015_C0081,0,normal
LOT_015,LOT_015_C0082,0,normal
LOT_015,LOT_015_C0083,0,normal
LOT_015,LOT_015_C0084,0,normal
LOT_015,LOT_015_C0085,0,normal
LOT_015,LOT_015_C0086,0,normal
LOT_015,LOT_015_C0087,0,normal
LOT_015,LOT_015_C0088,0,normal
LOT_015,LOT_015_C0089,0,normal
LOT_015,LOT_015_C0090,0,normal
LOT_015,LOT_015_C0091,0,normal
LOT_015,LOT_015_C0092,0,normal
LOT_015,LOT_015_C0093,0,normal
LOT_015,LOT_015_C0094,0,normal
LOT_015,LOT_015_C0095,0,normal
LOT_015,LOT_015_C0096,0,normal
LOT_015,LOT_015_C0097,0,normal
LOT_015,LOT_015_C0098,0,normal
LOT_015,LOT_015_C0099,0,normal
LOT_015,LOT_015_C0100,0,normal
LOT_015,LOT_015_C0101,0,normal
LOT_015,LOT_015_C0102,1,latent
LOT_015,LOT_015_C0103,0,normal
LOT_015,LOT_015_C0104,0,normal
LOT_015,LOT_015_C0105,0,normal
LOT_015,LOT_015_C0106,0,normal
LOT_015,LOT_015_C0107,0,normal
LOT_015,LOT_015_C0108,0,normal
LOT_015,LOT_015_C0109,0,normal
LOT_015,LOT_015_C0110,0,normal
LOT_015,LOT_015_C0111,0,normal
LOT_015,LOT_015_C0112,1,latent
LOT_015,LOT_015_C0113,0,normal
LOT_015,LOT_015_C0114,0,normal
LOT_015,LOT_015_C0115,0,normal
LOT_015,LOT_015_C0116,0,normal
LOT_015,LOT_015_C0117,0,normal
LOT_015,LOT_015_C0118,0,normal
LOT_015,LOT_015_C0119,0,normal
LOT_015,LOT_015_C0120,0,normal
LOT_015,LOT_015_C0121,0,normal
LOT_015,LOT_015_C0122,0,normal
LOT_015,LOT_015_C0123,0,normal
LOT_015,LOT_015_C0124,0,normal
LOT_015,LOT_015_C0125,1,latent
LOT_015,LOT_015_C0126,0,normal
LOT_015,LOT_015_C0127,0,normal
LOT_015,LOT_015_C0128,0,normal
LOT_015,LOT_015_C0129,0,normal
LOT_015,LOT_015_C0130,0,normal
LOT_015,LOT_015_C0131,0,normal
LOT_015,LOT_015_C0132,0,normal
LOT_015,LOT_015_C0133,1,obvious
LOT_015,LOT_015_C0134,0,normal
LOT_015,LOT_015_C0135,0,normal
LOT_015,LOT_015_C0136,0,normal
LOT_015,LOT_015_C0137,0,normal
LOT_015,LOT_015_C0138,1,obvious
LOT_015,LOT_015_C0139,0,normal
LOT_015,LOT_015_C0140,0,normal
LOT_015,LOT_015_C0141,0,normal
LOT_015,LOT_015_C0142,0,normal
LOT_015,LOT_015_C0143,0,normal
LOT_015,LOT_015_C0144,0,normal
LOT_015,LOT_015_C0145,0,normal
LOT_015,LOT_015_C0146,0,normal
LOT_015,LOT_015_C0147,0,normal
LOT_015,LOT_015_C0148,0,normal
LOT_015,LOT_015_C0149,0,normal
LOT_015,LOT_015_C0150,0,normal
LOT_015,LOT_015_C0151,0,normal
LOT_015,LOT_015_C0152,0,normal
LOT_015,LOT_015_C0153,0,normal
LOT_015,LOT_015_C0154,0,normal
LOT_015,LOT_015_C0155,0,normal
LOT_015,LOT_015_C0156,0,normal
LOT_015,LOT_015_C0157,0,normal
LOT_015,LOT_015_C0158,0,normal
LOT_015,LOT_015_C0159,0,normal
LOT_015,LOT_015_C0160,0,normal
LOT_015,LOT_015_C0161,0,normal
LOT_015,LOT_015_C0162,0,normal
LOT_015,LOT_015_C0163,0,normal
LOT_015,LOT_015_C0164,0,normal
LOT_015,LOT_015_C0165,0,normal
LOT_015,LOT_015_C0166,0,normal
LOT_015,LOT_015_C0167,0,normal
LOT_015,LOT_015_C0168,0,normal
LOT_015,LOT_015_C0169,0,normal
LOT_015,LOT_015_C0170,0,normal
LOT_015,LOT_015_C0171,0,normal
LOT_015,LOT_015_C0172,0,normal
LOT_015,LOT_015_C0173,0,normal
LOT_015,LOT_015_C0174,1,latent
LOT_015,LOT_015_C0175,0,normal
LOT_015,LOT_015_C0176,0,normal
LOT_015,LOT_015_C0177,0,normal
LOT_015,LOT_015_C0178,0,normal
LOT_015,LOT_015_C0179,0,normal
LOT_015,LOT_015_C0180,0,normal
LOT_015,LOT_015_C0181,0,normal
LOT_015,LOT_015_C0182,0,normal
LOT_015,LOT_015_C0183,0,normal
LOT_015,LOT_015_C0184,0,normal
LOT_015,LOT_015_C0185,0,normal
LOT_015,LOT_015_C0186,0,normal
LOT_015,LOT_015_C0187,0,normal
LOT_015,LOT_015_C0188,0,normal
LOT_015,LOT_015_C0189,0,normal
LOT_015,LOT_015_C0190,0,normal
LOT_015,LOT_015_C0191,0,normal
LOT_015,LOT_015_C0192,0,normal
LOT_015,LOT_015_C0193,0,normal
LOT_015,LOT_015_C0194,0,normal
LOT_015,LOT_015_C0195,0,normal
LOT_015,LOT_015_C0196,0,normal
LOT_015,LOT_015_C0197,0,normal
LOT_015,LOT_015_C0198,0,normal
LOT_015,LOT_015_C0199,0,normal
LOT_015,LOT_015_C0200,0,normal
LOT_015,LOT_015_C0201,0,normal
LOT_015,LOT_015_C0202,0,normal
LOT_015,LOT_015_C0203,0,normal
LOT_015,LOT_015_C0204,1,obvious
LOT_015,LOT_015_C0205,0,normal
LOT_015,LOT_015_C0206,0,normal
LOT_015,LOT_015_C0207,0,normal
LOT_015,LOT_015_C0208,0,normal
LOT_015,LOT_015_C0209,0,normal
LOT_015,LOT_015_C0210,0,normal
LOT_015,LOT_015_C0211,0,normal
LOT_015,LOT_015_C0212,0,normal
LOT_015,LOT_015_C0213,0,normal
LOT_015,LOT_015_C0214,0,normal
LOT_015,LOT_015_C0215,0,normal
LOT_015,LOT_015_C0216,0,normal
LOT_015,LOT_015_C0217,0,normal
LOT_015,LOT_015_C0218,0,normal
LOT_015,LOT_015_C0219,0,normal
LOT_015,LOT_015_C0220,0,normal
LOT_015,LOT_015_C0221,0,normal
LOT_015,LOT_015_C0222,0,normal
LOT_015,LOT_015_C0223,0,normal
LOT_015,LOT_015_C0224,0,normal
LOT_015,LOT_015_C0225,0,normal
LOT_015,LOT_015_C0226,0,normal
LOT_015,LOT_015_C0227,0,normal
LOT_015,LOT_015_C0228,0,normal
LOT_015,LOT_015_C0229,0,normal
LOT_015,LOT_015_C0230,0,normal
LOT_015,LOT_015_C0231,0,normal
LOT_015,LOT_015_C0232,0,normal
LOT_015,LOT_015_C0233,0,normal
LOT_015,LOT_015_C0234,0,normal
LOT_015,LOT_015_C0235,0,normal
LOT_015,LOT_015_C0236,0,normal
LOT_015,LOT_015_C0237,0,normal
LOT_015,LOT_015_C0238,0,normal
LOT_015,LOT_015_C0239,0,normal
LOT_015,LOT_015_C0240,0,normal
LOT_015,LOT_015_C0241,1,latent
LOT_015,LOT_015_C0242,0,normal
LOT_015,LOT_015_C0243,0,normal
LOT_015,LOT_015_C0244,0,normal
LOT_015,LOT_015_C0245,0,normal
LOT_015,LOT_015_C0246,0,normal
LOT_015,LOT_015_C0247,0,normal
LOT_015,LOT_015_C0248,0,normal
LOT_015,LOT_015_C0249,0,normal
LOT_015,LOT_015_C0250,0,normal
LOT_015,LOT_015_C0251,1,latent
LOT_015,LOT_015_C0252,0,normal
LOT_015,LOT_015_C0253,1,latent
LOT_015,LOT_015_C0254,0,normal
LOT_015,LOT_015_C0255,0,normal
LOT_015,LOT_015_C0256,0,normal
LOT_015,LOT_015_C0257,1,latent
LOT_015,LOT_015_C0258,0,normal
LOT_015,LOT_015_C0259,0,normal
LOT_015,LOT_015_C0260,0,normal
LOT_015,LOT_015_C0261,0,normal
LOT_015,LOT_015_C0262,0,normal
LOT_015,LOT_015_C0263,0,normal
LOT_015,LOT_015_C0264,0,normal
LOT_015,LOT_015_C0265,0,normal
LOT_015,LOT_015_C0266,0,normal
LOT_015,LOT_015_C0267,0,normal
LOT_015,LOT_015_C0268,0,normal
LOT_015,LOT_015_C0269,0,normal
LOT_015,LOT_015_C0270,0,normal
LOT_015,LOT_015_C0271,0,normal
LOT_015,LOT_015_C0272,1,latent
LOT_015,LOT_015_C0273,0,normal
LOT_015,LOT_015_C0274,0,normal
LOT_015,LOT_015_C0275,0,normal
LOT_015,LOT_015_C0276,0,normal
LOT_015,LOT_015_C0277,0,normal
LOT_015,LOT_015_C0278,0,normal
LOT_015,LOT_015_C0279,0,normal
LOT_015,LOT_015_C0280,0,normal
LOT_015,LOT_015_C0281,0,normal
LOT_015,LOT_015_C0282,0,normal
LOT_015,LOT_015_C0283,0,normal
LOT_015,LOT_015_C0284,0,normal
LOT_015,LOT_015_C0285,0,normal
LOT_015,LOT_015_C0286,0,normal
LOT_015,LOT_015_C0287,0,normal
LOT_015,LOT_015_C0288,0,normal
LOT_015,LOT_015_C0289,0,normal
LOT_015,LOT_015_C0290,0,normal
LOT_015,LOT_015_C0291,0,normal
LOT_015,LOT_015_C0292,0,normal
LOT_015,LOT_015_C0293,1,latent
LOT_015,LOT_015_C0294,0,normal
LOT_015,LOT_015_C0295,0,normal
LOT_015,LOT_015_C0296,0,normal
LOT_015,LOT_015_C0297,0,normal
LOT_015,LOT_015_C0298,0,normal
LOT_015,LOT_015_C0299,0,normal
LOT_015,LOT_015_C0300,0,normal
LOT_015,LOT_015_C0301,0,normal
LOT_015,LOT_015_C0302,0,normal
LOT_015,LOT_015_C0303,0,normal
LOT_015,LOT_015_C0304,0,normal
LOT_015,LOT_015_C0305,0,normal
LOT_015,LOT_015_C0306,0,normal
LOT_015,LOT_015_C0307,0,normal
LOT_015,LOT_015_C0308,0,normal
LOT_015,LOT_015_C0309,0,normal
LOT_015,LOT_015_C0310,0,normal
LOT_015,LOT_015_C0311,1,obvious
LOT_015,LOT_015_C0312,0,normal
LOT_015,LOT_015_C0313,0,normal
LOT_015,LOT_015_C0314,0,normal
LOT_015,LOT_015_C0315,0,normal
LOT_015,LOT_015_C0316,0,normal
LOT_015,LOT_015_C0317,0,normal
LOT_015,LOT_015_C0318,0,normal
LOT_015,LOT_015_C0319,0,normal
LOT_015,LOT_015_C0320,0,normal
LOT_015,LOT_015_C0321,0,normal
LOT_015,LOT_015_C0322,0,normal
LOT_015,LOT_015_C0323,0,normal
LOT_015,LOT_015_C0324,0,normal
LOT_015,LOT_015_C0325,0,normal
LOT_015,LOT_015_C0326,0,normal
LOT_015,LOT_015_C0327,0,normal
LOT_015,LOT_015_C0328,0,normal
LOT_015,LOT_015_C0329,0,normal
LOT_015,LOT_015_C0330,0,normal
LOT_015,LOT_015_C0331,0,normal
LOT_015,LOT_015_C0332,0,normal
LOT_015,LOT_015_C0333,0,normal
LOT_015,LOT_015_C0334,0,normal
LOT_015,LOT_015_C0335,0,normal
LOT_015,LOT_015_C0336,0,normal
LOT_015,LOT_015_C0337,0,normal
LOT_015,LOT_015_C0338,0,normal
LOT_015,LOT_015_C0339,0,normal
LOT_015,LOT_015_C0340,0,normal
LOT_015,LOT_015_C0341,0,normal
LOT_015,LOT_015_C0342,0,normal
LOT_015,LOT_015_C0343,0,normal
LOT_015,LOT_015_C0344,0,normal
LOT_015,LOT_015_C0345,1,latent
LOT_015,LOT_015_C0346,0,normal
LOT_015,LOT_015_C0347,0,normal
LOT_015,LOT_015_C0348,0,normal
LOT_015,LOT_015_C0349,0,normal
LOT_015,LOT_015_C0350,0,normal
LOT_015,LOT_015_C0351,0,normal
LOT_015,LOT_015_C0352,0,normal
LOT_015,LOT_015_C0353,0,normal
LOT_015,LOT_015_C0354,0,normal
LOT_015,LOT_015_C0355,1,latent
LOT_015,LOT_015_C0356,1,latent
LOT_015,LOT_015_C0357,0,normal
LOT_015,LOT_015_C0358,0,normal
LOT_015,LOT_015_C0359,0,normal
LOT_015,LOT_015_C0360,1,latent
LOT_015,LOT_015_C0361,0,normal
LOT_015,LOT_015_C0362,0,normal
LOT_015,LOT_015_C0363,0,normal
LOT_015,LOT_015_C0364,0,normal
LOT_015,LOT_015_C0365,0,normal
LOT_015,LOT_015_C0366,0,normal
LOT_015,LOT_015_C0367,0,normal
LOT_015,LOT_015_C0368,0,normal
LOT_015,LOT_015_C0369,0,normal
LOT_015,LOT_015_C0370,0,normal
LOT_015,LOT_015_C0371,0,normal
LOT_015,LOT_015_C0372,0,normal
LOT_015,LOT_015_C0373,0,normal
LOT_015,LOT_015_C0374,0,normal
LOT_015,LOT_015_C0375,0,normal
LOT_015,LOT_015_C0376,0,normal
LOT_015,LOT_015_C0377,0,normal
LOT_015,LOT_015_C0378,0,normal
LOT_015,LOT_015_C0379,0,normal
LOT_015,LOT_015_C0380,0,normal
LOT_015,LOT_015_C0381,0,normal
LOT_015,LOT_015_C0382,0,normal
LOT_015,LOT_015_C0383,0,normal
LOT_015,LOT_015_C0384,0,normal
LOT_015,LOT_015_C0385,0,normal
LOT_015,LOT_015_C0386,0,normal
LOT_015,LOT_015_C0387,0,normal
LOT_015,LOT_015_C0388,1,latent
LOT_015,LOT_015_C0389,0,normal
LOT_015,LOT_015_C0390,0,normal
LOT_015,LOT_015_C0391,0,normal
LOT_015,LOT_015_C0392,0,normal
LOT_015,LOT_015_C0393,0,normal
LOT_015,LOT_015_C0394,0,normal
LOT_015,LOT_015_C0395,0,normal
LOT_015,LOT_015_C0396,0,normal
LOT_015,LOT_015_C0397,0,normal
LOT_015,LOT_015_C0398,0,normal
LOT_015,LOT_015_C0399,1,latent
LOT_015,LOT_015_C0400,0,normal
LOT_015,LOT_015_C0401,0,normal
LOT_015,LOT_015_C0402,0,normal
LOT_015,LOT_015_C0403,0,normal
LOT_015,LOT_015_C0404,0,normal
LOT_015,LOT_015_C0405,0,normal
LOT_015,LOT_015_C0406,0,normal
LOT_015,LOT_015_C0407,0,normal
LOT_015,LOT_015_C0408,0,normal
LOT_015,LOT_015_C0409,0,normal
LOT_015,LOT_015_C0410,0,normal
LOT_015,LOT_015_C0411,0,normal
LOT_015,LOT_015_C0412,0,normal
LOT_015,LOT_015_C0413,0,normal
LOT_015,LOT_015_C0414,1,latent
LOT_015,LOT_015_C0415,0,normal
LOT_015,LOT_015_C0416,0,normal
LOT_015,LOT_015_C0417,0,normal
LOT_015,LOT_015_C0418,0,normal
LOT_015,LOT_015_C0419,0,normal
LOT_015,LOT_015_C0420,1,obvious
LOT_015,LOT_015_C0421,0,normal
LOT_015,LOT_015_C0422,0,normal
LOT_015,LOT_015_C0423,0,normal
LOT_015,LOT_015_C0424,0,normal
LOT_015,LOT_015_C0425,0,normal
LOT_015,LOT_015_C0426,0,normal
LOT_015,LOT_015_C0427,1,latent
LOT_015,LOT_015_C0428,0,normal
LOT_015,LOT_015_C0429,0,normal
LOT_015,LOT_015_C0430,0,normal
LOT_015,LOT_015_C0431,1,latent
LOT_015,LOT_015_C0432,0,normal
LOT_015,LOT_015_C0433,0,normal
LOT_015,LOT_015_C0434,0,normal
LOT_015,LOT_015_C0435,0,normal
LOT_015,LOT_015_C0436,0,normal
LOT_015,LOT_015_C0437,0,normal
LOT_015,LOT_015_C0438,0,normal
LOT_015,LOT_015_C0439,0,normal
LOT_015,LOT_015_C0440,0,normal
LOT_015,LOT_015_C0441,0,normal
LOT_015,LOT_015_C0442,0,normal
LOT_015,LOT_015_C0443,0,normal
LOT_015,LOT_015_C0444,0,normal
LOT_015,LOT_015_C0445,0,normal
LOT_015,LOT_015_C0446,0,normal
LOT_015,LOT_015_C0447,0,normal
LOT_015,LOT_015_C0448,0,normal
LOT_015,LOT_015_C0449,0,normal
LOT_015,LOT_015_C0450,0,normal
LOT_015,LOT_015_C0451,0,normal
LOT_015,LOT_015_C0452,0,normal
LOT_015,LOT_015_C0453,0,normal
LOT_015,LOT_015_C0454,0,normal
LOT_015,LOT_015_C0455,0,normal
LOT_015,LOT_015_C0456,0,normal
LOT_015,LOT_015_C0457,0,normal
LOT_015,LOT_015_C0458,0,normal
LOT_015,LOT_015_C0459,0,normal
LOT_015,LOT_015_C0460,0,normal
LOT_015,LOT_015_C0461,0,normal
LOT_015,LOT_015_C0462,0,normal
LOT_015,LOT_015_C0463,0,normal
LOT_015,LOT_015_C0464,0,normal
LOT_015,LOT_015_C0465,0,normal
LOT_015,LOT_015_C0466,0,normal
LOT_015,LOT_015_C0467,0,normal
LOT_015,LOT_015_C0468,0,normal
LOT_015,LOT_015_C0469,0,normal
LOT_015,LOT_015_C0470,0,normal
LOT_015,LOT_015_C0471,0,normal
LOT_015,LOT_015_C0472,0,normal
LOT_015,LOT_015_C0473,0,normal
LOT_015,LOT_015_C0474,0,normal
LOT_015,LOT_015_C0475,0,normal
LOT_015,LOT_015_C0476,0,normal
LOT_015,LOT_015_C0477,0,normal
LOT_015,LOT_015_C0478,0,normal
LOT_015,LOT_015_C0479,0,normal
LOT_015,LOT_015_C0480,0,normal
LOT_015,LOT_015_C0481,0,normal
LOT_015,LOT_015_C0482,0,normal
LOT_015,LOT_015_C0483,0,normal
LOT_015,LOT_015_C0484,0,normal
LOT_015,LOT_015_C0485,0,normal
LOT_015,LOT_015_C0486,0,normal
LOT_015,LOT_015_C0487,0,normal
LOT_015,LOT_015_C0488,0,normal
LOT_015,LOT_015_C0489,0,normal
LOT_015,LOT_015_C0490,0,normal
LOT_015,LOT_015_C0491,0,normal
LOT_015,LOT_015_C0492,0,normal
LOT_015,LOT_015_C0493,0,normal
LOT_015,LOT_015_C0494,0,normal
LOT_015,LOT_015_C0495,0,normal
LOT_015,LOT_015_C0496,1,latent
LOT_015,LOT_015_C0497,0,normal
LOT_015,LOT_015_C0498,0,normal
LOT_015,LOT_015_C0499,0,normal
LOT_015,LOT_015_C0500,0,normal
LOT_015,LOT_015_C0501,0,normal
LOT_015,LOT_015_C0502,0,normal
LOT_015,LOT_015_C0503,0,normal
LOT_015,LOT_015_C0504,0,normal
LOT_015,LOT_015_C0505,0,normal
LOT_015,LOT_015_C0506,0,normal
LOT_015,LOT_015_C0507,0,normal
LOT_015,LOT_015_C0508,0,normal
LOT_015,LOT_015_C0509,0,normal
LOT_015,LOT_015_C0510,0,normal
LOT_015,LOT_015_C0511,0,normal
LOT_015,LOT_015_C0512,0,normal
LOT_015,LOT_015_C0513,0,normal
LOT_015,LOT_015_C0514,0,normal
LOT_015,LOT_015_C0515,0,normal
LOT_015,LOT_015_C0516,0,normal
LOT_015,LOT_015_C0517,0,normal
LOT_015,LOT_015_C0518,0,normal
LOT_015,LOT_015_C0519,0,normal
LOT_015,LOT_015_C0520,0,normal
LOT_015,LOT_015_C0521,0,normal
LOT_015,LOT_015_C0522,0,normal
LOT_015,LOT_015_C0523,1,latent
LOT_015,LOT_015_C0524,0,normal
LOT_015,LOT_015_C0525,0,normal
LOT_015,LOT_015_C0526,1,latent
LOT_015,LOT_015_C0527,0,normal
LOT_015,LOT_015_C0528,0,normal
LOT_015,LOT_015_C0529,0,normal
LOT_015,LOT_015_C0530,0,normal
LOT_015,LOT_015_C0531,0,normal
LOT_015,LOT_015_C0532,0,normal
LOT_015,LOT_015_C0533,0,normal
LOT_015,LOT_015_C0534,0,normal
LOT_015,LOT_015_C0535,0,normal
LOT_015,LOT_015_C0536,1,latent
LOT_015,LOT_015_C0537,0,normal
LOT_015,LOT_015_C0538,0,normal
LOT_015,LOT_015_C0539,1,latent
LOT_015,LOT_015_C0540,0,normal
LOT_015,LOT_015_C0541,0,normal
LOT_015,LOT_015_C0542,0,normal
LOT_015,LOT_015_C0543,0,normal
LOT_015,LOT_015_C0544,0,normal
LOT_015,LOT_015_C0545,0,normal
LOT_015,LOT_015_C0546,0,normal
LOT_015,LOT_015_C0547,0,normal
LOT_015,LOT_015_C0548,1,latent
LOT_015,LOT_015_C0549,0,normal
LOT_015,LOT_015_C0550,0,normal
LOT_015,LOT_015_C0551,0,normal
LOT_015,LOT_015_C0552,0,normal
LOT_015,LOT_015_C0553,0,normal
LOT_015,LOT_015_C0554,0,normal
LOT_015,LOT_015_C0555,0,normal
LOT_015,LOT_015_C0556,0,normal
LOT_015,LOT_015_C0557,0,normal
LOT_015,LOT_015_C0558,0,normal
LOT_015,LOT_015_C0559,0,normal
LOT_015,LOT_015_C0560,0,normal
LOT_015,LOT_015_C0561,0,normal
LOT_015,LOT_015_C0562,0,normal
LOT_015,LOT_015_C0563,0,normal
LOT_015,LOT_015_C0564,0,normal
LOT_015,LOT_015_C0565,0,normal
LOT_015,LOT_015_C0566,0,normal
LOT_015,LOT_015_C0567,0,normal
LOT_015,LOT_015_C0568,0,normal
LOT_015,LOT_015_C0569,0,normal
LOT_015,LOT_015_C0570,0,normal
LOT_015,LOT_015_C0571,0,normal
LOT_015,LOT_015_C0572,1,latent
LOT_015,LOT_015_C0573,0,normal
LOT_015,LOT_015_C0574,1,latent
LOT_015,LOT_015_C0575,1,obvious
LOT_015,LOT_015_C0576,0,normal
LOT_015,LOT_015_C0577,0,normal
LOT_015,LOT_015_C0578,0,normal
LOT_015,LOT_015_C0579,0,normal
LOT_015,LOT_015_C0580,0,normal
LOT_015,LOT_015_C0581,0,normal
LOT_015,LOT_015_C0582,0,normal
LOT_015,LOT_015_C0583,0,normal
LOT_015,LOT_015_C0584,0,normal
LOT_015,LOT_015_C0585,0,normal
LOT_015,LOT_015_C0586,0,normal
LOT_015,LOT_015_C0587,0,normal
LOT_015,LOT_015_C0588,0,normal
LOT_015,LOT_015_C0589,0,normal
LOT_015,LOT_015_C0590,0,normal
LOT_015,LOT_015_C0591,0,normal
LOT_015,LOT_015_C0592,0,normal
LOT_015,LOT_015_C0593,1,latent
LOT_015,LOT_015_C0594,0,normal
LOT_015,LOT_015_C0595,0,normal
LOT_015,LOT_015_C0596,0,normal
LOT_015,LOT_015_C0597,0,normal
LOT_015,LOT_015_C0598,0,normal
LOT_015,LOT_015_C0599,0,normal
LOT_015,LOT_015_C0600,0,normal
LOT_015,LOT_015_C0601,0,normal
LOT_015,LOT_015_C0602,0,normal
LOT_015,LOT_015_C0603,0,normal
LOT_015,LOT_015_C0604,0,normal
LOT_015,LOT_015_C0605,0,normal
LOT_015,LOT_015_C0606,0,normal
LOT_015,LOT_015_C0607,0,normal
LOT_015,LOT_015_C0608,0,normal
LOT_015,LOT_015_C0609,1,latent
LOT_015,LOT_015_C0610,0,normal
LOT_015,LOT_015_C0611,0,normal
LOT_015,LOT_015_C0612,0,normal
LOT_015,LOT_015_C0613,0,normal
LOT_015,LOT_015_C0614,0,normal
LOT_015,LOT_015_C0615,0,normal
LOT_015,LOT_015_C0616,0,normal
LOT_015,LOT_015_C0617,0,normal
LOT_015,LOT_015_C0618,0,normal
LOT_015,LOT_015_C0619,0,normal
LOT_015,LOT_015_C0620,0,normal
LOT_015,LOT_015_C0621,0,normal
LOT_015,LOT_015_C0622,0,normal
LOT_015,LOT_015_C0623,0,normal
LOT_015,LOT_015_C0624,0,normal
LOT_015,LOT_015_C0625,1,latent
LOT_015,LOT_015_C0626,0,normal
LOT_015,LOT_015_C0627,0,normal
LOT_015,LOT_015_C0628,0,normal
LOT_015,LOT_015_C0629,0,normal
LOT_015,LOT_015_C0630,0,normal
LOT_015,LOT_015_C0631,0,normal
LOT_015,LOT_015_C0632,0,normal
LOT_015,LOT_015_C0633,0,normal
LOT_015,LOT_015_C0634,0,normal
LOT_015,LOT_015_C0635,0,normal
LOT_015,LOT_015_C0636,0,normal
LOT_015,LOT_015_C0637,0,normal
LOT_015,LOT_015_C0638,0,normal
LOT_015,LOT_015_C0639,0,normal
LOT_015,LOT_015_C0640,0,normal
LOT_015,LOT_015_C0641,1,latent
LOT_015,LOT_015_C0642,0,normal
LOT_015,LOT_015_C0643,0,normal
LOT_015,LOT_015_C0644,0,normal
LOT_015,LOT_015_C0645,0,normal
LOT_015,LOT_015_C0646,0,normal
LOT_015,LOT_015_C0647,0,normal
LOT_015,LOT_015_C0648,0,normal
LOT_015,LOT_015_C0649,0,normal
LOT_015,LOT_015_C0650,0,normal
LOT_015,LOT_015_C0651,0,normal
LOT_015,LOT_015_C0652,0,normal
LOT_015,LOT_015_C0653,0,normal
LOT_015,LOT_015_C0654,0,normal
LOT_015,LOT_015_C0655,0,normal
LOT_015,LOT_015_C0656,1,latent
LOT_015,LOT_015_C0657,0,normal
LOT_015,LOT_015_C0658,0,normal
LOT_015,LOT_015_C0659,0,normal
LOT_015,LOT_015_C0660,0,normal
LOT_015,LOT_015_C0661,0,normal
LOT_015,LOT_015_C0662,0,normal
LOT_015,LOT_015_C0663,0,normal
LOT_015,LOT_015_C0664,0,normal
LOT_015,LOT_015_C0665,0,normal
LOT_015,LOT_015_C0666,0,normal
LOT_015,LOT_015_C0667,0,normal
LOT_015,LOT_015_C0668,0,normal
LOT_015,LOT_015_C0669,0,normal
LOT_015,LOT_015_C0670,1,latent
LOT_015,LOT_015_C0671,0,normal
LOT_015,LOT_015_C0672,0,normal
LOT_015,LOT_015_C0673,0,normal
LOT_015,LOT_015_C0674,0,normal
LOT_015,LOT_015_C0675,0,normal
LOT_015,LOT_015_C0676,0,normal
LOT_015,LOT_015_C0677,0,normal
LOT_015,LOT_015_C0678,0,normal
LOT_015,LOT_015_C0679,0,normal
LOT_015,LOT_015_C0680,0,normal
LOT_015,LOT_015_C0681,0,normal
LOT_015,LOT_015_C0682,0,normal
LOT_015,LOT_015_C0683,0,normal
LOT_015,LOT_015_C0684,0,normal
LOT_015,LOT_015_C0685,0,normal
LOT_015,LOT_015_C0686,0,normal
LOT_015,LOT_015_C0687,0,normal
LOT_015,LOT_015_C0688,0,normal
LOT_015,LOT_015_C0689,0,normal
LOT_015,LOT_015_C0690,0,normal
LOT_015,LOT_015_C0691,0,normal
LOT_015,LOT_015_C0692,0,normal
LOT_015,LOT_015_C0693,0,normal
LOT_015,LOT_015_C0694,0,normal
LOT_015,LOT_015_C0695,0,normal
LOT_015,LOT_015_C0696,0,normal
LOT_015,LOT_015_C0697,0,normal
LOT_015,LOT_015_C0698,0,normal
LOT_015,LOT_015_C0699,1,latent
LOT_015,LOT_015_C0700,0,normal
LOT_015,LOT_015_C0701,0,normal
LOT_015,LOT_015_C0702,0,normal
LOT_015,LOT_015_C0703,0,normal
LOT_015,LOT_015_C0704,0,normal
LOT_015,LOT_015_C0705,0,normal
LOT_015,LOT_015_C0706,0,normal
LOT_015,LOT_015_C0707,0,normal
LOT_015,LOT_015_C0708,0,normal
LOT_015,LOT_015_C0709,0,normal
LOT_015,LOT_015_C0710,0,normal
LOT_015,LOT_015_C0711,0,normal
LOT_015,LOT_015_C0712,0,normal
LOT_015,LOT_015_C0713,0,normal
LOT_015,LOT_015_C0714,0,normal
LOT_015,LOT_015_C0715,0,normal
LOT_015,LOT_015_C0716,0,normal
LOT_015,LOT_015_C0717,0,normal
LOT_015,LOT_015_C0718,1,latent
LOT_015,LOT_015_C0719,0,normal
LOT_015,LOT_015_C0720,0,normal
LOT_015,LOT_015_C0721,0,normal
LOT_015,LOT_015_C0722,0,normal
LOT_015,LOT_015_C0723,0,normal
LOT_015,LOT_015_C0724,0,normal
LOT_015,LOT_015_C0725,0,normal
LOT_015,LOT_015_C0726,0,normal
LOT_015,LOT_015_C0727,0,normal
LOT_015,LOT_015_C0728,0,normal
LOT_015,LOT_015_C0729,0,normal
LOT_015,LOT_015_C0730,0,normal
LOT_015,LOT_015_C0731,0,normal
LOT_015,LOT_015_C0732,0,normal
LOT_015,LOT_015_C0733,0,normal
LOT_015,LOT_015_C0734,0,normal
LOT_015,LOT_015_C0735,0,normal
LOT_015,LOT_015_C0736,0,normal
LOT_015,LOT_015_C0737,0,normal
LOT_015,LOT_015_C0738,0,normal
LOT_015,LOT_015_C0739,0,normal
LOT_015,LOT_015_C0740,0,normal
LOT_015,LOT_015_C0741,0,normal
LOT_015,LOT_015_C0742,0,normal
LOT_015,LOT_015_C0743,0,normal
LOT_015,LOT_015_C0744,0,normal
LOT_015,LOT_015_C0745,0,normal
LOT_015,LOT_015_C0746,0,normal
LOT_015,LOT_015_C0747,0,normal
LOT_015,LOT_015_C0748,0,normal
LOT_015,LOT_015_C0749,0,normal
LOT_015,LOT_015_C0750,0,normal
LOT_015,LOT_015_C0751,0,normal
LOT_015,LOT_015_C0752,0,normal
LOT_015,LOT_015_C0753,0,normal
LOT_015,LOT_015_C0754,0,normal
LOT_015,LOT_015_C0755,0,normal
LOT_015,LOT_015_C0756,0,normal
LOT_015,LOT_015_C0757,1,latent
LOT_015,LOT_015_C0758,1,obvious
LOT_015,LOT_015_C0759,0,normal
LOT_015,LOT_015_C0760,0,normal
LOT_015,LOT_015_C0761,0,normal
LOT_015,LOT_015_C0762,0,normal
LOT_015,LOT_015_C0763,0,normal
LOT_015,LOT_015_C0764,0,normal
LOT_015,LOT_015_C0765,0,normal
LOT_015,LOT_015_C0766,0,normal
LOT_015,LOT_015_C0767,0,normal
LOT_015,LOT_015_C0768,0,normal
LOT_015,LOT_015_C0769,0,normal
LOT_015,LOT_015_C0770,0,normal
LOT_015,LOT_015_C0771,0,normal
LOT_015,LOT_015_C0772,0,normal
LOT_015,LOT_015_C0773,1,latent
LOT_015,LOT_015_C0774,0,normal
LOT_015,LOT_015_C0775,0,normal
LOT_015,LOT_015_C0776,0,normal
LOT_015,LOT_015_C0777,0,normal
LOT_015,LOT_015_C0778,1,latent
LOT_015,LOT_015_C0779,0,normal
LOT_015,LOT_015_C0780,0,normal
LOT_015,LOT_015_C0781,0,normal
LOT_015,LOT_015_C0782,0,normal
LOT_015,LOT_015_C0783,1,latent
LOT_015,LOT_015_C0784,0,normal
LOT_015,LOT_015_C0785,1,latent
LOT_015,LOT_015_C0786,0,normal
LOT_015,LOT_015_C0787,0,normal
LOT_015,LOT_015_C0788,0,normal
LOT_015,LOT_015_C0789,0,normal
LOT_015,LOT_015_C0790,0,normal
LOT_015,LOT_015_C0791,0,normal
LOT_015,LOT_015_C0792,0,normal
LOT_015,LOT_015_C0793,0,normal
LOT_015,LOT_015_C0794,1,obvious
LOT_015,LOT_015_C0795,0,normal
LOT_015,LOT_015_C0796,0,normal
LOT_015,LOT_015_C0797,0,normal
LOT_015,LOT_015_C0798,0,normal
LOT_015,LOT_015_C0799,0,normal
LOT_015,LOT_015_C0800,0,normal
LOT_015,LOT_015_C0801,0,normal
LOT_015,LOT_015_C0802,0,normal
LOT_015,LOT_015_C0803,0,normal
LOT_015,LOT_015_C0804,0,normal
LOT_015,LOT_015_C0805,0,normal
LOT_015,LOT_015_C0806,0,normal
LOT_015,LOT_015_C0807,0,normal
LOT_015,LOT_015_C0808,0,normal
LOT_015,LOT_015_C0809,0,normal
LOT_015,LOT_015_C0810,0,normal
LOT_015,LOT_015_C0811,0,normal
LOT_015,LOT_015_C0812,1,latent
LOT_015,LOT_015_C0813,0,normal
LOT_015,LOT_015_C0814,0,normal
LOT_015,LOT_015_C0815,1,latent
LOT_015,LOT_015_C0816,0,normal
LOT_015,LOT_015_C0817,0,normal
LOT_015,LOT_015_C0818,0,normal
LOT_015,LOT_015_C0819,0,normal
LOT_015,LOT_015_C0820,0,normal
LOT_015,LOT_015_C0821,0,normal
LOT_015,LOT_015_C0822,0,normal
LOT_015,LOT_015_C0823,0,normal
LOT_015,LOT_015_C0824,0,normal
LOT_015,LOT_015_C0825,0,normal
LOT_015,LOT_015_C0826,0,normal
LOT_015,LOT_015_C0827,0,normal
LOT_015,LOT_015_C0828,1,obvious
LOT_015,LOT_015_C0829,0,normal
LOT_015,LOT_015_C0830,0,normal
LOT_015,LOT_015_C0831,0,normal
LOT_015,LOT_015_C0832,0,normal
LOT_015,LOT_015_C0833,0,normal
LOT_015,LOT_015_C0834,0,normal
LOT_015,LOT_015_C0835,0,normal
LOT_015,LOT_015_C0836,0,normal
LOT_015,LOT_015_C0837,0,normal
LOT_015,LOT_015_C0838,0,normal
LOT_015,LOT_015_C0839,0,normal
LOT_015,LOT_015_C0840,0,normal
LOT_015,LOT_015_C0841,0,normal
LOT_015,LOT_015_C0842,0,normal
LOT_015,LOT_015_C0843,0,normal
LOT_015,LOT_015_C0844,0,normal
LOT_015,LOT_015_C0845,0,normal
LOT_015,LOT_015_C0846,0,normal
LOT_015,LOT_015_C0847,0,normal
LOT_015,LOT_015_C0848,0,normal
LOT_015,LOT_015_C0849,0,normal
LOT_015,LOT_015_C0850,0,normal
LOT_015,LOT_015_C0851,0,normal
LOT_015,LOT_015_C0852,0,normal
LOT_015,LOT_015_C0853,0,normal
LOT_015,LOT_015_C0854,0,normal
LOT_015,LOT_015_C0855,0,normal
LOT_015,LOT_015_C0856,0,normal
LOT_015,LOT_015_C0857,0,normal
LOT_015,LOT_015_C0858,0,normal
LOT_015,LOT_015_C0859,0,normal
LOT_015,LOT_015_C0860,0,normal
LOT_015,LOT_015_C0861,0,normal
LOT_015,LOT_015_C0862,0,normal
LOT_015,LOT_015_C0863,1,latent
LOT_015,LOT_015_C0864,0,normal
LOT_015,LOT_015_C0865,0,normal
LOT_015,LOT_015_C0866,0,normal
LOT_015,LOT_015_C0867,0,normal
LOT_015,LOT_015_C0868,1,obvious
LOT_015,LOT_015_C0869,0,normal
LOT_015,LOT_015_C0870,0,normal
LOT_015,LOT_015_C0871,0,normal
LOT_015,LOT_015_C0872,0,normal
LOT_015,LOT_015_C0873,1,latent
LOT_015,LOT_015_C0874,0,normal
LOT_015,LOT_015_C0875,0,normal
LOT_015,LOT_015_C0876,0,normal
LOT_015,LOT_015_C0877,0,normal
LOT_015,LOT_015_C0878,0,normal
LOT_015,LOT_015_C0879,0,normal
LOT_015,LOT_015_C0880,0,normal
LOT_015,LOT_015_C0881,0,normal
LOT_015,LOT_015_C0882,0,normal
LOT_015,LOT_015_C0883,0,normal
LOT_015,LOT_015_C0884,0,normal
LOT_015,LOT_015_C0885,0,normal
LOT_015,LOT_015_C0886,0,normal
LOT_015,LOT_015_C0887,1,latent
LOT_015,LOT_015_C0888,1,latent
LOT_015,LOT_015_C0889,0,normal
LOT_015,LOT_015_C0890,0,normal
LOT_015,LOT_015_C0891,0,normal
LOT_015,LOT_015_C0892,0,normal
LOT_015,LOT_015_C0893,0,normal
LOT_015,LOT_015_C0894,0,normal
LOT_015,LOT_015_C0895,0,normal
LOT_015,LOT_015_C0896,0,normal
LOT_015,LOT_015_C0897,1,latent
LOT_015,LOT_015_C0898,0,normal
LOT_015,LOT_015_C0899,0,normal
LOT_015,LOT_015_C0900,0,normal
LOT_015,LOT_015_C0901,0,normal
LOT_015,LOT_015_C0902,0,normal
LOT_015,LOT_015_C0903,0,normal
LOT_015,LOT_015_C0904,0,normal
LOT_015,LOT_015_C0905,0,normal
LOT_015,LOT_015_C0906,0,normal
LOT_015,LOT_015_C0907,0,normal
LOT_015,LOT_015_C0908,0,normal
LOT_015,LOT_015_C0909,1,obvious
LOT_015,LOT_015_C0910,0,normal
LOT_015,LOT_015_C0911,0,normal
LOT_015,LOT_015_C0912,0,normal
LOT_015,LOT_015_C0913,0,normal
LOT_015,LOT_015_C0914,0,normal
LOT_015,LOT_015_C0915,0,normal
LOT_015,LOT_015_C0916,1,latent
LOT_015,LOT_015_C0917,0,normal
LOT_015,LOT_015_C0918,0,normal
LOT_015,LOT_015_C0919,0,normal
LOT_015,LOT_015_C0920,0,normal
LOT_015,LOT_015_C0921,0,normal
LOT_015,LOT_015_C0922,0,normal
LOT_015,LOT_015_C0923,1,obvious
LOT_015,LOT_015_C0924,0,normal
LOT_015,LOT_015_C0925,1,latent
LOT_015,LOT_015_C0926,0,normal
LOT_015,LOT_015_C0927,0,normal
LOT_015,LOT_015_C0928,0,normal
LOT_015,LOT_015_C0929,0,normal
LOT_015,LOT_015_C0930,0,normal
LOT_015,LOT_015_C0931,1,latent
LOT_015,LOT_015_C0932,0,normal
LOT_015,LOT_015_C0933,0,normal
LOT_015,LOT_015_C0934,0,normal
LOT_015,LOT_015_C0935,0,normal
LOT_015,LOT_015_C0936,0,normal
LOT_015,LOT_015_C0937,0,normal
LOT_015,LOT_015_C0938,1,latent
LOT_015,LOT_015_C0939,0,normal
LOT_016,LOT_016_C0000,1,obvious
LOT_016,LOT_016_C0001,0,normal
LOT_016,LOT_016_C0002,0,normal
LOT_016,LOT_016_C0003,0,normal
LOT_016,LOT_016_C0004,0,normal
LOT_016,LOT_016_C0005,0,normal
LOT_016,LOT_016_C0006,0,normal
LOT_016,LOT_016_C0007,0,normal
LOT_016,LOT_016_C0008,1,latent
LOT_016,LOT_016_C0009,0,normal
LOT_016,LOT_016_C0010,0,normal
LOT_016,LOT_016_C0011,0,normal
LOT_016,LOT_016_C0012,0,normal
LOT_016,LOT_016_C0013,1,obvious
LOT_016,LOT_016_C0014,0,normal
LOT_016,LOT_016_C0015,0,normal
LOT_016,LOT_016_C0016,0,normal
LOT_016,LOT_016_C0017,0,normal
LOT_016,LOT_016_C0018,1,obvious
LOT_016,LOT_016_C0019,0,normal
LOT_016,LOT_016_C0020,0,normal
LOT_016,LOT_016_C0021,0,normal
LOT_016,LOT_016_C0022,0,normal
LOT_016,LOT_016_C0023,0,normal
LOT_016,LOT_016_C0024,1,latent
LOT_016,LOT_016_C0025,0,normal
LOT_016,LOT_016_C0026,0,normal
LOT_016,LOT_016_C0027,0,normal
LOT_016,LOT_016_C0028,0,normal
LOT_016,LOT_016_C0029,0,normal
LOT_016,LOT_016_C0030,0,normal
LOT_016,LOT_016_C0031,0,normal
LOT_016,LOT_016_C0032,0,normal
LOT_016,LOT_016_C0033,0,normal
LOT_016,LOT_016_C0034,0,normal
LOT_016,LOT_016_C0035,1,latent
LOT_016,LOT_016_C0036,0,normal
LOT_016,LOT_016_C0037,0,normal
LOT_016,LOT_016_C0038,0,normal
LOT_016,LOT_016_C0039,0,normal
LOT_016,LOT_016_C0040,0,normal
LOT_016,LOT_016_C0041,0,normal
LOT_016,LOT_016_C0042,0,normal
LOT_016,LOT_016_C0043,0,normal
LOT_016,LOT_016_C0044,1,latent
LOT_016,LOT_016_C0045,0,normal
LOT_016,LOT_016_C0046,0,normal
LOT_016,LOT_016_C0047,0,normal
LOT_016,LOT_016_C0048,0,normal
LOT_016,LOT_016_C0049,0,normal
LOT_016,LOT_016_C0050,0,normal
LOT_016,LOT_016_C0051,0,normal
LOT_016,LOT_016_C0052,0,normal
LOT_016,LOT_016_C0053,0,normal
LOT_016,LOT_016_C0054,0,normal
LOT_016,LOT_016_C0055,0,normal
LOT_016,LOT_016_C0056,0,normal
LOT_016,LOT_016_C0057,0,normal
LOT_016,LOT_016_C0058,0,normal
LOT_016,LOT_016_C0059,0,normal
LOT_016,LOT_016_C0060,0,normal
LOT_016,LOT_016_C0061,0,normal
LOT_016,LOT_016_C0062,0,normal
LOT_016,LOT_016_C0063,0,normal
LOT_016,LOT_016_C0064,0,normal
LOT_016,LOT_016_C0065,0,normal
LOT_016,LOT_016_C0066,0,normal
LOT_016,LOT_016_C0067,0,normal
LOT_016,LOT_016_C0068,0,normal
LOT_016,LOT_016_C0069,0,normal
LOT_016,LOT_016_C0070,0,normal
LOT_016,LOT_016_C0071,0,normal
LOT_016,LOT_016_C0072,0,normal
LOT_016,LOT_016_C0073,0,normal
LOT_016,LOT_016_C0074,0,normal
LOT_016,LOT_016_C0075,0,normal
LOT_016,LOT_016_C0076,0,normal
LOT_016,LOT_016_C0077,0,normal
LOT_016,LOT_016_C0078,0,normal
LOT_016,LOT_016_C0079,0,normal
LOT_016,LOT_016_C0080,0,normal
LOT_016,LOT_016_C0081,0,normal
LOT_016,LOT_016_C0082,0,normal
LOT_016,LOT_016_C0083,0,normal
LOT_016,LOT_016_C0084,0,normal
LOT_016,LOT_016_C0085,0,normal
LOT_016,LOT_016_C0086,0,normal
LOT_016,LOT_016_C0087,0,normal
LOT_016,LOT_016_C0088,0,normal
LOT_016,LOT_016_C0089,0,normal
LOT_016,LOT_016_C0090,0,normal
LOT_016,LOT_016_C0091,0,normal
LOT_016,LOT_016_C0092,0,normal
LOT_016,LOT_016_C0093,0,normal
LOT_016,LOT_016_C0094,0,normal
LOT_016,LOT_016_C0095,0,normal
LOT_016,LOT_016_C0096,0,normal
LOT_016,LOT_016_C0097,0,normal
LOT_016,LOT_016_C0098,0,normal
LOT_016,LOT_016_C0099,0,normal
LOT_016,LOT_016_C0100,0,normal
LOT_016,LOT_016_C0101,0,normal
LOT_016,LOT_016_C0102,0,normal
LOT_016,LOT_016_C0103,0,normal
LOT_016,LOT_016_C0104,0,normal
LOT_016,LOT_016_C0105,0,normal
LOT_016,LOT_016_C0106,0,normal
LOT_016,LOT_016_C0107,0,normal
LOT_016,LOT_016_C0108,0,normal
LOT_016,LOT_016_C0109,0,normal
LOT_016,LOT_016_C0110,0,normal
LOT_016,LOT_016_C0111,0,normal
LOT_016,LOT_016_C0112,0,normal
LOT_016,LOT_016_C0113,0,normal
LOT_016,LOT_016_C0114,0,normal
LOT_016,LOT_016_C0115,0,normal
LOT_016,LOT_016_C0116,0,normal
LOT_016,LOT_016_C0117,0,normal
LOT_016,LOT_016_C0118,0,normal
LOT_016,LOT_016_C0119,0,normal
LOT_016,LOT_016_C0120,0,normal
LOT_016,LOT_016_C0121,0,normal
LOT_016,LOT_016_C0122,1,obvious
LOT_016,LOT_016_C0123,1,latent
LOT_016,LOT_016_C0124,0,normal
LOT_016,LOT_016_C0125,0,normal
LOT_016,LOT_016_C0126,0,normal
LOT_016,LOT_016_C0127,0,normal
LOT_016,LOT_016_C0128,0,normal
LOT_016,LOT_016_C0129,0,normal
LOT_016,LOT_016_C0130,0,normal
LOT_016,LOT_016_C0131,0,normal
LOT_016,LOT_016_C0132,0,normal
LOT_016,LOT_016_C0133,0,normal
LOT_016,LOT_016_C0134,0,normal
LOT_016,LOT_016_C0135,0,normal
LOT_016,LOT_016_C0136,0,normal
LOT_016,LOT_016_C0137,0,normal
LOT_016,LOT_016_C0138,1,latent
LOT_016,LOT_016_C0139,0,normal
LOT_016,LOT_016_C0140,0,normal
LOT_016,LOT_016_C0141,1,obvious
LOT_016,LOT_016_C0142,0,normal
LOT_016,LOT_016_C0143,0,normal
LOT_016,LOT_016_C0144,0,normal
LOT_016,LOT_016_C0145,0,normal
LOT_016,LOT_016_C0146,0,normal
LOT_016,LOT_016_C0147,0,normal
LOT_016,LOT_016_C0148,0,normal
LOT_016,LOT_016_C0149,0,normal
LOT_016,LOT_016_C0150,0,normal
LOT_016,LOT_016_C0151,0,normal
LOT_016,LOT_016_C0152,0,normal
LOT_016,LOT_016_C0153,0,normal
LOT_016,LOT_016_C0154,0,normal
LOT_016,LOT_016_C0155,0,normal
LOT_016,LOT_016_C0156,0,normal
LOT_016,LOT_016_C0157,0,normal
LOT_016,LOT_016_C0158,1,obvious
LOT_016,LOT_016_C0159,0,normal
LOT_016,LOT_016_C0160,0,normal
LOT_016,LOT_016_C0161,0,normal
LOT_016,LOT_016_C0162,0,normal
LOT_016,LOT_016_C0163,1,latent
LOT_016,LOT_016_C0164,1,obvious
LOT_016,LOT_016_C0165,0,normal
LOT_016,LOT_016_C0166,0,normal
LOT_016,LOT_016_C0167,1,obvious
LOT_016,LOT_016_C0168,0,normal
LOT_016,LOT_016_C0169,0,normal
LOT_016,LOT_016_C0170,0,normal
LOT_016,LOT_016_C0171,0,normal
LOT_016,LOT_016_C0172,0,normal
LOT_016,LOT_016_C0173,0,normal
LOT_016,LOT_016_C0174,0,normal
LOT_016,LOT_016_C0175,0,normal
LOT_016,LOT_016_C0176,0,normal
LOT_016,LOT_016_C0177,0,normal
LOT_016,LOT_016_C0178,0,normal
LOT_016,LOT_016_C0179,0,normal
LOT_016,LOT_016_C0180,0,normal
LOT_016,LOT_016_C0181,0,normal
LOT_016,LOT_016_C0182,0,normal
LOT_016,LOT_016_C0183,0,normal
LOT_016,LOT_016_C0184,0,normal
LOT_016,LOT_016_C0185,0,normal
LOT_016,LOT_016_C0186,0,normal
LOT_016,LOT_016_C0187,0,normal
LOT_016,LOT_016_C0188,0,normal
LOT_016,LOT_016_C0189,0,normal
LOT_016,LOT_016_C0190,0,normal
LOT_016,LOT_016_C0191,1,latent
LOT_016,LOT_016_C0192,0,normal
LOT_016,LOT_016_C0193,0,normal
LOT_016,LOT_016_C0194,0,normal
LOT_016,LOT_016_C0195,0,normal
LOT_016,LOT_016_C0196,0,normal
LOT_016,LOT_016_C0197,0,normal
LOT_016,LOT_016_C0198,0,normal
LOT_016,LOT_016_C0199,0,normal
LOT_016,LOT_016_C0200,0,normal
LOT_016,LOT_016_C0201,0,normal
LOT_016,LOT_016_C0202,0,normal
LOT_016,LOT_016_C0203,0,normal
LOT_016,LOT_016_C0204,0,normal
LOT_016,LOT_016_C0205,0,normal
LOT_016,LOT_016_C0206,0,normal
LOT_016,LOT_016_C0207,0,normal
LOT_016,LOT_016_C0208,0,normal
LOT_016,LOT_016_C0209,0,normal
LOT_016,LOT_016_C0210,0,normal
LOT_016,LOT_016_C0211,1,latent
LOT_016,LOT_016_C0212,0,normal
LOT_016,LOT_016_C0213,1,latent
LOT_016,LOT_016_C0214,0,normal
LOT_016,LOT_016_C0215,0,normal
LOT_016,LOT_016_C0216,0,normal
LOT_016,LOT_016_C0217,0,normal
LOT_016,LOT_016_C0218,0,normal
LOT_016,LOT_016_C0219,0,normal
LOT_016,LOT_016_C0220,0,normal
LOT_016,LOT_016_C0221,0,normal
LOT_016,LOT_016_C0222,0,normal
LOT_016,LOT_016_C0223,0,normal
LOT_016,LOT_016_C0224,0,normal
LOT_016,LOT_016_C0225,0,normal
LOT_016,LOT_016_C0226,0,normal
LOT_016,LOT_016_C0227,0,normal
LOT_016,LOT_016_C0228,0,normal
LOT_016,LOT_016_C0229,0,normal
LOT_016,LOT_016_C0230,0,normal
LOT_016,LOT_016_C0231,0,normal
LOT_016,LOT_016_C0232,0,normal
LOT_016,LOT_016_C0233,0,normal
LOT_016,LOT_016_C0234,0,normal
LOT_016,LOT_016_C0235,0,normal
LOT_016,LOT_016_C0236,0,normal
LOT_016,LOT_016_C0237,0,normal
LOT_016,LOT_016_C0238,0,normal
LOT_016,LOT_016_C0239,0,normal
LOT_016,LOT_016_C0240,0,normal
LOT_016,LOT_016_C0241,0,normal
LOT_016,LOT_016_C0242,0,normal
LOT_016,LOT_016_C0243,0,normal
LOT_016,LOT_016_C0244,0,normal
LOT_016,LOT_016_C0245,0,normal
LOT_016,LOT_016_C0246,0,normal
LOT_016,LOT_016_C0247,0,normal
LOT_016,LOT_016_C0248,0,normal
LOT_016,LOT_016_C0249,0,normal
LOT_016,LOT_016_C0250,0,normal
LOT_016,LOT_016_C0251,0,normal
LOT_016,LOT_016_C0252,0,normal
LOT_016,LOT_016_C0253,0,normal
LOT_016,LOT_016_C0254,0,normal
LOT_016,LOT_016_C0255,0,normal
LOT_016,LOT_016_C0256,0,normal
LOT_016,LOT_016_C0257,0,normal
LOT_016,LOT_016_C0258,1,latent
LOT_016,LOT_016_C0259,0,normal
LOT_016,LOT_016_C0260,0,normal
LOT_016,LOT_016_C0261,0,normal
LOT_016,LOT_016_C0262,1,latent
LOT_016,LOT_016_C0263,0,normal
LOT_016,LOT_016_C0264,0,normal
LOT_016,LOT_016_C0265,0,normal
LOT_016,LOT_016_C0266,0,normal
LOT_016,LOT_016_C0267,0,normal
LOT_016,LOT_016_C0268,0,normal
LOT_016,LOT_016_C0269,1,latent
LOT_016,LOT_016_C0270,0,normal
LOT_016,LOT_016_C0271,0,normal
LOT_016,LOT_016_C0272,0,normal
LOT_016,LOT_016_C0273,0,normal
LOT_016,LOT_016_C0274,0,normal
LOT_016,LOT_016_C0275,0,normal
LOT_016,LOT_016_C0276,0,normal
LOT_016,LOT_016_C0277,0,normal
LOT_016,LOT_016_C0278,0,normal
LOT_016,LOT_016_C0279,0,normal
LOT_016,LOT_016_C0280,0,normal
LOT_016,LOT_016_C0281,0,normal
LOT_016,LOT_016_C0282,0,normal
LOT_016,LOT_016_C0283,0,normal
LOT_016,LOT_016_C0284,0,normal
LOT_016,LOT_016_C0285,0,normal
LOT_016,LOT_016_C0286,0,normal
LOT_016,LOT_016_C0287,0,normal
LOT_016,LOT_016_C0288,0,normal
LOT_016,LOT_016_C0289,0,normal
LOT_016,LOT_016_C0290,0,normal
LOT_016,LOT_016_C0291,1,obvious
LOT_016,LOT_016_C0292,0,normal
LOT_016,LOT_016_C0293,0,normal
LOT_016,LOT_016_C0294,0,normal
LOT_016,LOT_016_C0295,0,normal
LOT_016,LOT_016_C0296,0,normal
LOT_016,LOT_016_C0297,0,normal
LOT_016,LOT_016_C0298,0,normal
LOT_016,LOT_016_C0299,0,normal
LOT_016,LOT_016_C0300,0,normal
LOT_016,LOT_016_C0301,0,normal
LOT_016,LOT_016_C0302,0,normal
LOT_016,LOT_016_C0303,0,normal
LOT_016,LOT_016_C0304,0,normal
LOT_016,LOT_016_C0305,0,normal
LOT_016,LOT_016_C0306,0,normal
LOT_016,LOT_016_C0307,0,normal
LOT_016,LOT_016_C0308,0,normal
LOT_016,LOT_016_C0309,0,normal
LOT_016,LOT_016_C0310,0,normal
LOT_016,LOT_016_C0311,0,normal
LOT_016,LOT_016_C0312,0,normal
LOT_016,LOT_016_C0313,0,normal
LOT_016,LOT_016_C0314,0,normal
LOT_016,LOT_016_C0315,0,normal
LOT_016,LOT_016_C0316,0,normal
LOT_016,LOT_016_C0317,0,normal
LOT_016,LOT_016_C0318,0,normal
LOT_016,LOT_016_C0319,0,normal
LOT_016,LOT_016_C0320,0,normal
LOT_016,LOT_016_C0321,0,normal
LOT_016,LOT_016_C0322,0,normal
LOT_016,LOT_016_C0323,0,normal
LOT_016,LOT_016_C0324,0,normal
LOT_016,LOT_016_C0325,1,latent
LOT_016,LOT_016_C0326,0,normal
LOT_016,LOT_016_C0327,0,normal
LOT_016,LOT_016_C0328,0,normal
LOT_016,LOT_016_C0329,0,normal
LOT_016,LOT_016_C0330,0,normal
LOT_016,LOT_016_C0331,0,normal
LOT_016,LOT_016_C0332,0,normal
LOT_016,LOT_016_C0333,0,normal
LOT_016,LOT_016_C0334,0,normal
LOT_016,LOT_016_C0335,0,normal
LOT_016,LOT_016_C0336,0,normal
LOT_016,LOT_016_C0337,0,normal
LOT_016,LOT_016_C0338,0,normal
LOT_016,LOT_016_C0339,0,normal
LOT_016,LOT_016_C0340,0,normal
LOT_016,LOT_016_C0341,0,normal
LOT_016,LOT_016_C0342,0,normal
LOT_016,LOT_016_C0343,1,obvious
LOT_016,LOT_016_C0344,0,normal
LOT_016,LOT_016_C0345,0,normal
LOT_016,LOT_016_C0346,0,normal
LOT_016,LOT_016_C0347,1,latent
LOT_016,LOT_016_C0348,0,normal
LOT_016,LOT_016_C0349,0,normal
LOT_016,LOT_016_C0350,0,normal
LOT_016,LOT_016_C0351,0,normal
LOT_016,LOT_016_C0352,0,normal
LOT_016,LOT_016_C0353,0,normal
LOT_016,LOT_016_C0354,0,normal
LOT_016,LOT_016_C0355,0,normal
LOT_016,LOT_016_C0356,0,normal
LOT_016,LOT_016_C0357,0,normal
LOT_016,LOT_016_C0358,0,normal
LOT_016,LOT_016_C0359,0,normal
LOT_016,LOT_016_C0360,0,normal
LOT_016,LOT_016_C0361,0,normal
LOT_016,LOT_016_C0362,1,latent
LOT_016,LOT_016_C0363,0,normal
LOT_016,LOT_016_C0364,0,normal
LOT_016,LOT_016_C0365,0,normal
LOT_016,LOT_016_C0366,0,normal
LOT_016,LOT_016_C0367,0,normal
LOT_016,LOT_016_C0368,0,normal
LOT_016,LOT_016_C0369,0,normal
LOT_016,LOT_016_C0370,0,normal
LOT_016,LOT_016_C0371,0,normal
LOT_016,LOT_016_C0372,0,normal
LOT_016,LOT_016_C0373,0,normal
LOT_016,LOT_016_C0374,0,normal
LOT_016,LOT_016_C0375,0,normal
LOT_016,LOT_016_C0376,0,normal
LOT_016,LOT_016_C0377,0,normal
LOT_016,LOT_016_C0378,0,normal
LOT_016,LOT_016_C0379,0,normal
LOT_016,LOT_016_C0380,0,normal
LOT_016,LOT_016_C0381,0,normal
LOT_016,LOT_016_C0382,0,normal
LOT_016,LOT_016_C0383,0,normal
LOT_016,LOT_016_C0384,0,normal
LOT_016,LOT_016_C0385,0,normal
LOT_016,LOT_016_C0386,0,normal
LOT_016,LOT_016_C0387,0,normal
LOT_016,LOT_016_C0388,0,normal
LOT_016,LOT_016_C0389,0,normal
LOT_016,LOT_016_C0390,0,normal
LOT_016,LOT_016_C0391,0,normal
LOT_016,LOT_016_C0392,0,normal
LOT_016,LOT_016_C0393,0,normal
LOT_016,LOT_016_C0394,0,normal
LOT_016,LOT_016_C0395,0,normal
LOT_016,LOT_016_C0396,0,normal
LOT_016,LOT_016_C0397,0,normal
LOT_016,LOT_016_C0398,0,normal
LOT_016,LOT_016_C0399,0,normal
LOT_016,LOT_016_C0400,0,normal
LOT_016,LOT_016_C0401,0,normal
LOT_016,LOT_016_C0402,0,normal
LOT_016,LOT_016_C0403,0,normal
LOT_016,LOT_016_C0404,0,normal
LOT_016,LOT_016_C0405,0,normal
LOT_016,LOT_016_C0406,0,normal
LOT_016,LOT_016_C0407,0,normal
LOT_016,LOT_016_C0408,0,normal
LOT_016,LOT_016_C0409,0,normal
LOT_016,LOT_016_C0410,0,normal
LOT_016,LOT_016_C0411,0,normal
LOT_016,LOT_016_C0412,0,normal
LOT_016,LOT_016_C0413,0,normal
LOT_016,LOT_016_C0414,0,normal
LOT_016,LOT_016_C0415,0,normal
LOT_016,LOT_016_C0416,0,normal
LOT_016,LOT_016_C0417,0,normal
LOT_016,LOT_016_C0418,1,latent
LOT_016,LOT_016_C0419,0,normal
LOT_016,LOT_016_C0420,0,normal
LOT_016,LOT_016_C0421,0,normal
LOT_016,LOT_016_C0422,0,normal
LOT_016,LOT_016_C0423,0,normal
LOT_016,LOT_016_C0424,0,normal
LOT_016,LOT_016_C0425,0,normal
LOT_016,LOT_016_C0426,0,normal
LOT_016,LOT_016_C0427,0,normal
LOT_016,LOT_016_C0428,0,normal
LOT_016,LOT_016_C0429,0,normal
LOT_016,LOT_016_C0430,0,normal
LOT_016,LOT_016_C0431,0,normal
LOT_016,LOT_016_C0432,0,normal
LOT_016,LOT_016_C0433,0,normal
LOT_016,LOT_016_C0434,0,normal
LOT_016,LOT_016_C0435,0,normal
LOT_016,LOT_016_C0436,0,normal
LOT_016,LOT_016_C0437,0,normal
LOT_016,LOT_016_C0438,1,obvious
LOT_016,LOT_016_C0439,0,normal
LOT_016,LOT_016_C0440,0,normal
LOT_016,LOT_016_C0441,0,normal
LOT_016,LOT_016_C0442,0,normal
LOT_016,LOT_016_C0443,0,normal
LOT_016,LOT_016_C0444,0,normal
LOT_016,LOT_016_C0445,0,normal
LOT_016,LOT_016_C0446,0,normal
LOT_016,LOT_016_C0447,0,normal
LOT_016,LOT_016_C0448,0,normal
LOT_016,LOT_016_C0449,0,normal
LOT_016,LOT_016_C0450,0,normal
LOT_016,LOT_016_C0451,0,normal
LOT_016,LOT_016_C0452,0,normal
LOT_016,LOT_016_C0453,0,normal
LOT_016,LOT_016_C0454,0,normal
LOT_016,LOT_016_C0455,0,normal
LOT_016,LOT_016_C0456,0,normal
LOT_016,LOT_016_C0457,0,normal
LOT_016,LOT_016_C0458,0,normal
LOT_016,LOT_016_C0459,0,normal
LOT_016,LOT_016_C0460,0,normal
LOT_016,LOT_016_C0461,0,normal
LOT_016,LOT_016_C0462,0,normal
LOT_016,LOT_016_C0463,0,normal
LOT_016,LOT_016_C0464,0,normal
LOT_016,LOT_016_C0465,0,normal
LOT_016,LOT_016_C0466,0,normal
LOT_016,LOT_016_C0467,0,normal
LOT_016,LOT_016_C0468,0,normal
LOT_016,LOT_016_C0469,0,normal
LOT_016,LOT_016_C0470,0,normal
LOT_016,LOT_016_C0471,0,normal
LOT_016,LOT_016_C0472,0,normal
LOT_016,LOT_016_C0473,0,normal
LOT_016,LOT_016_C0474,0,normal
LOT_016,LOT_016_C0475,0,normal
LOT_016,LOT_016_C0476,0,normal
LOT_016,LOT_016_C0477,0,normal
LOT_016,LOT_016_C0478,0,normal
LOT_016,LOT_016_C0479,0,normal
LOT_016,LOT_016_C0480,0,normal
LOT_016,LOT_016_C0481,0,normal
LOT_016,LOT_016_C0482,0,normal
LOT_016,LOT_016_C0483,0,normal
LOT_016,LOT_016_C0484,0,normal
LOT_016,LOT_016_C0485,0,normal
LOT_016,LOT_016_C0486,1,obvious
LOT_016,LOT_016_C0487,0,normal
LOT_016,LOT_016_C0488,0,normal
LOT_016,LOT_016_C0489,0,normal
LOT_016,LOT_016_C0490,0,normal
LOT_016,LOT_016_C0491,0,normal
LOT_016,LOT_016_C0492,0,normal
LOT_016,LOT_016_C0493,0,normal
LOT_016,LOT_016_C0494,0,normal
LOT_016,LOT_016_C0495,0,normal
LOT_016,LOT_016_C0496,0,normal
LOT_016,LOT_016_C0497,0,normal
LOT_016,LOT_016_C0498,0,normal
LOT_016,LOT_016_C0499,0,normal
LOT_016,LOT_016_C0500,0,normal
LOT_016,LOT_016_C0501,0,normal
LOT_016,LOT_016_C0502,0,normal
LOT_016,LOT_016_C0503,0,normal
LOT_016,LOT_016_C0504,0,normal
LOT_016,LOT_016_C0505,0,normal
LOT_016,LOT_016_C0506,0,normal
LOT_016,LOT_016_C0507,0,normal
LOT_016,LOT_016_C0508,0,normal
LOT_016,LOT_016_C0509,0,normal
LOT_016,LOT_016_C0510,1,latent
LOT_016,LOT_016_C0511,0,normal
LOT_016,LOT_016_C0512,0,normal
LOT_016,LOT_016_C0513,0,normal
LOT_016,LOT_016_C0514,0,normal
LOT_016,LOT_016_C0515,0,normal
LOT_016,LOT_016_C0516,1,latent
LOT_016,LOT_016_C0517,0,normal
LOT_016,LOT_016_C0518,0,normal
LOT_016,LOT_016_C0519,0,normal
LOT_016,LOT_016_C0520,0,normal
LOT_016,LOT_016_C0521,0,normal
LOT_016,LOT_016_C0522,0,normal
LOT_016,LOT_016_C0523,0,normal
LOT_016,LOT_016_C0524,0,normal
LOT_016,LOT_016_C0525,0,normal
LOT_016,LOT_016_C0526,0,normal
LOT_016,LOT_016_C0527,0,normal
LOT_016,LOT_016_C0528,0,normal
LOT_016,LOT_016_C0529,0,normal
LOT_016,LOT_016_C0530,0,normal
LOT_016,LOT_016_C0531,0,normal
LOT_016,LOT_016_C0532,0,normal
LOT_016,LOT_016_C0533,0,normal
LOT_016,LOT_016_C0534,0,normal
LOT_016,LOT_016_C0535,0,normal
LOT_016,LOT_016_C0536,0,normal
LOT_016,LOT_016_C0537,0,normal
LOT_016,LOT_016_C0538,0,normal
LOT_016,LOT_016_C0539,0,normal
LOT_016,LOT_016_C0540,1,latent
LOT_016,LOT_016_C0541,0,normal
LOT_016,LOT_016_C0542,0,normal
LOT_016,LOT_016_C0543,0,normal
LOT_016,LOT_016_C0544,0,normal
LOT_016,LOT_016_C0545,0,normal
LOT_016,LOT_016_C0546,0,normal
LOT_016,LOT_016_C0547,0,normal
LOT_016,LOT_016_C0548,0,normal
LOT_016,LOT_016_C0549,0,normal
LOT_016,LOT_016_C0550,0,normal
LOT_016,LOT_016_C0551,0,normal
LOT_016,LOT_016_C0552,0,normal
LOT_016,LOT_016_C0553,0,normal
LOT_016,LOT_016_C0554,0,normal
LOT_016,LOT_016_C0555,0,normal
LOT_016,LOT_016_C0556,0,normal
LOT_016,LOT_016_C0557,0,normal
LOT_016,LOT_016_C0558,0,normal
LOT_016,LOT_016_C0559,0,normal
LOT_016,LOT_016_C0560,1,latent
LOT_016,LOT_016_C0561,0,normal
LOT_016,LOT_016_C0562,0,normal
LOT_016,LOT_016_C0563,0,normal
LOT_016,LOT_016_C0564,0,normal
LOT_016,LOT_016_C0565,0,normal
LOT_016,LOT_016_C0566,0,normal
LOT_016,LOT_016_C0567,0,normal
LOT_016,LOT_016_C0568,0,normal
LOT_016,LOT_016_C0569,0,normal
LOT_016,LOT_016_C0570,0,normal
LOT_016,LOT_016_C0571,0,normal
LOT_016,LOT_016_C0572,0,normal
LOT_016,LOT_016_C0573,0,normal
LOT_016,LOT_016_C0574,0,normal
LOT_016,LOT_016_C0575,0,normal
LOT_016,LOT_016_C0576,0,normal
LOT_016,LOT_016_C0577,0,normal
LOT_016,LOT_016_C0578,0,normal
LOT_016,LOT_016_C0579,0,normal
LOT_016,LOT_016_C0580,0,normal
LOT_016,LOT_016_C0581,0,normal
LOT_016,LOT_016_C0582,0,normal
LOT_016,LOT_016_C0583,0,normal
LOT_016,LOT_016_C0584,0,normal
LOT_016,LOT_016_C0585,0,normal
LOT_016,LOT_016_C0586,0,normal
LOT_016,LOT_016_C0587,1,latent
LOT_016,LOT_016_C0588,0,normal
LOT_016,LOT_016_C0589,0,normal
LOT_016,LOT_016_C0590,0,normal
LOT_016,LOT_016_C0591,0,normal
LOT_016,LOT_016_C0592,0,normal
LOT_016,LOT_016_C0593,0,normal
LOT_016,LOT_016_C0594,0,normal
LOT_016,LOT_016_C0595,0,normal
LOT_016,LOT_016_C0596,0,normal
LOT_016,LOT_016_C0597,0,normal
LOT_016,LOT_016_C0598,0,normal
LOT_016,LOT_016_C0599,0,normal
LOT_016,LOT_016_C0600,0,normal
LOT_016,LOT_016_C0601,0,normal
LOT_016,LOT_016_C0602,0,normal
LOT_016,LOT_016_C0603,0,normal
LOT_016,LOT_016_C0604,0,normal
LOT_016,LOT_016_C0605,0,normal
LOT_016,LOT_016_C0606,0,normal
LOT_016,LOT_016_C0607,0,normal
LOT_016,LOT_016_C0608,0,normal
LOT_016,LOT_016_C0609,0,normal
LOT_016,LOT_016_C0610,0,normal
LOT_016,LOT_016_C0611,0,normal
LOT_016,LOT_016_C0612,0,normal
LOT_016,LOT_016_C0613,0,normal
LOT_016,LOT_016_C0614,0,normal
LOT_016,LOT_016_C0615,1,latent
LOT_016,LOT_016_C0616,0,normal
LOT_016,LOT_016_C0617,0,normal
LOT_016,LOT_016_C0618,0,normal
LOT_016,LOT_016_C0619,0,normal
LOT_016,LOT_016_C0620,0,normal
LOT_016,LOT_016_C0621,0,normal
LOT_016,LOT_016_C0622,0,normal
LOT_016,LOT_016_C0623,0,normal
LOT_016,LOT_016_C0624,0,normal
LOT_016,LOT_016_C0625,0,normal
LOT_016,LOT_016_C0626,0,normal
LOT_016,LOT_016_C0627,0,normal
LOT_016,LOT_016_C0628,0,normal
LOT_016,LOT_016_C0629,0,normal
LOT_016,LOT_016_C0630,0,normal
LOT_016,LOT_016_C0631,0,normal
LOT_016,LOT_016_C0632,1,latent
LOT_016,LOT_016_C0633,0,normal
LOT_016,LOT_016_C0634,0,normal
LOT_016,LOT_016_C0635,0,normal
LOT_016,LOT_016_C0636,1,obvious
LOT_016,LOT_016_C0637,0,normal
LOT_016,LOT_016_C0638,0,normal
LOT_016,LOT_016_C0639,0,normal
LOT_016,LOT_016_C0640,0,normal
LOT_016,LOT_016_C0641,0,normal
LOT_016,LOT_016_C0642,0,normal
LOT_016,LOT_016_C0643,0,normal
LOT_016,LOT_016_C0644,0,normal
LOT_016,LOT_016_C0645,0,normal
LOT_016,LOT_016_C0646,0,normal
LOT_016,LOT_016_C0647,0,normal
LOT_016,LOT_016_C0648,0,normal
LOT_016,LOT_016_C0649,1,latent
LOT_016,LOT_016_C0650,0,normal
LOT_016,LOT_016_C0651,0,normal
LOT_016,LOT_016_C0652,0,normal
LOT_016,LOT_016_C0653,0,normal
LOT_016,LOT_016_C0654,0,normal
LOT_016,LOT_016_C0655,0,normal
LOT_016,LOT_016_C0656,0,normal
LOT_016,LOT_016_C0657,0,normal
LOT_016,LOT_016_C0658,1,latent
LOT_016,LOT_016_C0659,0,normal
LOT_016,LOT_016_C0660,1,obvious
LOT_016,LOT_016_C0661,0,normal
LOT_016,LOT_016_C0662,0,normal
LOT_016,LOT_016_C0663,0,normal
LOT_016,LOT_016_C0664,0,normal
LOT_016,LOT_016_C0665,0,normal
LOT_016,LOT_016_C0666,0,normal
LOT_016,LOT_016_C0667,0,normal
LOT_016,LOT_016_C0668,0,normal
LOT_016,LOT_016_C0669,0,normal
LOT_016,LOT_016_C0670,0,normal
LOT_016,LOT_016_C0671,0,normal
LOT_016,LOT_016_C0672,0,normal
LOT_016,LOT_016_C0673,0,normal
LOT_016,LOT_016_C0674,0,normal
LOT_016,LOT_016_C0675,0,normal
LOT_016,LOT_016_C0676,0,normal
LOT_016,LOT_016_C0677,0,normal
LOT_016,LOT_016_C0678,0,normal
LOT_016,LOT_016_C0679,0,normal
LOT_016,LOT_016_C0680,0,normal
LOT_016,LOT_016_C0681,0,normal
LOT_016,LOT_016_C0682,0,normal
LOT_016,LOT_016_C0683,0,normal
LOT_016,LOT_016_C0684,1,obvious
LOT_016,LOT_016_C0685,0,normal
LOT_016,LOT_016_C0686,0,normal
LOT_016,LOT_016_C0687,0,normal
LOT_016,LOT_016_C0688,0,normal
LOT_016,LOT_016_C0689,0,normal
LOT_016,LOT_016_C0690,0,normal
LOT_016,LOT_016_C0691,0,normal
LOT_016,LOT_016_C0692,0,normal
LOT_016,LOT_016_C0693,0,normal
LOT_016,LOT_016_C0694,0,normal
LOT_016,LOT_016_C0695,0,normal
LOT_016,LOT_016_C0696,0,normal
LOT_016,LOT_016_C0697,0,normal
LOT_016,LOT_016_C0698,0,normal
LOT_016,LOT_016_C0699,0,normal
LOT_016,LOT_016_C0700,0,normal
LOT_016,LOT_016_C0701,0,normal
LOT_016,LOT_016_C0702,0,normal
LOT_016,LOT_016_C0703,1,obvious
LOT_016,LOT_016_C0704,0,normal
LOT_016,LOT_016_C0705,0,normal
LOT_016,LOT_016_C0706,0,normal
LOT_016,LOT_016_C0707,0,normal
LOT_016,LOT_016_C0708,0,normal
LOT_016,LOT_016_C0709,1,latent
LOT_016,LOT_016_C0710,0,normal
LOT_016,LOT_016_C0711,0,normal
LOT_016,LOT_016_C0712,0,normal
LOT_016,LOT_016_C0713,0,normal
LOT_016,LOT_016_C0714,0,normal
LOT_016,LOT_016_C0715,0,normal
LOT_016,LOT_016_C0716,0,normal
LOT_016,LOT_016_C0717,0,normal
LOT_016,LOT_016_C0718,0,normal
LOT_016,LOT_016_C0719,0,normal
LOT_016,LOT_016_C0720,0,normal
LOT_016,LOT_016_C0721,0,normal
LOT_016,LOT_016_C0722,0,normal
LOT_016,LOT_016_C0723,0,normal
LOT_016,LOT_016_C0724,0,normal
LOT_016,LOT_016_C0725,0,normal
LOT_016,LOT_016_C0726,0,normal
LOT_016,LOT_016_C0727,0,normal
LOT_016,LOT_016_C0728,0,normal
LOT_016,LOT_016_C0729,0,normal
LOT_016,LOT_016_C0730,0,normal
LOT_016,LOT_016_C0731,0,normal
LOT_016,LOT_016_C0732,0,normal
LOT_016,LOT_016_C0733,0,normal
LOT_016,LOT_016_C0734,0,normal
LOT_016,LOT_016_C0735,0,normal
LOT_016,LOT_016_C0736,0,normal
LOT_016,LOT_016_C0737,0,normal
LOT_016,LOT_016_C0738,0,normal
LOT_016,LOT_016_C0739,0,normal
LOT_016,LOT_016_C0740,0,normal
LOT_016,LOT_016_C0741,0,normal
LOT_016,LOT_016_C0742,0,normal
LOT_016,LOT_016_C0743,0,normal
LOT_016,LOT_016_C0744,0,normal
LOT_016,LOT_016_C0745,0,normal
LOT_016,LOT_016_C0746,0,normal
LOT_016,LOT_016_C0747,0,normal
LOT_016,LOT_016_C0748,0,normal
LOT_016,LOT_016_C0749,0,normal
LOT_016,LOT_016_C0750,1,latent
LOT_016,LOT_016_C0751,0,normal
LOT_016,LOT_016_C0752,0,normal
LOT_016,LOT_016_C0753,0,normal
LOT_016,LOT_016_C0754,0,normal
LOT_016,LOT_016_C0755,0,normal
LOT_016,LOT_016_C0756,0,normal
LOT_016,LOT_016_C0757,0,normal
LOT_016,LOT_016_C0758,0,normal
LOT_016,LOT_016_C0759,0,normal
LOT_016,LOT_016_C0760,0,normal
LOT_016,LOT_016_C0761,0,normal
LOT_016,LOT_016_C0762,0,normal
LOT_016,LOT_016_C0763,0,normal
LOT_016,LOT_016_C0764,0,normal
LOT_016,LOT_016_C0765,0,normal
LOT_016,LOT_016_C0766,0,normal
LOT_016,LOT_016_C0767,0,normal
LOT_016,LOT_016_C0768,0,normal
LOT_016,LOT_016_C0769,0,normal
LOT_016,LOT_016_C0770,0,normal
LOT_016,LOT_016_C0771,0,normal
LOT_016,LOT_016_C0772,0,normal
LOT_016,LOT_016_C0773,0,normal
LOT_016,LOT_016_C0774,0,normal
LOT_016,LOT_016_C0775,0,normal
LOT_016,LOT_016_C0776,0,normal
LOT_016,LOT_016_C0777,0,normal
LOT_016,LOT_016_C0778,0,normal
LOT_016,LOT_016_C0779,0,normal
LOT_016,LOT_016_C0780,0,normal
LOT_016,LOT_016_C0781,0,normal
LOT_016,LOT_016_C0782,0,normal
LOT_016,LOT_016_C0783,0,normal
LOT_016,LOT_016_C0784,0,normal
LOT_016,LOT_016_C0785,0,normal
LOT_016,LOT_016_C0786,0,normal
LOT_016,LOT_016_C0787,0,normal
LOT_016,LOT_016_C0788,0,normal
LOT_016,LOT_016_C0789,0,normal
LOT_016,LOT_016_C0790,0,normal
LOT_016,LOT_016_C0791,0,normal
LOT_016,LOT_016_C0792,0,normal
LOT_016,LOT_016_C0793,0,normal
LOT_016,LOT_016_C0794,0,normal
LOT_016,LOT_016_C0795,0,normal
LOT_016,LOT_016_C0796,0,normal
LOT_016,LOT_016_C0797,0,normal
LOT_016,LOT_016_C0798,0,normal
LOT_016,LOT_016_C0799,0,normal
LOT_016,LOT_016_C0800,0,normal
LOT_016,LOT_016_C0801,0,normal
LOT_016,LOT_016_C0802,0,normal
LOT_016,LOT_016_C0803,0,normal
LOT_016,LOT_016_C0804,0,normal
LOT_016,LOT_016_C0805,0,normal
LOT_016,LOT_016_C0806,1,latent
LOT_016,LOT_016_C0807,0,normal
LOT_016,LOT_016_C0808,0,normal
LOT_016,LOT_016_C0809,0,normal
LOT_016,LOT_016_C0810,0,normal
LOT_016,LOT_016_C0811,0,normal
LOT_016,LOT_016_C0812,0,normal
LOT_016,LOT_016_C0813,0,normal
LOT_016,LOT_016_C0814,0,normal
LOT_016,LOT_016_C0815,0,normal
LOT_016,LOT_016_C0816,0,normal
LOT_016,LOT_016_C0817,0,normal
LOT_016,LOT_016_C0818,0,normal
LOT_016,LOT_016_C0819,0,normal
LOT_016,LOT_016_C0820,0,normal
LOT_016,LOT_016_C0821,0,normal
LOT_016,LOT_016_C0822,0,normal
LOT_016,LOT_016_C0823,0,normal
LOT_016,LOT_016_C0824,0,normal
LOT_016,LOT_016_C0825,0,normal
LOT_016,LOT_016_C0826,1,latent
LOT_016,LOT_016_C0827,0,normal
LOT_016,LOT_016_C0828,0,normal
LOT_016,LOT_016_C0829,0,normal
LOT_016,LOT_016_C0830,0,normal
LOT_016,LOT_016_C0831,0,normal
LOT_016,LOT_016_C0832,0,normal
LOT_016,LOT_016_C0833,0,normal
LOT_016,LOT_016_C0834,0,normal
LOT_016,LOT_016_C0835,0,normal
LOT_016,LOT_016_C0836,0,normal
LOT_016,LOT_016_C0837,0,normal
LOT_016,LOT_016_C0838,0,normal
LOT_016,LOT_016_C0839,0,normal
LOT_016,LOT_016_C0840,0,normal
LOT_016,LOT_016_C0841,0,normal
LOT_016,LOT_016_C0842,0,normal
LOT_016,LOT_016_C0843,0,normal
LOT_016,LOT_016_C0844,0,normal
LOT_016,LOT_016_C0845,0,normal
LOT_016,LOT_016_C0846,0,normal
LOT_016,LOT_016_C0847,0,normal
LOT_016,LOT_016_C0848,0,normal
LOT_016,LOT_016_C0849,0,normal
LOT_016,LOT_016_C0850,0,normal
LOT_016,LOT_016_C0851,0,normal
LOT_016,LOT_016_C0852,0,normal
LOT_016,LOT_016_C0853,0,normal
LOT_016,LOT_016_C0854,0,normal
LOT_016,LOT_016_C0855,0,normal
LOT_016,LOT_016_C0856,0,normal
LOT_016,LOT_016_C0857,0,normal
LOT_016,LOT_016_C0858,0,normal
LOT_016,LOT_016_C0859,0,normal
LOT_016,LOT_016_C0860,0,normal
LOT_016,LOT_016_C0861,0,normal
LOT_016,LOT_016_C0862,0,normal
LOT_016,LOT_016_C0863,0,normal
LOT_016,LOT_016_C0864,0,normal
LOT_016,LOT_016_C0865,0,normal
LOT_016,LOT_016_C0866,0,normal
LOT_016,LOT_016_C0867,0,normal
LOT_016,LOT_016_C0868,0,normal
LOT_016,LOT_016_C0869,0,normal
LOT_016,LOT_016_C0870,0,normal
LOT_016,LOT_016_C0871,0,normal
LOT_016,LOT_016_C0872,0,normal
LOT_016,LOT_016_C0873,0,normal
LOT_016,LOT_016_C0874,0,normal
LOT_016,LOT_016_C0875,0,normal
LOT_016,LOT_016_C0876,0,normal
LOT_016,LOT_016_C0877,0,normal
LOT_016,LOT_016_C0878,0,normal
LOT_016,LOT_016_C0879,1,latent
LOT_016,LOT_016_C0880,0,normal
LOT_016,LOT_016_C0881,0,normal
LOT_016,LOT_016_C0882,0,normal
LOT_016,LOT_016_C0883,0,normal
LOT_016,LOT_016_C0884,0,normal
LOT_016,LOT_016_C0885,0,normal
LOT_016,LOT_016_C0886,0,normal
LOT_016,LOT_016_C0887,0,normal
LOT_016,LOT_016_C0888,0,normal
LOT_016,LOT_016_C0889,0,normal
LOT_016,LOT_016_C0890,0,normal
LOT_016,LOT_016_C0891,0,normal
LOT_016,LOT_016_C0892,0,normal
LOT_016,LOT_016_C0893,0,normal
LOT_016,LOT_016_C0894,0,normal
LOT_016,LOT_016_C0895,0,normal
LOT_016,LOT_016_C0896,0,normal
LOT_016,LOT_016_C0897,0,normal
LOT_016,LOT_016_C0898,0,normal
LOT_016,LOT_016_C0899,0,normal
LOT_016,LOT_016_C0900,0,normal
LOT_016,LOT_016_C0901,1,latent
LOT_016,LOT_016_C0902,0,normal
LOT_016,LOT_016_C0903,0,normal
LOT_016,LOT_016_C0904,0,normal
LOT_016,LOT_016_C0905,0,normal
LOT_016,LOT_016_C0906,0,normal
LOT_016,LOT_016_C0907,0,normal
LOT_016,LOT_016_C0908,0,normal
LOT_016,LOT_016_C0909,0,normal
LOT_016,LOT_016_C0910,0,normal
LOT_016,LOT_016_C0911,0,normal
LOT_016,LOT_016_C0912,0,normal
LOT_016,LOT_016_C0913,0,normal
LOT_016,LOT_016_C0914,0,normal
LOT_016,LOT_016_C0915,1,latent
LOT_017,LOT_017_C0000,0,normal
LOT_017,LOT_017_C0001,0,normal
LOT_017,LOT_017_C0002,0,normal
LOT_017,LOT_017_C0003,0,normal
LOT_017,LOT_017_C0004,1,obvious
LOT_017,LOT_017_C0005,0,normal
LOT_017,LOT_017_C0006,0,normal
LOT_017,LOT_017_C0007,0,normal
LOT_017,LOT_017_C0008,0,normal
LOT_017,LOT_017_C0009,0,normal
LOT_017,LOT_017_C0010,0,normal
LOT_017,LOT_017_C0011,0,normal
LOT_017,LOT_017_C0012,0,normal
LOT_017,LOT_017_C0013,0,normal
LOT_017,LOT_017_C0014,0,normal
LOT_017,LOT_017_C0015,0,normal
LOT_017,LOT_017_C0016,0,normal
LOT_017,LOT_017_C0017,0,normal
LOT_017,LOT_017_C0018,0,normal
LOT_017,LOT_017_C0019,0,normal
LOT_017,LOT_017_C0020,0,normal
LOT_017,LOT_017_C0021,0,normal
LOT_017,LOT_017_C0022,0,normal
LOT_017,LOT_017_C0023,0,normal
LOT_017,LOT_017_C0024,0,normal
LOT_017,LOT_017_C0025,0,normal
LOT_017,LOT_017_C0026,1,latent
LOT_017,LOT_017_C0027,0,normal
LOT_017,LOT_017_C0028,0,normal
LOT_017,LOT_017_C0029,0,normal
LOT_017,LOT_017_C0030,0,normal
LOT_017,LOT_017_C0031,0,normal
LOT_017,LOT_017_C0032,0,normal
LOT_017,LOT_017_C0033,0,normal
LOT_017,LOT_017_C0034,0,normal
LOT_017,LOT_017_C0035,1,latent
LOT_017,LOT_017_C0036,0,normal
LOT_017,LOT_017_C0037,0,normal
LOT_017,LOT_017_C0038,0,normal
LOT_017,LOT_017_C0039,0,normal
LOT_017,LOT_017_C0040,0,normal
LOT_017,LOT_017_C0041,0,normal
LOT_017,LOT_017_C0042,0,normal
LOT_017,LOT_017_C0043,0,normal
LOT_017,LOT_017_C0044,0,normal
LOT_017,LOT_017_C0045,0,normal
LOT_017,LOT_017_C0046,0,normal
LOT_017,LOT_017_C0047,0,normal
LOT_017,LOT_017_C0048,0,normal
LOT_017,LOT_017_C0049,0,normal
LOT_017,LOT_017_C0050,0,normal
LOT_017,LOT_017_C0051,1,latent
LOT_017,LOT_017_C0052,0,normal
LOT_017,LOT_017_C0053,0,normal
LOT_017,LOT_017_C0054,0,normal
LOT_017,LOT_017_C0055,0,normal
LOT_017,LOT_017_C0056,0,normal
LOT_017,LOT_017_C0057,1,latent
LOT_017,LOT_017_C0058,0,normal
LOT_017,LOT_017_C0059,0,normal
LOT_017,LOT_017_C0060,0,normal
LOT_017,LOT_017_C0061,0,normal
LOT_017,LOT_017_C0062,0,normal
LOT_017,LOT_017_C0063,0,normal
LOT_017,LOT_017_C0064,0,normal
LOT_017,LOT_017_C0065,0,normal
LOT_017,LOT_017_C0066,0,normal
LOT_017,LOT_017_C0067,0,normal
LOT_017,LOT_017_C0068,1,latent
LOT_017,LOT_017_C0069,0,normal
LOT_017,LOT_017_C0070,0,normal
LOT_017,LOT_017_C0071,0,normal
LOT_017,LOT_017_C0072,0,normal
LOT_017,LOT_017_C0073,0,normal
LOT_017,LOT_017_C0074,0,normal
LOT_017,LOT_017_C0075,1,obvious
LOT_017,LOT_017_C0076,0,normal
LOT_017,LOT_017_C0077,0,normal
LOT_017,LOT_017_C0078,0,normal
LOT_017,LOT_017_C0079,0,normal
LOT_017,LOT_017_C0080,0,normal
LOT_017,LOT_017_C0081,0,normal
LOT_017,LOT_017_C0082,0,normal
LOT_017,LOT_017_C0083,0,normal
LOT_017,LOT_017_C0084,0,normal
LOT_017,LOT_017_C0085,0,normal
LOT_017,LOT_017_C0086,0,normal
LOT_017,LOT_017_C0087,0,normal
LOT_017,LOT_017_C0088,1,latent
LOT_017,LOT_017_C0089,0,normal
LOT_017,LOT_017_C0090,0,normal
LOT_017,LOT_017_C0091,0,normal
LOT_017,LOT_017_C0092,0,normal
LOT_017,LOT_017_C0093,0,normal
LOT_017,LOT_017_C0094,0,normal
LOT_017,LOT_017_C0095,0,normal
LOT_017,LOT_017_C0096,0,normal
LOT_017,LOT_017_C0097,0,normal
LOT_017,LOT_017_C0098,0,normal
LOT_017,LOT_017_C0099,1,obvious
LOT_017,LOT_017_C0100,0,normal
LOT_017,LOT_017_C0101,0,normal
LOT_017,LOT_017_C0102,0,normal
LOT_017,LOT_017_C0103,0,normal
LOT_017,LOT_017_C0104,0,normal
LOT_017,LOT_017_C0105,0,normal
LOT_017,LOT_017_C0106,0,normal
LOT_017,LOT_017_C0107,0,normal
LOT_017,LOT_017_C0108,0,normal
LOT_017,LOT_017_C0109,0,normal
LOT_017,LOT_017_C0110,0,normal
LOT_017,LOT_017_C0111,0,normal
LOT_017,LOT_017_C0112,0,normal
LOT_017,LOT_017_C0113,0,normal
LOT_017,LOT_017_C0114,0,normal
LOT_017,LOT_017_C0115,0,normal
LOT_017,LOT_017_C0116,0,normal
LOT_017,LOT_017_C0117,0,normal
LOT_017,LOT_017_C0118,0,normal
LOT_017,LOT_017_C0119,0,normal
LOT_017,LOT_017_C0120,1,latent
LOT_017,LOT_017_C0121,0,normal
LOT_017,LOT_017_C0122,0,normal
LOT_017,LOT_017_C0123,0,normal
LOT_017,LOT_017_C0124,0,normal
LOT_017,LOT_017_C0125,0,normal
LOT_017,LOT_017_C0126,0,normal
LOT_017,LOT_017_C0127,0,normal
LOT_017,LOT_017_C0128,0,normal
LOT_017,LOT_017_C0129,0,normal
LOT_017,LOT_017_C0130,0,normal
LOT_017,LOT_017_C0131,0,normal
LOT_017,LOT_017_C0132,0,normal
LOT_017,LOT_017_C0133,0,normal
LOT_017,LOT_017_C0134,0,normal
LOT_017,LOT_017_C0135,0,normal
LOT_017,LOT_017_C0136,0,normal
LOT_017,LOT_017_C0137,0,normal
LOT_017,LOT_017_C0138,0,normal
LOT_017,LOT_017_C0139,0,normal
LOT_017,LOT_017_C0140,0,normal
LOT_017,LOT_017_C0141,0,normal
LOT_017,LOT_017_C0142,0,normal
LOT_017,LOT_017_C0143,0,normal
LOT_017,LOT_017_C0144,0,normal
LOT_017,LOT_017_C0145,0,normal
LOT_017,LOT_017_C0146,0,normal
LOT_017,LOT_017_C0147,0,normal
LOT_017,LOT_017_C0148,0,normal
LOT_017,LOT_017_C0149,0,normal
LOT_017,LOT_017_C0150,0,normal
LOT_017,LOT_017_C0151,0,normal
LOT_017,LOT_017_C0152,0,normal
LOT_017,LOT_017_C0153,0,normal
LOT_017,LOT_017_C0154,0,normal
LOT_017,LOT_017_C0155,0,normal
LOT_017,LOT_017_C0156,0,normal
LOT_017,LOT_017_C0157,0,normal
LOT_017,LOT_017_C0158,0,normal
LOT_017,LOT_017_C0159,0,normal
LOT_017,LOT_017_C0160,0,normal
LOT_017,LOT_017_C0161,0,normal
LOT_017,LOT_017_C0162,0,normal
LOT_017,LOT_017_C0163,0,normal
LOT_017,LOT_017_C0164,0,normal
LOT_017,LOT_017_C0165,0,normal
LOT_017,LOT_017_C0166,0,normal
LOT_017,LOT_017_C0167,0,normal
LOT_017,LOT_017_C0168,0,normal
LOT_017,LOT_017_C0169,0,normal
LOT_017,LOT_017_C0170,1,latent
LOT_017,LOT_017_C0171,0,normal
LOT_017,LOT_017_C0172,0,normal
LOT_017,LOT_017_C0173,0,normal
LOT_017,LOT_017_C0174,0,normal
LOT_017,LOT_017_C0175,0,normal
LOT_017,LOT_017_C0176,0,normal
LOT_017,LOT_017_C0177,0,normal
LOT_017,LOT_017_C0178,0,normal
LOT_017,LOT_017_C0179,0,normal
LOT_017,LOT_017_C0180,0,normal
LOT_017,LOT_017_C0181,0,normal
LOT_017,LOT_017_C0182,0,normal
LOT_017,LOT_017_C0183,0,normal
LOT_017,LOT_017_C0184,0,normal
LOT_017,LOT_017_C0185,0,normal
LOT_017,LOT_017_C0186,0,normal
LOT_017,LOT_017_C0187,0,normal
LOT_017,LOT_017_C0188,0,normal
LOT_017,LOT_017_C0189,0,normal
LOT_017,LOT_017_C0190,0,normal
LOT_017,LOT_017_C0191,1,latent
LOT_017,LOT_017_C0192,0,normal
LOT_017,LOT_017_C0193,0,normal
LOT_017,LOT_017_C0194,0,normal
LOT_017,LOT_017_C0195,0,normal
LOT_017,LOT_017_C0196,0,normal
LOT_017,LOT_017_C0197,0,normal
LOT_017,LOT_017_C0198,0,normal
LOT_017,LOT_017_C0199,0,normal
LOT_017,LOT_017_C0200,1,latent
LOT_017,LOT_017_C0201,0,normal
LOT_017,LOT_017_C0202,0,normal
LOT_017,LOT_017_C0203,0,normal
LOT_017,LOT_017_C0204,0,normal
LOT_017,LOT_017_C0205,0,normal
LOT_017,LOT_017_C0206,0,normal
LOT_017,LOT_017_C0207,0,normal
LOT_017,LOT_017_C0208,0,normal
LOT_017,LOT_017_C0209,0,normal
LOT_017,LOT_017_C0210,0,normal
LOT_017,LOT_017_C0211,0,normal
LOT_017,LOT_017_C0212,0,normal
LOT_017,LOT_017_C0213,0,normal
LOT_017,LOT_017_C0214,0,normal
LOT_017,LOT_017_C0215,1,obvious
LOT_017,LOT_017_C0216,0,normal
LOT_017,LOT_017_C0217,0,normal
LOT_017,LOT_017_C0218,0,normal
LOT_017,LOT_017_C0219,0,normal
LOT_017,LOT_017_C0220,0,normal
LOT_017,LOT_017_C0221,0,normal
LOT_017,LOT_017_C0222,0,normal
LOT_017,LOT_017_C0223,0,normal
LOT_017,LOT_017_C0224,0,normal
LOT_017,LOT_017_C0225,0,normal
LOT_017,LOT_017_C0226,0,normal
LOT_017,LOT_017_C0227,0,normal
LOT_017,LOT_017_C0228,1,latent
LOT_017,LOT_017_C0229,1,latent
LOT_017,LOT_017_C0230,0,normal
LOT_017,LOT_017_C0231,0,normal
LOT_017,LOT_017_C0232,0,normal
LOT_017,LOT_017_C0233,0,normal
LOT_017,LOT_017_C0234,0,normal
LOT_017,LOT_017_C0235,1,latent
LOT_017,LOT_017_C0236,0,normal
LOT_017,LOT_017_C0237,0,normal
LOT_017,LOT_017_C0238,0,normal
LOT_017,LOT_017_C0239,0,normal
LOT_017,LOT_017_C0240,0,normal
LOT_017,LOT_017_C0241,0,normal
LOT_017,LOT_017_C0242,0,normal
LOT_017,LOT_017_C0243,0,normal
LOT_017,LOT_017_C0244,0,normal
LOT_017,LOT_017_C0245,0,normal
LOT_017,LOT_017_C0246,0,normal
LOT_017,LOT_017_C0247,0,normal
LOT_017,LOT_017_C0248,1,latent
LOT_017,LOT_017_C0249,0,normal
LOT_017,LOT_017_C0250,0,normal
LOT_017,LOT_017_C0251,0,normal
LOT_017,LOT_017_C0252,0,normal
LOT_017,LOT_017_C0253,0,normal
LOT_017,LOT_017_C0254,0,normal
LOT_017,LOT_017_C0255,0,normal
LOT_017,LOT_017_C0256,0,normal
LOT_017,LOT_017_C0257,0,normal
LOT_017,LOT_017_C0258,0,normal
LOT_017,LOT_017_C0259,0,normal
LOT_017,LOT_017_C0260,0,normal
LOT_017,LOT_017_C0261,0,normal
LOT_017,LOT_017_C0262,0,normal
LOT_017,LOT_017_C0263,0,normal
LOT_017,LOT_017_C0264,0,normal
LOT_017,LOT_017_C0265,0,normal
LOT_017,LOT_017_C0266,1,latent
LOT_017,LOT_017_C0267,1,obvious
LOT_017,LOT_017_C0268,0,normal
LOT_017,LOT_017_C0269,0,normal
LOT_017,LOT_017_C0270,0,normal
LOT_017,LOT_017_C0271,0,normal
LOT_017,LOT_017_C0272,0,normal
LOT_017,LOT_017_C0273,0,normal
LOT_017,LOT_017_C0274,0,normal
LOT_017,LOT_017_C0275,0,normal
LOT_017,LOT_017_C0276,0,normal
LOT_017,LOT_017_C0277,0,normal
LOT_017,LOT_017_C0278,0,normal
LOT_017,LOT_017_C0279,0,normal
LOT_017,LOT_017_C0280,0,normal
LOT_017,LOT_017_C0281,0,normal
LOT_017,LOT_017_C0282,0,normal
LOT_017,LOT_017_C0283,0,normal
LOT_017,LOT_017_C0284,0,normal
LOT_017,LOT_017_C0285,0,normal
LOT_017,LOT_017_C0286,0,normal
LOT_017,LOT_017_C0287,0,normal
LOT_017,LOT_017_C0288,0,normal
LOT_017,LOT_017_C0289,0,normal
LOT_017,LOT_017_C0290,0,normal
LOT_017,LOT_017_C0291,0,normal
LOT_017,LOT_017_C0292,0,normal
LOT_017,LOT_017_C0293,0,normal
LOT_017,LOT_017_C0294,0,normal
LOT_017,LOT_017_C0295,0,normal
LOT_017,LOT_017_C0296,0,normal
LOT_017,LOT_017_C0297,0,normal
LOT_017,LOT_017_C0298,0,normal
LOT_017,LOT_017_C0299,0,normal
LOT_017,LOT_017_C0300,0,normal
LOT_017,LOT_017_C0301,0,normal
LOT_017,LOT_017_C0302,0,normal
LOT_017,LOT_017_C0303,0,normal
LOT_017,LOT_017_C0304,0,normal
LOT_017,LOT_017_C0305,0,normal
LOT_017,LOT_017_C0306,0,normal
LOT_017,LOT_017_C0307,0,normal
LOT_017,LOT_017_C0308,1,latent
LOT_017,LOT_017_C0309,0,normal
LOT_017,LOT_017_C0310,0,normal
LOT_017,LOT_017_C0311,0,normal
LOT_017,LOT_017_C0312,0,normal
LOT_017,LOT_017_C0313,0,normal
LOT_017,LOT_017_C0314,0,normal
LOT_017,LOT_017_C0315,0,normal
LOT_017,LOT_017_C0316,0,normal
LOT_017,LOT_017_C0317,0,normal
LOT_017,LOT_017_C0318,0,normal
LOT_017,LOT_017_C0319,0,normal
LOT_017,LOT_017_C0320,0,normal
LOT_017,LOT_017_C0321,0,normal
LOT_017,LOT_017_C0322,0,normal
LOT_017,LOT_017_C0323,0,normal
LOT_017,LOT_017_C0324,0,normal
LOT_017,LOT_017_C0325,0,normal
LOT_017,LOT_017_C0326,1,latent
LOT_017,LOT_017_C0327,0,normal
LOT_017,LOT_017_C0328,1,obvious
LOT_017,LOT_017_C0329,0,normal
LOT_017,LOT_017_C0330,0,normal
LOT_017,LOT_017_C0331,0,normal
LOT_017,LOT_017_C0332,0,normal
LOT_017,LOT_017_C0333,0,normal
LOT_017,LOT_017_C0334,0,normal
LOT_017,LOT_017_C0335,0,normal
LOT_017,LOT_017_C0336,0,normal
LOT_017,LOT_017_C0337,0,normal
LOT_017,LOT_017_C0338,0,normal
LOT_017,LOT_017_C0339,0,normal
LOT_017,LOT_017_C0340,0,normal
LOT_017,LOT_017_C0341,0,normal
LOT_017,LOT_017_C0342,0,normal
LOT_017,LOT_017_C0343,0,normal
LOT_017,LOT_017_C0344,0,normal
LOT_017,LOT_017_C0345,0,normal
LOT_017,LOT_017_C0346,0,normal
LOT_017,LOT_017_C0347,0,normal
LOT_017,LOT_017_C0348,0,normal
LOT_017,LOT_017_C0349,0,normal
LOT_017,LOT_017_C0350,0,normal
LOT_017,LOT_017_C0351,0,normal
LOT_017,LOT_017_C0352,0,normal
LOT_017,LOT_017_C0353,1,latent
LOT_017,LOT_017_C0354,0,normal
LOT_017,LOT_017_C0355,1,obvious
LOT_017,LOT_017_C0356,0,normal
LOT_017,LOT_017_C0357,0,normal
LOT_017,LOT_017_C0358,0,normal
LOT_017,LOT_017_C0359,0,normal
LOT_017,LOT_017_C0360,0,normal
LOT_017,LOT_017_C0361,0,normal
LOT_017,LOT_017_C0362,1,obvious
LOT_017,LOT_017_C0363,0,normal
LOT_017,LOT_017_C0364,0,normal
LOT_017,LOT_017_C0365,1,obvious
LOT_017,LOT_017_C0366,0,normal
LOT_017,LOT_017_C0367,0,normal
LOT_017,LOT_017_C0368,0,normal
LOT_017,LOT_017_C0369,0,normal
LOT_017,LOT_017_C0370,0,normal
LOT_017,LOT_017_C0371,0,normal
LOT_017,LOT_017_C0372,0,normal
LOT_017,LOT_017_C0373,0,normal
LOT_017,LOT_017_C0374,0,normal
LOT_017,LOT_017_C0375,0,normal
LOT_017,LOT_017_C0376,1,latent
LOT_017,LOT_017_C0377,0,normal
LOT_017,LOT_017_C0378,0,normal
LOT_017,LOT_017_C0379,1,latent
LOT_017,LOT_017_C0380,0,normal
LOT_017,LOT_017_C0381,0,normal
LOT_017,LOT_017_C0382,0,normal
LOT_017,LOT_017_C0383,0,normal
LOT_017,LOT_017_C0384,0,normal
LOT_017,LOT_017_C0385,0,normal
LOT_017,LOT_017_C0386,0,normal
LOT_017,LOT_017_C0387,0,normal
LOT_017,LOT_017_C0388,0,normal
LOT_017,LOT_017_C0389,0,normal
LOT_017,LOT_017_C0390,0,normal
LOT_017,LOT_017_C0391,0,normal
LOT_017,LOT_017_C0392,0,normal
LOT_017,LOT_017_C0393,0,normal
LOT_017,LOT_017_C0394,0,normal
LOT_017,LOT_017_C0395,0,normal
LOT_017,LOT_017_C0396,0,normal
LOT_017,LOT_017_C0397,0,normal
LOT_017,LOT_017_C0398,0,normal
LOT_017,LOT_017_C0399,0,normal
LOT_017,LOT_017_C0400,0,normal
LOT_017,LOT_017_C0401,0,normal
LOT_017,LOT_017_C0402,0,normal
LOT_017,LOT_017_C0403,0,normal
LOT_017,LOT_017_C0404,0,normal
LOT_017,LOT_017_C0405,0,normal
LOT_017,LOT_017_C0406,0,normal
LOT_017,LOT_017_C0407,0,normal
LOT_017,LOT_017_C0408,0,normal
LOT_017,LOT_017_C0409,0,normal
LOT_017,LOT_017_C0410,0,normal
LOT_017,LOT_017_C0411,0,normal
LOT_017,LOT_017_C0412,0,normal
LOT_017,LOT_017_C0413,1,latent
LOT_017,LOT_017_C0414,0,normal
LOT_017,LOT_017_C0415,1,latent
LOT_017,LOT_017_C0416,0,normal
LOT_017,LOT_017_C0417,0,normal
LOT_017,LOT_017_C0418,0,normal
LOT_017,LOT_017_C0419,0,normal
LOT_017,LOT_017_C0420,0,normal
LOT_017,LOT_017_C0421,0,normal
LOT_017,LOT_017_C0422,0,normal
LOT_017,LOT_017_C0423,0,normal
LOT_017,LOT_017_C0424,0,normal
LOT_017,LOT_017_C0425,1,latent
LOT_017,LOT_017_C0426,0,normal
LOT_017,LOT_017_C0427,0,normal
LOT_017,LOT_017_C0428,0,normal
LOT_017,LOT_017_C0429,1,latent
LOT_017,LOT_017_C0430,0,normal
LOT_017,LOT_017_C0431,0,normal
LOT_017,LOT_017_C0432,0,normal
LOT_017,LOT_017_C0433,0,normal
LOT_017,LOT_017_C0434,0,normal
LOT_017,LOT_017_C0435,0,normal
LOT_017,LOT_017_C0436,0,normal
LOT_017,LOT_017_C0437,0,normal
LOT_017,LOT_017_C0438,0,normal
LOT_017,LOT_017_C0439,0,normal
LOT_017,LOT_017_C0440,0,normal
LOT_017,LOT_017_C0441,0,normal
LOT_017,LOT_017_C0442,0,normal
LOT_017,LOT_017_C0443,0,normal
LOT_017,LOT_017_C0444,0,normal
LOT_017,LOT_017_C0445,0,normal
LOT_017,LOT_017_C0446,0,normal
LOT_017,LOT_017_C0447,0,normal
LOT_017,LOT_017_C0448,0,normal
LOT_017,LOT_017_C0449,0,normal
LOT_017,LOT_017_C0450,0,normal
LOT_017,LOT_017_C0451,0,normal
LOT_017,LOT_017_C0452,0,normal
LOT_017,LOT_017_C0453,0,normal
LOT_017,LOT_017_C0454,0,normal
LOT_017,LOT_017_C0455,0,normal
LOT_017,LOT_017_C0456,0,normal
LOT_017,LOT_017_C0457,0,normal
LOT_017,LOT_017_C0458,0,normal
LOT_017,LOT_017_C0459,0,normal
LOT_017,LOT_017_C0460,1,latent
LOT_017,LOT_017_C0461,0,normal
LOT_017,LOT_017_C0462,0,normal
LOT_017,LOT_017_C0463,1,latent
LOT_017,LOT_017_C0464,0,normal
LOT_017,LOT_017_C0465,0,normal
LOT_017,LOT_017_C0466,0,normal
LOT_017,LOT_017_C0467,0,normal
LOT_017,LOT_017_C0468,0,normal
LOT_017,LOT_017_C0469,1,latent
LOT_017,LOT_017_C0470,0,normal
LOT_017,LOT_017_C0471,0,normal
LOT_017,LOT_017_C0472,1,obvious
LOT_017,LOT_017_C0473,0,normal
LOT_017,LOT_017_C0474,0,normal
LOT_017,LOT_017_C0475,0,normal
LOT_017,LOT_017_C0476,0,normal
LOT_017,LOT_017_C0477,0,normal
LOT_017,LOT_017_C0478,0,normal
LOT_017,LOT_017_C0479,0,normal
LOT_017,LOT_017_C0480,0,normal
LOT_017,LOT_017_C0481,0,normal
LOT_017,LOT_017_C0482,1,latent
LOT_017,LOT_017_C0483,0,normal
LOT_017,LOT_017_C0484,0,normal
LOT_017,LOT_017_C0485,0,normal
LOT_017,LOT_017_C0486,0,normal
LOT_017,LOT_017_C0487,0,normal
LOT_017,LOT_017_C0488,0,normal
LOT_017,LOT_017_C0489,0,normal
LOT_017,LOT_017_C0490,0,normal
LOT_017,LOT_017_C0491,1,latent
LOT_017,LOT_017_C0492,0,normal
LOT_017,LOT_017_C0493,0,normal
LOT_017,LOT_017_C0494,0,normal
LOT_017,LOT_017_C0495,0,normal
LOT_017,LOT_017_C0496,0,normal
LOT_017,LOT_017_C0497,0,normal
LOT_017,LOT_017_C0498,0,normal
LOT_017,LOT_017_C0499,1,latent
LOT_017,LOT_017_C0500,0,normal
LOT_017,LOT_017_C0501,0,normal
LOT_017,LOT_017_C0502,0,normal
LOT_017,LOT_017_C0503,0,normal
LOT_017,LOT_017_C0504,0,normal
LOT_017,LOT_017_C0505,0,normal
LOT_017,LOT_017_C0506,0,normal
LOT_017,LOT_017_C0507,0,normal
LOT_017,LOT_017_C0508,1,latent
LOT_017,LOT_017_C0509,0,normal
LOT_017,LOT_017_C0510,1,latent
LOT_017,LOT_017_C0511,0,normal
LOT_017,LOT_017_C0512,0,normal
LOT_017,LOT_017_C0513,0,normal
LOT_017,LOT_017_C0514,0,normal
LOT_017,LOT_017_C0515,0,normal
LOT_017,LOT_017_C0516,0,normal
LOT_017,LOT_017_C0517,0,normal
LOT_017,LOT_017_C0518,0,normal
LOT_017,LOT_017_C0519,1,latent
LOT_017,LOT_017_C0520,0,normal
LOT_017,LOT_017_C0521,0,normal
LOT_017,LOT_017_C0522,0,normal
LOT_017,LOT_017_C0523,0,normal
LOT_017,LOT_017_C0524,0,normal
LOT_017,LOT_017_C0525,0,normal
LOT_017,LOT_017_C0526,0,normal
LOT_017,LOT_017_C0527,0,normal
LOT_017,LOT_017_C0528,0,normal
LOT_017,LOT_017_C0529,0,normal
LOT_017,LOT_017_C0530,0,normal
LOT_017,LOT_017_C0531,0,normal
LOT_017,LOT_017_C0532,1,latent
LOT_017,LOT_017_C0533,0,normal
LOT_017,LOT_017_C0534,0,normal
LOT_017,LOT_017_C0535,0,normal
LOT_017,LOT_017_C0536,0,normal
LOT_017,LOT_017_C0537,0,normal
LOT_017,LOT_017_C0538,1,latent
LOT_017,LOT_017_C0539,0,normal
LOT_017,LOT_017_C0540,0,normal
LOT_017,LOT_017_C0541,0,normal
LOT_017,LOT_017_C0542,0,normal
LOT_017,LOT_017_C0543,0,normal
LOT_017,LOT_017_C0544,0,normal
LOT_017,LOT_017_C0545,0,normal
LOT_017,LOT_017_C0546,0,normal
LOT_017,LOT_017_C0547,0,normal
LOT_017,LOT_017_C0548,0,normal
LOT_017,LOT_017_C0549,0,normal
LOT_017,LOT_017_C0550,0,normal
LOT_017,LOT_017_C0551,0,normal
LOT_017,LOT_017_C0552,0,normal
LOT_017,LOT_017_C0553,0,normal
LOT_017,LOT_017_C0554,0,normal
LOT_017,LOT_017_C0555,0,normal
LOT_017,LOT_017_C0556,0,normal
LOT_017,LOT_017_C0557,0,normal
LOT_017,LOT_017_C0558,0,normal
LOT_017,LOT_017_C0559,0,normal
LOT_017,LOT_017_C0560,0,normal
LOT_017,LOT_017_C0561,1,obvious
LOT_017,LOT_017_C0562,0,normal
LOT_017,LOT_017_C0563,0,normal
LOT_017,LOT_017_C0564,1,latent
LOT_017,LOT_017_C0565,0,normal
LOT_017,LOT_017_C0566,0,normal
LOT_017,LOT_017_C0567,1,latent
LOT_017,LOT_017_C0568,0,normal
LOT_017,LOT_017_C0569,0,normal
LOT_017,LOT_017_C0570,0,normal
LOT_017,LOT_017_C0571,0,normal
LOT_017,LOT_017_C0572,0,normal
LOT_017,LOT_017_C0573,0,normal
LOT_017,LOT_017_C0574,0,normal
LOT_017,LOT_017_C0575,0,normal
LOT_017,LOT_017_C0576,0,normal
LOT_017,LOT_017_C0577,0,normal
LOT_017,LOT_017_C0578,0,normal
LOT_017,LOT_017_C0579,0,normal
LOT_017,LOT_017_C0580,0,normal
LOT_017,LOT_017_C0581,0,normal
LOT_017,LOT_017_C0582,0,normal
LOT_017,LOT_017_C0583,0,normal
LOT_017,LOT_017_C0584,0,normal
LOT_017,LOT_017_C0585,0,normal
LOT_017,LOT_017_C0586,0,normal
LOT_017,LOT_017_C0587,0,normal
LOT_017,LOT_017_C0588,0,normal
LOT_017,LOT_017_C0589,0,normal
LOT_017,LOT_017_C0590,0,normal
LOT_017,LOT_017_C0591,0,normal
LOT_017,LOT_017_C0592,0,normal
LOT_017,LOT_017_C0593,0,normal
LOT_017,LOT_017_C0594,0,normal
LOT_017,LOT_017_C0595,0,normal
LOT_017,LOT_017_C0596,0,normal
LOT_017,LOT_017_C0597,0,normal
LOT_017,LOT_017_C0598,0,normal
LOT_017,LOT_017_C0599,0,normal
LOT_017,LOT_017_C0600,0,normal
LOT_017,LOT_017_C0601,0,normal
LOT_017,LOT_017_C0602,0,normal
LOT_017,LOT_017_C0603,0,normal
LOT_017,LOT_017_C0604,0,normal
LOT_017,LOT_017_C0605,0,normal
LOT_017,LOT_017_C0606,0,normal
LOT_017,LOT_017_C0607,0,normal
LOT_017,LOT_017_C0608,0,normal
LOT_017,LOT_017_C0609,0,normal
LOT_017,LOT_017_C0610,0,normal
LOT_017,LOT_017_C0611,0,normal
LOT_017,LOT_017_C0612,0,normal
LOT_017,LOT_017_C0613,0,normal
LOT_017,LOT_017_C0614,0,normal
LOT_017,LOT_017_C0615,0,normal
LOT_017,LOT_017_C0616,0,normal
LOT_017,LOT_017_C0617,0,normal
LOT_017,LOT_017_C0618,0,normal
LOT_017,LOT_017_C0619,0,normal
LOT_017,LOT_017_C0620,0,normal
LOT_017,LOT_017_C0621,0,normal
LOT_017,LOT_017_C0622,0,normal
LOT_017,LOT_017_C0623,0,normal
LOT_017,LOT_017_C0624,0,normal
LOT_017,LOT_017_C0625,0,normal
LOT_017,LOT_017_C0626,0,normal
LOT_017,LOT_017_C0627,0,normal
LOT_017,LOT_017_C0628,0,normal
LOT_017,LOT_017_C0629,0,normal
LOT_017,LOT_017_C0630,0,normal
LOT_017,LOT_017_C0631,0,normal
LOT_017,LOT_017_C0632,0,normal
LOT_017,LOT_017_C0633,0,normal
LOT_017,LOT_017_C0634,0,normal
LOT_017,LOT_017_C0635,1,latent
LOT_017,LOT_017_C0636,0,normal
LOT_017,LOT_017_C0637,0,normal
LOT_017,LOT_017_C0638,0,normal
LOT_017,LOT_017_C0639,0,normal
LOT_017,LOT_017_C0640,0,normal
LOT_017,LOT_017_C0641,0,normal
LOT_017,LOT_017_C0642,0,normal
LOT_017,LOT_017_C0643,0,normal
LOT_017,LOT_017_C0644,0,normal
LOT_017,LOT_017_C0645,0,normal
LOT_017,LOT_017_C0646,0,normal
LOT_017,LOT_017_C0647,0,normal
LOT_017,LOT_017_C0648,0,normal
LOT_017,LOT_017_C0649,1,latent
LOT_017,LOT_017_C0650,0,normal
LOT_017,LOT_017_C0651,0,normal
LOT_017,LOT_017_C0652,0,normal
LOT_017,LOT_017_C0653,0,normal
LOT_017,LOT_017_C0654,0,normal
LOT_017,LOT_017_C0655,0,normal
LOT_017,LOT_017_C0656,0,normal
LOT_017,LOT_017_C0657,0,normal
LOT_017,LOT_017_C0658,0,normal
LOT_017,LOT_017_C0659,0,normal
LOT_017,LOT_017_C0660,1,latent
LOT_017,LOT_017_C0661,0,normal
LOT_017,LOT_017_C0662,0,normal
LOT_017,LOT_017_C0663,0,normal
LOT_017,LOT_017_C0664,0,normal
LOT_017,LOT_017_C0665,0,normal
LOT_017,LOT_017_C0666,0,normal
LOT_017,LOT_017_C0667,0,normal
LOT_017,LOT_017_C0668,0,normal
LOT_017,LOT_017_C0669,1,latent
LOT_017,LOT_017_C0670,0,normal
LOT_017,LOT_017_C0671,0,normal
LOT_017,LOT_017_C0672,0,normal
LOT_017,LOT_017_C0673,0,normal
LOT_017,LOT_017_C0674,0,normal
LOT_017,LOT_017_C0675,0,normal
LOT_017,LOT_017_C0676,0,normal
LOT_017,LOT_017_C0677,0,normal
LOT_017,LOT_017_C0678,0,normal
LOT_017,LOT_017_C0679,0,normal
LOT_017,LOT_017_C0680,0,normal
LOT_017,LOT_017_C0681,0,normal
LOT_017,LOT_017_C0682,0,normal
LOT_017,LOT_017_C0683,0,normal
LOT_017,LOT_017_C0684,0,normal
LOT_017,LOT_017_C0685,0,normal
LOT_017,LOT_017_C0686,0,normal
LOT_017,LOT_017_C0687,0,normal
LOT_017,LOT_017_C0688,0,normal
LOT_017,LOT_017_C0689,0,normal
LOT_017,LOT_017_C0690,0,normal
LOT_017,LOT_017_C0691,0,normal
LOT_017,LOT_017_C0692,0,normal
LOT_017,LOT_017_C0693,0,normal
LOT_017,LOT_017_C0694,0,normal
LOT_017,LOT_017_C0695,0,normal
LOT_017,LOT_017_C0696,0,normal
LOT_017,LOT_017_C0697,0,normal
LOT_017,LOT_017_C0698,0,normal
LOT_017,LOT_017_C0699,0,normal
LOT_017,LOT_017_C0700,0,normal
LOT_017,LOT_017_C0701,0,normal
LOT_017,LOT_017_C0702,1,latent
LOT_017,LOT_017_C0703,1,latent
LOT_017,LOT_017_C0704,0,normal
LOT_017,LOT_017_C0705,1,obvious
LOT_017,LOT_017_C0706,0,normal
LOT_017,LOT_017_C0707,0,normal
LOT_017,LOT_017_C0708,1,latent
LOT_017,LOT_017_C0709,0,normal
LOT_017,LOT_017_C0710,0,normal
LOT_017,LOT_017_C0711,0,normal
LOT_017,LOT_017_C0712,0,normal
LOT_017,LOT_017_C0713,0,normal
LOT_017,LOT_017_C0714,0,normal
LOT_017,LOT_017_C0715,0,normal
LOT_017,LOT_017_C0716,0,normal
LOT_017,LOT_017_C0717,0,normal
LOT_017,LOT_017_C0718,0,normal
LOT_017,LOT_017_C0719,0,normal
LOT_017,LOT_017_C0720,0,normal
LOT_017,LOT_017_C0721,0,normal
LOT_017,LOT_017_C0722,0,normal
LOT_017,LOT_017_C0723,0,normal
LOT_017,LOT_017_C0724,0,normal
LOT_017,LOT_017_C0725,0,normal
LOT_017,LOT_017_C0726,0,normal
LOT_017,LOT_017_C0727,0,normal
LOT_017,LOT_017_C0728,0,normal
LOT_017,LOT_017_C0729,0,normal
LOT_017,LOT_017_C0730,0,normal
LOT_017,LOT_017_C0731,0,normal
LOT_017,LOT_017_C0732,0,normal
LOT_017,LOT_017_C0733,0,normal
LOT_017,LOT_017_C0734,0,normal
LOT_017,LOT_017_C0735,0,normal
LOT_017,LOT_017_C0736,0,normal
LOT_017,LOT_017_C0737,0,normal
LOT_017,LOT_017_C0738,0,normal
LOT_017,LOT_017_C0739,0,normal
LOT_017,LOT_017_C0740,0,normal
LOT_017,LOT_017_C0741,0,normal
LOT_017,LOT_017_C0742,0,normal
LOT_017,LOT_017_C0743,0,normal
LOT_017,LOT_017_C0744,0,normal
LOT_017,LOT_017_C0745,1,obvious
LOT_017,LOT_017_C0746,0,normal
LOT_017,LOT_017_C0747,0,normal
LOT_017,LOT_017_C0748,0,normal
LOT_017,LOT_017_C0749,0,normal
LOT_017,LOT_017_C0750,0,normal
LOT_017,LOT_017_C0751,0,normal
LOT_017,LOT_017_C0752,0,normal
LOT_017,LOT_017_C0753,0,normal
LOT_017,LOT_017_C0754,0,normal
LOT_017,LOT_017_C0755,0,normal
LOT_017,LOT_017_C0756,0,normal
LOT_017,LOT_017_C0757,0,normal
LOT_017,LOT_017_C0758,0,normal
LOT_017,LOT_017_C0759,0,normal
LOT_017,LOT_017_C0760,0,normal
LOT_017,LOT_017_C0761,0,normal
LOT_017,LOT_017_C0762,0,normal
LOT_017,LOT_017_C0763,0,normal
LOT_017,LOT_017_C0764,0,normal
LOT_017,LOT_017_C0765,0,normal
LOT_017,LOT_017_C0766,0,normal
LOT_017,LOT_017_C0767,0,normal
LOT_017,LOT_017_C0768,0,normal
LOT_017,LOT_017_C0769,0,normal
LOT_017,LOT_017_C0770,0,normal
LOT_017,LOT_017_C0771,0,normal
LOT_017,LOT_017_C0772,0,normal
LOT_017,LOT_017_C0773,0,normal
LOT_017,LOT_017_C0774,0,normal
LOT_017,LOT_017_C0775,0,normal
LOT_017,LOT_017_C0776,0,normal
LOT_017,LOT_017_C0777,0,normal
LOT_017,LOT_017_C0778,0,normal
LOT_017,LOT_017_C0779,0,normal
LOT_017,LOT_017_C0780,0,normal
LOT_017,LOT_017_C0781,0,normal
LOT_017,LOT_017_C0782,0,normal
LOT_017,LOT_017_C0783,0,normal
LOT_017,LOT_017_C0784,0,normal
LOT_017,LOT_017_C0785,0,normal
LOT_017,LOT_017_C0786,0,normal
LOT_017,LOT_017_C0787,0,normal
LOT_017,LOT_017_C0788,0,normal
LOT_017,LOT_017_C0789,0,normal
LOT_017,LOT_017_C0790,0,normal
LOT_017,LOT_017_C0791,0,normal
LOT_017,LOT_017_C0792,0,normal
LOT_017,LOT_017_C0793,1,latent
LOT_017,LOT_017_C0794,0,normal
LOT_017,LOT_017_C0795,1,latent
LOT_017,LOT_017_C0796,0,normal
LOT_017,LOT_017_C0797,0,normal
LOT_017,LOT_017_C0798,0,normal
LOT_017,LOT_017_C0799,0,normal
LOT_017,LOT_017_C0800,0,normal
LOT_017,LOT_017_C0801,0,normal
LOT_017,LOT_017_C0802,0,normal
LOT_017,LOT_017_C0803,0,normal
LOT_017,LOT_017_C0804,0,normal
LOT_017,LOT_017_C0805,1,obvious
LOT_017,LOT_017_C0806,1,obvious
LOT_017,LOT_017_C0807,0,normal
LOT_017,LOT_017_C0808,0,normal
LOT_017,LOT_017_C0809,0,normal
LOT_017,LOT_017_C0810,0,normal
LOT_017,LOT_017_C0811,0,normal
LOT_017,LOT_017_C0812,0,normal
LOT_017,LOT_017_C0813,0,normal
LOT_017,LOT_017_C0814,0,normal
LOT_017,LOT_017_C0815,0,normal
LOT_017,LOT_017_C0816,0,normal
LOT_017,LOT_017_C0817,0,normal
LOT_017,LOT_017_C0818,0,normal
LOT_017,LOT_017_C0819,0,normal
LOT_017,LOT_017_C0820,0,normal
LOT_017,LOT_017_C0821,0,normal
LOT_017,LOT_017_C0822,0,normal
LOT_017,LOT_017_C0823,0,normal
LOT_017,LOT_017_C0824,0,normal
LOT_017,LOT_017_C0825,0,normal
LOT_017,LOT_017_C0826,0,normal
LOT_017,LOT_017_C0827,0,normal
LOT_017,LOT_017_C0828,1,latent
LOT_017,LOT_017_C0829,0,normal
LOT_017,LOT_017_C0830,0,normal
LOT_017,LOT_017_C0831,0,normal
LOT_017,LOT_017_C0832,0,normal
LOT_017,LOT_017_C0833,0,normal
LOT_017,LOT_017_C0834,0,normal
LOT_017,LOT_017_C0835,0,normal
LOT_017,LOT_017_C0836,0,normal
LOT_017,LOT_017_C0837,0,normal
LOT_017,LOT_017_C0838,0,normal
LOT_017,LOT_017_C0839,0,normal
LOT_017,LOT_017_C0840,0,normal
LOT_017,LOT_017_C0841,0,normal
LOT_017,LOT_017_C0842,0,normal
LOT_017,LOT_017_C0843,0,normal
LOT_017,LOT_017_C0844,0,normal
LOT_017,LOT_017_C0845,0,normal
LOT_017,LOT_017_C0846,0,normal
LOT_017,LOT_017_C0847,0,normal
LOT_017,LOT_017_C0848,0,normal
LOT_017,LOT_017_C0849,0,normal
LOT_017,LOT_017_C0850,0,normal
LOT_017,LOT_017_C0851,0,normal
LOT_017,LOT_017_C0852,0,normal
LOT_017,LOT_017_C0853,0,normal
LOT_017,LOT_017_C0854,0,normal
LOT_017,LOT_017_C0855,0,normal
LOT_017,LOT_017_C0856,0,normal
LOT_017,LOT_017_C0857,0,normal
LOT_017,LOT_017_C0858,0,normal
LOT_017,LOT_017_C0859,1,latent
LOT_017,LOT_017_C0860,1,latent
LOT_017,LOT_017_C0861,0,normal
LOT_017,LOT_017_C0862,0,normal
LOT_017,LOT_017_C0863,0,normal
LOT_017,LOT_017_C0864,0,normal
LOT_017,LOT_017_C0865,0,normal
LOT_017,LOT_017_C0866,0,normal
LOT_017,LOT_017_C0867,0,normal
LOT_017,LOT_017_C0868,0,normal
LOT_017,LOT_017_C0869,1,latent
LOT_017,LOT_017_C0870,0,normal
LOT_017,LOT_017_C0871,0,normal
LOT_017,LOT_017_C0872,0,normal
LOT_017,LOT_017_C0873,0,normal
LOT_017,LOT_017_C0874,0,normal
LOT_017,LOT_017_C0875,0,normal
LOT_017,LOT_017_C0876,0,normal
LOT_017,LOT_017_C0877,0,normal
LOT_017,LOT_017_C0878,0,normal
LOT_017,LOT_017_C0879,0,normal
LOT_017,LOT_017_C0880,0,normal
LOT_017,LOT_017_C0881,0,normal
LOT_017,LOT_017_C0882,0,normal
LOT_017,LOT_017_C0883,0,normal
LOT_017,LOT_017_C0884,0,normal
LOT_017,LOT_017_C0885,0,normal
LOT_017,LOT_017_C0886,0,normal
LOT_017,LOT_017_C0887,0,normal
LOT_017,LOT_017_C0888,0,normal
LOT_018,LOT_018_C0000,0,normal
LOT_018,LOT_018_C0001,0,normal
LOT_018,LOT_018_C0002,1,latent
LOT_018,LOT_018_C0003,0,normal
LOT_018,LOT_018_C0004,0,normal
LOT_018,LOT_018_C0005,0,normal
LOT_018,LOT_018_C0006,0,normal
LOT_018,LOT_018_C0007,0,normal
LOT_018,LOT_018_C0008,0,normal
LOT_018,LOT_018_C0009,0,normal
LOT_018,LOT_018_C0010,0,normal
LOT_018,LOT_018_C0011,0,normal
LOT_018,LOT_018_C0012,0,normal
LOT_018,LOT_018_C0013,0,normal
LOT_018,LOT_018_C0014,0,normal
LOT_018,LOT_018_C0015,0,normal
LOT_018,LOT_018_C0016,0,normal
LOT_018,LOT_018_C0017,0,normal
LOT_018,LOT_018_C0018,0,normal
LOT_018,LOT_018_C0019,0,normal
LOT_018,LOT_018_C0020,0,normal
LOT_018,LOT_018_C0021,0,normal
LOT_018,LOT_018_C0022,0,normal
LOT_018,LOT_018_C0023,1,latent
LOT_018,LOT_018_C0024,0,normal
LOT_018,LOT_018_C0025,0,normal
LOT_018,LOT_018_C0026,0,normal
LOT_018,LOT_018_C0027,0,normal
LOT_018,LOT_018_C0028,0,normal
LOT_018,LOT_018_C0029,0,normal
LOT_018,LOT_018_C0030,0,normal
LOT_018,LOT_018_C0031,0,normal
LOT_018,LOT_018_C0032,0,normal
LOT_018,LOT_018_C0033,0,normal
LOT_018,LOT_018_C0034,0,normal
LOT_018,LOT_018_C0035,0,normal
LOT_018,LOT_018_C0036,0,normal
LOT_018,LOT_018_C0037,0,normal
LOT_018,LOT_018_C0038,1,obvious
LOT_018,LOT_018_C0039,0,normal
LOT_018,LOT_018_C0040,0,normal
LOT_018,LOT_018_C0041,0,normal
LOT_018,LOT_018_C0042,0,normal
LOT_018,LOT_018_C0043,0,normal
LOT_018,LOT_018_C0044,0,normal
LOT_018,LOT_018_C0045,0,normal
LOT_018,LOT_018_C0046,0,normal
LOT_018,LOT_018_C0047,0,normal
LOT_018,LOT_018_C0048,0,normal
LOT_018,LOT_018_C0049,0,normal
LOT_018,LOT_018_C0050,0,normal
LOT_018,LOT_018_C0051,0,normal
LOT_018,LOT_018_C0052,0,normal
LOT_018,LOT_018_C0053,0,normal
LOT_018,LOT_018_C0054,0,normal
LOT_018,LOT_018_C0055,0,normal
LOT_018,LOT_018_C0056,0,normal
LOT_018,LOT_018_C0057,0,normal
LOT_018,LOT_018_C0058,0,normal
LOT_018,LOT_018_C0059,0,normal
LOT_018,LOT_018_C0060,0,normal
LOT_018,LOT_018_C0061,0,normal
LOT_018,LOT_018_C0062,0,normal
LOT_018,LOT_018_C0063,0,normal
LOT_018,LOT_018_C0064,1,obvious
LOT_018,LOT_018_C0065,0,normal
LOT_018,LOT_018_C0066,0,normal
LOT_018,LOT_018_C0067,0,normal
LOT_018,LOT_018_C0068,0,normal
LOT_018,LOT_018_C0069,0,normal
LOT_018,LOT_018_C0070,0,normal
LOT_018,LOT_018_C0071,0,normal
LOT_018,LOT_018_C0072,0,normal
LOT_018,LOT_018_C0073,1,obvious
LOT_018,LOT_018_C0074,0,normal
LOT_018,LOT_018_C0075,0,normal
LOT_018,LOT_018_C0076,0,normal
LOT_018,LOT_018_C0077,0,normal
LOT_018,LOT_018_C0078,0,normal
LOT_018,LOT_018_C0079,0,normal
LOT_018,LOT_018_C0080,0,normal
LOT_018,LOT_018_C0081,0,normal
LOT_018,LOT_018_C0082,0,normal
LOT_018,LOT_018_C0083,0,normal
LOT_018,LOT_018_C0084,0,normal
LOT_018,LOT_018_C0085,0,normal
LOT_018,LOT_018_C0086,0,normal
LOT_018,LOT_018_C0087,0,normal
LOT_018,LOT_018_C0088,0,normal
LOT_018,LOT_018_C0089,0,normal
LOT_018,LOT_018_C0090,0,normal
LOT_018,LOT_018_C0091,0,normal
LOT_018,LOT_018_C0092,0,normal
LOT_018,LOT_018_C0093,0,normal
LOT_018,LOT_018_C0094,0,normal
LOT_018,LOT_018_C0095,0,normal
LOT_018,LOT_018_C0096,0,normal
LOT_018,LOT_018_C0097,0,normal
LOT_018,LOT_018_C0098,0,normal
LOT_018,LOT_018_C0099,0,normal
LOT_018,LOT_018_C0100,0,normal
LOT_018,LOT_018_C0101,0,normal
LOT_018,LOT_018_C0102,0,normal
LOT_018,LOT_018_C0103,1,latent
LOT_018,LOT_018_C0104,0,normal
LOT_018,LOT_018_C0105,0,normal
LOT_018,LOT_018_C0106,0,normal
LOT_018,LOT_018_C0107,0,normal
LOT_018,LOT_018_C0108,1,latent
LOT_018,LOT_018_C0109,1,obvious
LOT_018,LOT_018_C0110,0,normal
LOT_018,LOT_018_C0111,0,normal
LOT_018,LOT_018_C0112,0,normal
LOT_018,LOT_018_C0113,0,normal
LOT_018,LOT_018_C0114,0,normal
LOT_018,LOT_018_C0115,0,normal
LOT_018,LOT_018_C0116,0,normal
LOT_018,LOT_018_C0117,0,normal
LOT_018,LOT_018_C0118,0,normal
LOT_018,LOT_018_C0119,0,normal
LOT_018,LOT_018_C0120,0,normal
LOT_018,LOT_018_C0121,0,normal
LOT_018,LOT_018_C0122,0,normal
LOT_018,LOT_018_C0123,0,normal
LOT_018,LOT_018_C0124,0,normal
LOT_018,LOT_018_C0125,0,normal
LOT_018,LOT_018_C0126,0,normal
LOT_018,LOT_018_C0127,0,normal
LOT_018,LOT_018_C0128,0,normal
LOT_018,LOT_018_C0129,0,normal
LOT_018,LOT_018_C0130,0,normal
LOT_018,LOT_018_C0131,0,normal
LOT_018,LOT_018_C0132,0,normal
LOT_018,LOT_018_C0133,0,normal
LOT_018,LOT_018_C0134,0,normal
LOT_018,LOT_018_C0135,0,normal
LOT_018,LOT_018_C0136,0,normal
LOT_018,LOT_018_C0137,0,normal
LOT_018,LOT_018_C0138,0,normal
LOT_018,LOT_018_C0139,1,latent
LOT_018,LOT_018_C0140,0,normal
LOT_018,LOT_018_C0141,0,normal
LOT_018,LOT_018_C0142,0,normal
LOT_018,LOT_018_C0143,0,normal
LOT_018,LOT_018_C0144,0,normal
LOT_018,LOT_018_C0145,0,normal
LOT_018,LOT_018_C0146,1,latent
LOT_018,LOT_018_C0147,0,normal
LOT_018,LOT_018_C0148,0,normal
LOT_018,LOT_018_C0149,0,normal
LOT_018,LOT_018_C0150,0,normal
LOT_018,LOT_018_C0151,0,normal
LOT_018,LOT_018_C0152,0,normal
LOT_018,LOT_018_C0153,0,normal
LOT_018,LOT_018_C0154,0,normal
LOT_018,LOT_018_C0155,0,normal
LOT_018,LOT_018_C0156,0,normal
LOT_018,LOT_018_C0157,0,normal
LOT_018,LOT_018_C0158,0,normal
LOT_018,LOT_018_C0159,0,normal
LOT_018,LOT_018_C0160,0,normal
LOT_018,LOT_018_C0161,0,normal
LOT_018,LOT_018_C0162,0,normal
LOT_018,LOT_018_C0163,0,normal
LOT_018,LOT_018_C0164,0,normal
LOT_018,LOT_018_C0165,0,normal
LOT_018,LOT_018_C0166,0,normal
LOT_018,LOT_018_C0167,0,normal
LOT_018,LOT_018_C0168,0,normal
LOT_018,LOT_018_C0169,0,normal
LOT_018,LOT_018_C0170,0,normal
LOT_018,LOT_018_C0171,0,normal
LOT_018,LOT_018_C0172,0,normal
LOT_018,LOT_018_C0173,0,normal
LOT_018,LOT_018_C0174,0,normal
LOT_018,LOT_018_C0175,1,latent
LOT_018,LOT_018_C0176,0,normal
LOT_018,LOT_018_C0177,0,normal
LOT_018,LOT_018_C0178,0,normal
LOT_018,LOT_018_C0179,0,normal
LOT_018,LOT_018_C0180,1,latent
LOT_018,LOT_018_C0181,0,normal
LOT_018,LOT_018_C0182,0,normal
LOT_018,LOT_018_C0183,0,normal
LOT_018,LOT_018_C0184,0,normal
LOT_018,LOT_018_C0185,0,normal
LOT_018,LOT_018_C0186,1,latent
LOT_018,LOT_018_C0187,0,normal
LOT_018,LOT_018_C0188,0,normal
LOT_018,LOT_018_C0189,0,normal
LOT_018,LOT_018_C0190,0,normal
LOT_018,LOT_018_C0191,0,normal
LOT_018,LOT_018_C0192,0,normal
LOT_018,LOT_018_C0193,0,normal
LOT_018,LOT_018_C0194,0,normal
LOT_018,LOT_018_C0195,0,normal
LOT_018,LOT_018_C0196,0,normal
LOT_018,LOT_018_C0197,0,normal
LOT_018,LOT_018_C0198,0,normal
LOT_018,LOT_018_C0199,0,normal
LOT_018,LOT_018_C0200,0,normal
LOT_018,LOT_018_C0201,0,normal
LOT_018,LOT_018_C0202,0,normal
LOT_018,LOT_018_C0203,0,normal
LOT_018,LOT_018_C0204,0,normal
LOT_018,LOT_018_C0205,0,normal
LOT_018,LOT_018_C0206,0,normal
LOT_018,LOT_018_C0207,0,normal
LOT_018,LOT_018_C0208,0,normal
LOT_018,LOT_018_C0209,0,normal
LOT_018,LOT_018_C0210,0,normal
LOT_018,LOT_018_C0211,0,normal
LOT_018,LOT_018_C0212,0,normal
LOT_018,LOT_018_C0213,0,normal
LOT_018,LOT_018_C0214,0,normal
LOT_018,LOT_018_C0215,0,normal
LOT_018,LOT_018_C0216,0,normal
LOT_018,LOT_018_C0217,0,normal
LOT_018,LOT_018_C0218,0,normal
LOT_018,LOT_018_C0219,0,normal
LOT_018,LOT_018_C0220,0,normal
LOT_018,LOT_018_C0221,0,normal
LOT_018,LOT_018_C0222,0,normal
LOT_018,LOT_018_C0223,0,normal
LOT_018,LOT_018_C0224,1,latent
LOT_018,LOT_018_C0225,0,normal
LOT_018,LOT_018_C0226,0,normal
LOT_018,LOT_018_C0227,0,normal
LOT_018,LOT_018_C0228,0,normal
LOT_018,LOT_018_C0229,0,normal
LOT_018,LOT_018_C0230,0,normal
LOT_018,LOT_018_C0231,0,normal
LOT_018,LOT_018_C0232,0,normal
LOT_018,LOT_018_C0233,0,normal
LOT_018,LOT_018_C0234,0,normal
LOT_018,LOT_018_C0235,0,normal
LOT_018,LOT_018_C0236,0,normal
LOT_018,LOT_018_C0237,0,normal
LOT_018,LOT_018_C0238,0,normal
LOT_018,LOT_018_C0239,0,normal
LOT_018,LOT_018_C0240,0,normal
LOT_018,LOT_018_C0241,0,normal
LOT_018,LOT_018_C0242,0,normal
LOT_018,LOT_018_C0243,0,normal
LOT_018,LOT_018_C0244,0,normal
LOT_018,LOT_018_C0245,0,normal
LOT_018,LOT_018_C0246,0,normal
LOT_018,LOT_018_C0247,0,normal
LOT_018,LOT_018_C0248,0,normal
LOT_018,LOT_018_C0249,0,normal
LOT_018,LOT_018_C0250,0,normal
LOT_018,LOT_018_C0251,0,normal
LOT_018,LOT_018_C0252,0,normal
LOT_018,LOT_018_C0253,1,obvious
LOT_018,LOT_018_C0254,0,normal
LOT_018,LOT_018_C0255,0,normal
LOT_018,LOT_018_C0256,0,normal
LOT_018,LOT_018_C0257,0,normal
LOT_018,LOT_018_C0258,0,normal
LOT_018,LOT_018_C0259,0,normal
LOT_018,LOT_018_C0260,0,normal
LOT_018,LOT_018_C0261,0,normal
LOT_018,LOT_018_C0262,0,normal
LOT_018,LOT_018_C0263,0,normal
LOT_018,LOT_018_C0264,0,normal
LOT_018,LOT_018_C0265,0,normal
LOT_018,LOT_018_C0266,0,normal
LOT_018,LOT_018_C0267,0,normal
LOT_018,LOT_018_C0268,1,obvious
LOT_018,LOT_018_C0269,0,normal
LOT_018,LOT_018_C0270,0,normal
LOT_018,LOT_018_C0271,0,normal
LOT_018,LOT_018_C0272,0,normal
LOT_018,LOT_018_C0273,0,normal
LOT_018,LOT_018_C0274,0,normal
LOT_018,LOT_018_C0275,0,normal
LOT_018,LOT_018_C0276,0,normal
LOT_018,LOT_018_C0277,0,normal
LOT_018,LOT_018_C0278,0,normal
LOT_018,LOT_018_C0279,0,normal
LOT_018,LOT_018_C0280,1,obvious
LOT_018,LOT_018_C0281,0,normal
LOT_018,LOT_018_C0282,0,normal
LOT_018,LOT_018_C0283,0,normal
LOT_018,LOT_018_C0284,0,normal
LOT_018,LOT_018_C0285,0,normal
LOT_018,LOT_018_C0286,1,latent
LOT_018,LOT_018_C0287,0,normal
LOT_018,LOT_018_C0288,1,latent
LOT_018,LOT_018_C0289,0,normal
LOT_018,LOT_018_C0290,0,normal
LOT_018,LOT_018_C0291,0,normal
LOT_018,LOT_018_C0292,0,normal
LOT_018,LOT_018_C0293,0,normal
LOT_018,LOT_018_C0294,0,normal
LOT_018,LOT_018_C0295,0,normal
LOT_018,LOT_018_C0296,0,normal
LOT_018,LOT_018_C0297,0,normal
LOT_018,LOT_018_C0298,1,obvious
LOT_018,LOT_018_C0299,0,normal
LOT_018,LOT_018_C0300,0,normal
LOT_018,LOT_018_C0301,0,normal
LOT_018,LOT_018_C0302,0,normal
LOT_018,LOT_018_C0303,0,normal
LOT_018,LOT_018_C0304,0,normal
LOT_018,LOT_018_C0305,1,latent
LOT_018,LOT_018_C0306,0,normal
LOT_018,LOT_018_C0307,0,normal
LOT_018,LOT_018_C0308,0,normal
LOT_018,LOT_018_C0309,0,normal
LOT_018,LOT_018_C0310,0,normal
LOT_018,LOT_018_C0311,0,normal
LOT_018,LOT_018_C0312,0,normal
LOT_018,LOT_018_C0313,0,normal
LOT_018,LOT_018_C0314,0,normal
LOT_018,LOT_018_C0315,0,normal
LOT_018,LOT_018_C0316,0,normal
LOT_018,LOT_018_C0317,0,normal
LOT_018,LOT_018_C0318,0,normal
LOT_018,LOT_018_C0319,0,normal
LOT_018,LOT_018_C0320,0,normal
LOT_018,LOT_018_C0321,0,normal
LOT_018,LOT_018_C0322,0,normal
LOT_018,LOT_018_C0323,1,latent
LOT_018,LOT_018_C0324,0,normal
LOT_018,LOT_018_C0325,0,normal
LOT_018,LOT_018_C0326,0,normal
LOT_018,LOT_018_C0327,0,normal
LOT_018,LOT_018_C0328,1,obvious
LOT_018,LOT_018_C0329,0,normal
LOT_018,LOT_018_C0330,0,normal
LOT_018,LOT_018_C0331,0,normal
LOT_018,LOT_018_C0332,0,normal
LOT_018,LOT_018_C0333,0,normal
LOT_018,LOT_018_C0334,0,normal
LOT_018,LOT_018_C0335,0,normal
LOT_018,LOT_018_C0336,0,normal
LOT_018,LOT_018_C0337,0,normal
LOT_018,LOT_018_C0338,0,normal
LOT_018,LOT_018_C0339,0,normal
LOT_018,LOT_018_C0340,0,normal
LOT_018,LOT_018_C0341,0,normal
LOT_018,LOT_018_C0342,0,normal
LOT_018,LOT_018_C0343,0,normal
LOT_018,LOT_018_C0344,0,normal
LOT_018,LOT_018_C0345,0,normal
LOT_018,LOT_018_C0346,0,normal
LOT_018,LOT_018_C0347,0,normal
LOT_018,LOT_018_C0348,1,latent
LOT_018,LOT_018_C0349,0,normal
LOT_018,LOT_018_C0350,0,normal
LOT_018,LOT_018_C0351,0,normal
LOT_018,LOT_018_C0352,0,normal
LOT_018,LOT_018_C0353,0,normal
LOT_018,LOT_018_C0354,0,normal
LOT_018,LOT_018_C0355,0,normal
LOT_018,LOT_018_C0356,0,normal
LOT_018,LOT_018_C0357,0,normal
LOT_018,LOT_018_C0358,0,normal
LOT_018,LOT_018_C0359,0,normal
LOT_018,LOT_018_C0360,0,normal
LOT_018,LOT_018_C0361,0,normal
LOT_018,LOT_018_C0362,0,normal
LOT_018,LOT_018_C0363,0,normal
LOT_018,LOT_018_C0364,0,normal
LOT_018,LOT_018_C0365,0,normal
LOT_018,LOT_018_C0366,1,latent
LOT_018,LOT_018_C0367,0,normal
LOT_018,LOT_018_C0368,0,normal
LOT_018,LOT_018_C0369,0,normal
LOT_018,LOT_018_C0370,0,normal
LOT_018,LOT_018_C0371,1,latent
LOT_018,LOT_018_C0372,0,normal
LOT_018,LOT_018_C0373,0,normal
LOT_018,LOT_018_C0374,0,normal
LOT_018,LOT_018_C0375,0,normal
LOT_018,LOT_018_C0376,0,normal
LOT_018,LOT_018_C0377,0,normal
LOT_018,LOT_018_C0378,0,normal
LOT_018,LOT_018_C0379,0,normal
LOT_018,LOT_018_C0380,0,normal
LOT_018,LOT_018_C0381,1,obvious
LOT_018,LOT_018_C0382,0,normal
LOT_018,LOT_018_C0383,0,normal
LOT_018,LOT_018_C0384,0,normal
LOT_018,LOT_018_C0385,0,normal
LOT_018,LOT_018_C0386,0,normal
LOT_018,LOT_018_C0387,0,normal
LOT_018,LOT_018_C0388,0,normal
LOT_018,LOT_018_C0389,0,normal
LOT_018,LOT_018_C0390,0,normal
LOT_018,LOT_018_C0391,0,normal
LOT_018,LOT_018_C0392,0,normal
LOT_018,LOT_018_C0393,0,normal
LOT_018,LOT_018_C0394,0,normal
LOT_018,LOT_018_C0395,0,normal
LOT_018,LOT_018_C0396,0,normal
LOT_018,LOT_018_C0397,0,normal
LOT_018,LOT_018_C0398,0,normal
LOT_018,LOT_018_C0399,0,normal
LOT_018,LOT_018_C0400,0,normal
LOT_018,LOT_018_C0401,0,normal
LOT_018,LOT_018_C0402,0,normal
LOT_018,LOT_018_C0403,1,latent
LOT_018,LOT_018_C0404,0,normal
LOT_018,LOT_018_C0405,0,normal
LOT_018,LOT_018_C0406,0,normal
LOT_018,LOT_018_C0407,0,normal
LOT_018,LOT_018_C0408,0,normal
LOT_018,LOT_018_C0409,0,normal
LOT_018,LOT_018_C0410,0,normal
LOT_018,LOT_018_C0411,0,normal
LOT_018,LOT_018_C0412,0,normal
LOT_018,LOT_018_C0413,0,normal
LOT_018,LOT_018_C0414,0,normal
LOT_018,LOT_018_C0415,0,normal
LOT_018,LOT_018_C0416,1,obvious
LOT_018,LOT_018_C0417,0,normal
LOT_018,LOT_018_C0418,1,latent
LOT_018,LOT_018_C0419,0,normal
LOT_018,LOT_018_C0420,0,normal
LOT_018,LOT_018_C0421,0,normal
LOT_018,LOT_018_C0422,0,normal
LOT_018,LOT_018_C0423,0,normal
LOT_018,LOT_018_C0424,0,normal
LOT_018,LOT_018_C0425,0,normal
LOT_018,LOT_018_C0426,0,normal
LOT_018,LOT_018_C0427,0,normal
LOT_018,LOT_018_C0428,0,normal
LOT_018,LOT_018_C0429,0,normal
LOT_018,LOT_018_C0430,0,normal
LOT_018,LOT_018_C0431,0,normal
LOT_018,LOT_018_C0432,0,normal
LOT_018,LOT_018_C0433,0,normal
LOT_018,LOT_018_C0434,0,normal
LOT_018,LOT_018_C0435,0,normal
LOT_018,LOT_018_C0436,0,normal
LOT_018,LOT_018_C0437,0,normal
LOT_018,LOT_018_C0438,0,normal
LOT_018,LOT_018_C0439,0,normal
LOT_018,LOT_018_C0440,0,normal
LOT_018,LOT_018_C0441,0,normal
LOT_018,LOT_018_C0442,0,normal
LOT_018,LOT_018_C0443,0,normal
LOT_018,LOT_018_C0444,0,normal
LOT_018,LOT_018_C0445,0,normal
LOT_018,LOT_018_C0446,0,normal
LOT_018,LOT_018_C0447,0,normal
LOT_018,LOT_018_C0448,0,normal
LOT_018,LOT_018_C0449,0,normal
LOT_018,LOT_018_C0450,0,normal
LOT_018,LOT_018_C0451,0,normal
LOT_018,LOT_018_C0452,0,normal
LOT_018,LOT_018_C0453,0,normal
LOT_018,LOT_018_C0454,0,normal
LOT_018,LOT_018_C0455,0,normal
LOT_018,LOT_018_C0456,0,normal
LOT_018,LOT_018_C0457,0,normal
LOT_018,LOT_018_C0458,0,normal
LOT_018,LOT_018_C0459,0,normal
LOT_018,LOT_018_C0460,0,normal
LOT_018,LOT_018_C0461,0,normal
LOT_018,LOT_018_C0462,0,normal
LOT_018,LOT_018_C0463,0,normal
LOT_018,LOT_018_C0464,0,normal
LOT_018,LOT_018_C0465,0,normal
LOT_018,LOT_018_C0466,0,normal
LOT_018,LOT_018_C0467,0,normal
LOT_018,LOT_018_C0468,0,normal
LOT_018,LOT_018_C0469,0,normal
LOT_018,LOT_018_C0470,0,normal
LOT_018,LOT_018_C0471,0,normal
LOT_018,LOT_018_C0472,0,normal
LOT_018,LOT_018_C0473,0,normal
LOT_018,LOT_018_C0474,0,normal
LOT_018,LOT_018_C0475,0,normal
LOT_018,LOT_018_C0476,0,normal
LOT_018,LOT_018_C0477,0,normal
LOT_018,LOT_018_C0478,1,latent
LOT_018,LOT_018_C0479,0,normal
LOT_018,LOT_018_C0480,0,normal
LOT_018,LOT_018_C0481,0,normal
LOT_018,LOT_018_C0482,0,normal
LOT_018,LOT_018_C0483,0,normal
LOT_018,LOT_018_C0484,0,normal
LOT_018,LOT_018_C0485,0,normal
LOT_018,LOT_018_C0486,0,normal
LOT_018,LOT_018_C0487,0,normal
LOT_018,LOT_018_C0488,0,normal
LOT_018,LOT_018_C0489,0,normal
LOT_018,LOT_018_C0490,0,normal
LOT_018,LOT_018_C0491,0,normal
LOT_018,LOT_018_C0492,0,normal
LOT_018,LOT_018_C0493,1,latent
LOT_018,LOT_018_C0494,0,normal
LOT_018,LOT_018_C0495,0,normal
LOT_018,LOT_018_C0496,0,normal
LOT_018,LOT_018_C0497,0,normal
LOT_018,LOT_018_C0498,0,normal
LOT_018,LOT_018_C0499,1,latent
LOT_018,LOT_018_C0500,0,normal
LOT_018,LOT_018_C0501,0,normal
LOT_018,LOT_018_C0502,0,normal
LOT_018,LOT_018_C0503,0,normal
LOT_018,LOT_018_C0504,0,normal
LOT_018,LOT_018_C0505,0,normal
LOT_018,LOT_018_C0506,0,normal
LOT_018,LOT_018_C0507,0,normal
LOT_018,LOT_018_C0508,0,normal
LOT_018,LOT_018_C0509,0,normal
LOT_018,LOT_018_C0510,0,normal
LOT_018,LOT_018_C0511,0,normal
LOT_018,LOT_018_C0512,0,normal
LOT_018,LOT_018_C0513,0,normal
LOT_018,LOT_018_C0514,0,normal
LOT_018,LOT_018_C0515,0,normal
LOT_018,LOT_018_C0516,0,normal
LOT_018,LOT_018_C0517,0,normal
LOT_018,LOT_018_C0518,0,normal
LOT_018,LOT_018_C0519,0,normal
LOT_018,LOT_018_C0520,0,normal
LOT_018,LOT_018_C0521,0,normal
LOT_018,LOT_018_C0522,0,normal
LOT_018,LOT_018_C0523,0,normal
LOT_018,LOT_018_C0524,0,normal
LOT_018,LOT_018_C0525,0,normal
LOT_018,LOT_018_C0526,0,normal
LOT_018,LOT_018_C0527,0,normal
LOT_018,LOT_018_C0528,0,normal
LOT_018,LOT_018_C0529,0,normal
LOT_018,LOT_018_C0530,0,normal
LOT_018,LOT_018_C0531,0,normal
LOT_018,LOT_018_C0532,0,normal
LOT_018,LOT_018_C0533,0,normal
LOT_018,LOT_018_C0534,0,normal
LOT_018,LOT_018_C0535,0,normal
LOT_018,LOT_018_C0536,0,normal
LOT_018,LOT_018_C0537,0,normal
LOT_018,LOT_018_C0538,0,normal
LOT_018,LOT_018_C0539,0,normal
LOT_018,LOT_018_C0540,0,normal
LOT_018,LOT_018_C0541,0,normal
LOT_018,LOT_018_C0542,0,normal
LOT_018,LOT_018_C0543,0,normal
LOT_018,LOT_018_C0544,0,normal
LOT_018,LOT_018_C0545,1,latent
LOT_018,LOT_018_C0546,0,normal
LOT_018,LOT_018_C0547,0,normal
LOT_018,LOT_018_C0548,0,normal
LOT_018,LOT_018_C0549,0,normal
LOT_018,LOT_018_C0550,0,normal
LOT_018,LOT_018_C0551,0,normal
LOT_018,LOT_018_C0552,0,normal
LOT_018,LOT_018_C0553,0,normal
LOT_018,LOT_018_C0554,0,normal
LOT_018,LOT_018_C0555,0,normal
LOT_018,LOT_018_C0556,0,normal
LOT_018,LOT_018_C0557,0,normal
LOT_018,LOT_018_C0558,0,normal
LOT_018,LOT_018_C0559,0,normal
LOT_018,LOT_018_C0560,0,normal
LOT_018,LOT_018_C0561,1,latent
LOT_018,LOT_018_C0562,0,normal
LOT_018,LOT_018_C0563,0,normal
LOT_018,LOT_018_C0564,0,normal
LOT_018,LOT_018_C0565,0,normal
LOT_018,LOT_018_C0566,0,normal
LOT_018,LOT_018_C0567,0,normal
LOT_018,LOT_018_C0568,0,normal
LOT_018,LOT_018_C0569,0,normal
LOT_018,LOT_018_C0570,0,normal
LOT_018,LOT_018_C0571,0,normal
LOT_018,LOT_018_C0572,0,normal
LOT_018,LOT_018_C0573,0,normal
LOT_018,LOT_018_C0574,1,latent
LOT_018,LOT_018_C0575,0,normal
LOT_018,LOT_018_C0576,0,normal
LOT_018,LOT_018_C0577,0,normal
LOT_018,LOT_018_C0578,0,normal
LOT_018,LOT_018_C0579,1,obvious
LOT_018,LOT_018_C0580,0,normal
LOT_018,LOT_018_C0581,0,normal
LOT_018,LOT_018_C0582,0,normal
LOT_018,LOT_018_C0583,0,normal
LOT_018,LOT_018_C0584,0,normal
LOT_018,LOT_018_C0585,0,normal
LOT_018,LOT_018_C0586,0,normal
LOT_018,LOT_018_C0587,0,normal
LOT_018,LOT_018_C0588,0,normal
LOT_018,LOT_018_C0589,0,normal
LOT_018,LOT_018_C0590,0,normal
LOT_018,LOT_018_C0591,0,normal
LOT_018,LOT_018_C0592,0,normal
LOT_018,LOT_018_C0593,0,normal
LOT_018,LOT_018_C0594,0,normal
LOT_018,LOT_018_C0595,0,normal
LOT_018,LOT_018_C0596,0,normal
LOT_018,LOT_018_C0597,0,normal
LOT_018,LOT_018_C0598,0,normal
LOT_018,LOT_018_C0599,0,normal
LOT_018,LOT_018_C0600,0,normal
LOT_018,LOT_018_C0601,0,normal
LOT_018,LOT_018_C0602,0,normal
LOT_018,LOT_018_C0603,0,normal
LOT_018,LOT_018_C0604,0,normal
LOT_018,LOT_018_C0605,0,normal
LOT_018,LOT_018_C0606,0,normal
LOT_018,LOT_018_C0607,0,normal
LOT_018,LOT_018_C0608,0,normal
LOT_018,LOT_018_C0609,0,normal
LOT_018,LOT_018_C0610,0,normal
LOT_018,LOT_018_C0611,0,normal
LOT_018,LOT_018_C0612,0,normal
LOT_018,LOT_018_C0613,0,normal
LOT_018,LOT_018_C0614,0,normal
LOT_018,LOT_018_C0615,0,normal
LOT_018,LOT_018_C0616,0,normal
LOT_018,LOT_018_C0617,0,normal
LOT_018,LOT_018_C0618,0,normal
LOT_018,LOT_018_C0619,0,normal
LOT_018,LOT_018_C0620,0,normal
LOT_018,LOT_018_C0621,0,normal
LOT_018,LOT_018_C0622,0,normal
LOT_018,LOT_018_C0623,0,normal
LOT_018,LOT_018_C0624,0,normal
LOT_018,LOT_018_C0625,0,normal
LOT_018,LOT_018_C0626,0,normal
LOT_018,LOT_018_C0627,0,normal
LOT_018,LOT_018_C0628,0,normal
LOT_018,LOT_018_C0629,0,normal
LOT_018,LOT_018_C0630,0,normal
LOT_018,LOT_018_C0631,0,normal
LOT_018,LOT_018_C0632,0,normal
LOT_018,LOT_018_C0633,0,normal
LOT_018,LOT_018_C0634,0,normal
LOT_018,LOT_018_C0635,0,normal
LOT_018,LOT_018_C0636,0,normal
LOT_018,LOT_018_C0637,0,normal
LOT_018,LOT_018_C0638,0,normal
LOT_018,LOT_018_C0639,0,normal
LOT_018,LOT_018_C0640,0,normal
LOT_018,LOT_018_C0641,0,normal
LOT_018,LOT_018_C0642,0,normal
LOT_018,LOT_018_C0643,0,normal
LOT_018,LOT_018_C0644,0,normal
LOT_018,LOT_018_C0645,0,normal
LOT_018,LOT_018_C0646,0,normal
LOT_018,LOT_018_C0647,1,latent
LOT_018,LOT_018_C0648,0,normal
LOT_018,LOT_018_C0649,0,normal
LOT_018,LOT_018_C0650,0,normal
LOT_018,LOT_018_C0651,0,normal
LOT_018,LOT_018_C0652,0,normal
LOT_018,LOT_018_C0653,0,normal
LOT_018,LOT_018_C0654,0,normal
LOT_018,LOT_018_C0655,0,normal
LOT_018,LOT_018_C0656,0,normal
LOT_018,LOT_018_C0657,0,normal
LOT_018,LOT_018_C0658,0,normal
LOT_018,LOT_018_C0659,0,normal
LOT_018,LOT_018_C0660,0,normal
LOT_018,LOT_018_C0661,0,normal
LOT_018,LOT_018_C0662,0,normal
LOT_018,LOT_018_C0663,0,normal
LOT_018,LOT_018_C0664,0,normal
LOT_018,LOT_018_C0665,0,normal
LOT_018,LOT_018_C0666,0,normal
LOT_018,LOT_018_C0667,0,normal
LOT_018,LOT_018_C0668,0,normal
LOT_018,LOT_018_C0669,0,normal
LOT_018,LOT_018_C0670,0,normal
LOT_018,LOT_018_C0671,1,obvious
LOT_018,LOT_018_C0672,0,normal
LOT_018,LOT_018_C0673,0,normal
LOT_018,LOT_018_C0674,0,normal
LOT_018,LOT_018_C0675,0,normal
LOT_018,LOT_018_C0676,0,normal
LOT_018,LOT_018_C0677,0,normal
LOT_018,LOT_018_C0678,0,normal
LOT_018,LOT_018_C0679,1,latent
LOT_018,LOT_018_C0680,0,normal
LOT_018,LOT_018_C0681,0,normal
LOT_018,LOT_018_C0682,0,normal
LOT_018,LOT_018_C0683,0,normal
LOT_018,LOT_018_C0684,0,normal
LOT_018,LOT_018_C0685,0,normal
LOT_018,LOT_018_C0686,0,normal
LOT_018,LOT_018_C0687,0,normal
LOT_018,LOT_018_C0688,0,normal
LOT_018,LOT_018_C0689,0,normal
LOT_018,LOT_018_C0690,0,normal
LOT_018,LOT_018_C0691,0,normal
LOT_018,LOT_018_C0692,0,normal
LOT_018,LOT_018_C0693,0,normal
LOT_018,LOT_018_C0694,0,normal
LOT_018,LOT_018_C0695,0,normal
LOT_018,LOT_018_C0696,0,normal
LOT_018,LOT_018_C0697,0,normal
LOT_018,LOT_018_C0698,0,normal
LOT_018,LOT_018_C0699,0,normal
LOT_018,LOT_018_C0700,0,normal
LOT_018,LOT_018_C0701,0,normal
LOT_019,LOT_019_C0000,0,normal
LOT_019,LOT_019_C0001,0,normal
LOT_019,LOT_019_C0002,0,normal
LOT_019,LOT_019_C0003,0,normal
LOT_019,LOT_019_C0004,0,normal
LOT_019,LOT_019_C0005,0,normal
LOT_019,LOT_019_C0006,0,normal
LOT_019,LOT_019_C0007,0,normal
LOT_019,LOT_019_C0008,0,normal
LOT_019,LOT_019_C0009,0,normal
LOT_019,LOT_019_C0010,0,normal
LOT_019,LOT_019_C0011,0,normal
LOT_019,LOT_019_C0012,0,normal
LOT_019,LOT_019_C0013,0,normal
LOT_019,LOT_019_C0014,0,normal
LOT_019,LOT_019_C0015,0,normal
LOT_019,LOT_019_C0016,0,normal
LOT_019,LOT_019_C0017,1,latent
LOT_019,LOT_019_C0018,0,normal
LOT_019,LOT_019_C0019,0,normal
LOT_019,LOT_019_C0020,0,normal
LOT_019,LOT_019_C0021,0,normal
LOT_019,LOT_019_C0022,0,normal
LOT_019,LOT_019_C0023,0,normal
LOT_019,LOT_019_C0024,0,normal
LOT_019,LOT_019_C0025,0,normal
LOT_019,LOT_019_C0026,0,normal
LOT_019,LOT_019_C0027,0,normal
LOT_019,LOT_019_C0028,0,normal
LOT_019,LOT_019_C0029,0,normal
LOT_019,LOT_019_C0030,0,normal
LOT_019,LOT_019_C0031,0,normal
LOT_019,LOT_019_C0032,0,normal
LOT_019,LOT_019_C0033,0,normal
LOT_019,LOT_019_C0034,0,normal
LOT_019,LOT_019_C0035,0,normal
LOT_019,LOT_019_C0036,0,normal
LOT_019,LOT_019_C0037,0,normal
LOT_019,LOT_019_C0038,1,latent
LOT_019,LOT_019_C0039,0,normal
LOT_019,LOT_019_C0040,0,normal
LOT_019,LOT_019_C0041,0,normal
LOT_019,LOT_019_C0042,0,normal
LOT_019,LOT_019_C0043,0,normal
LOT_019,LOT_019_C0044,0,normal
LOT_019,LOT_019_C0045,0,normal
LOT_019,LOT_019_C0046,0,normal
LOT_019,LOT_019_C0047,0,normal
LOT_019,LOT_019_C0048,0,normal
LOT_019,LOT_019_C0049,0,normal
LOT_019,LOT_019_C0050,0,normal
LOT_019,LOT_019_C0051,0,normal
LOT_019,LOT_019_C0052,1,latent
LOT_019,LOT_019_C0053,1,latent
LOT_019,LOT_019_C0054,0,normal
LOT_019,LOT_019_C0055,0,normal
LOT_019,LOT_019_C0056,0,normal
LOT_019,LOT_019_C0057,0,normal
LOT_019,LOT_019_C0058,0,normal
LOT_019,LOT_019_C0059,0,normal
LOT_019,LOT_019_C0060,0,normal
LOT_019,LOT_019_C0061,0,normal
LOT_019,LOT_019_C0062,0,normal
LOT_019,LOT_019_C0063,0,normal
LOT_019,LOT_019_C0064,0,normal
LOT_019,LOT_019_C0065,0,normal
LOT_019,LOT_019_C0066,0,normal
LOT_019,LOT_019_C0067,0,normal
LOT_019,LOT_019_C0068,0,normal
LOT_019,LOT_019_C0069,0,normal
LOT_019,LOT_019_C0070,0,normal
LOT_019,LOT_019_C0071,0,normal
LOT_019,LOT_019_C0072,0,normal
LOT_019,LOT_019_C0073,0,normal
LOT_019,LOT_019_C0074,0,normal
LOT_019,LOT_019_C0075,0,normal
LOT_019,LOT_019_C0076,0,normal
LOT_019,LOT_019_C0077,0,normal
LOT_019,LOT_019_C0078,0,normal
LOT_019,LOT_019_C0079,0,normal
LOT_019,LOT_019_C0080,0,normal
LOT_019,LOT_019_C0081,0,normal
LOT_019,LOT_019_C0082,0,normal
LOT_019,LOT_019_C0083,0,normal
LOT_019,LOT_019_C0084,0,normal
LOT_019,LOT_019_C0085,0,normal
LOT_019,LOT_019_C0086,0,normal
LOT_019,LOT_019_C0087,0,normal
LOT_019,LOT_019_C0088,0,normal
LOT_019,LOT_019_C0089,0,normal
LOT_019,LOT_019_C0090,0,normal
LOT_019,LOT_019_C0091,0,normal
LOT_019,LOT_019_C0092,0,normal
LOT_019,LOT_019_C0093,0,normal
LOT_019,LOT_019_C0094,0,normal
LOT_019,LOT_019_C0095,0,normal
LOT_019,LOT_019_C0096,0,normal
LOT_019,LOT_019_C0097,0,normal
LOT_019,LOT_019_C0098,0,normal
LOT_019,LOT_019_C0099,0,normal
LOT_019,LOT_019_C0100,0,normal
LOT_019,LOT_019_C0101,0,normal
LOT_019,LOT_019_C0102,1,latent
LOT_019,LOT_019_C0103,0,normal
LOT_019,LOT_019_C0104,0,normal
LOT_019,LOT_019_C0105,0,normal
LOT_019,LOT_019_C0106,0,normal
LOT_019,LOT_019_C0107,0,normal
LOT_019,LOT_019_C0108,0,normal
LOT_019,LOT_019_C0109,0,normal
LOT_019,LOT_019_C0110,0,normal
LOT_019,LOT_019_C0111,0,normal
LOT_019,LOT_019_C0112,0,normal
LOT_019,LOT_019_C0113,0,normal
LOT_019,LOT_019_C0114,0,normal
LOT_019,LOT_019_C0115,0,normal
LOT_019,LOT_019_C0116,0,normal
LOT_019,LOT_019_C0117,0,normal
LOT_019,LOT_019_C0118,0,normal
LOT_019,LOT_019_C0119,0,normal
LOT_019,LOT_019_C0120,0,normal
LOT_019,LOT_019_C0121,0,normal
LOT_019,LOT_019_C0122,0,normal
LOT_019,LOT_019_C0123,0,normal
LOT_019,LOT_019_C0124,1,latent
LOT_019,LOT_019_C0125,0,normal
LOT_019,LOT_019_C0126,0,normal
LOT_019,LOT_019_C0127,0,normal
LOT_019,LOT_019_C0128,0,normal
LOT_019,LOT_019_C0129,0,normal
LOT_019,LOT_019_C0130,0,normal
LOT_019,LOT_019_C0131,0,normal
LOT_019,LOT_019_C0132,0,normal
LOT_019,LOT_019_C0133,0,normal
LOT_019,LOT_019_C0134,0,normal
LOT_019,LOT_019_C0135,0,normal
LOT_019,LOT_019_C0136,0,normal
LOT_019,LOT_019_C0137,0,normal
LOT_019,LOT_019_C0138,0,normal
LOT_019,LOT_019_C0139,0,normal
LOT_019,LOT_019_C0140,0,normal
LOT_019,LOT_019_C0141,0,normal
LOT_019,LOT_019_C0142,0,normal
LOT_019,LOT_019_C0143,1,obvious
LOT_019,LOT_019_C0144,0,normal
LOT_019,LOT_019_C0145,0,normal
LOT_019,LOT_019_C0146,0,normal
LOT_019,LOT_019_C0147,1,latent
LOT_019,LOT_019_C0148,1,obvious
LOT_019,LOT_019_C0149,0,normal
LOT_019,LOT_019_C0150,0,normal
LOT_019,LOT_019_C0151,0,normal
LOT_019,LOT_019_C0152,0,normal
LOT_019,LOT_019_C0153,0,normal
LOT_019,LOT_019_C0154,0,normal
LOT_019,LOT_019_C0155,0,normal
LOT_019,LOT_019_C0156,0,normal
LOT_019,LOT_019_C0157,0,normal
LOT_019,LOT_019_C0158,0,normal
LOT_019,LOT_019_C0159,0,normal
LOT_019,LOT_019_C0160,0,normal
LOT_019,LOT_019_C0161,0,normal
LOT_019,LOT_019_C0162,0,normal
LOT_019,LOT_019_C0163,0,normal
LOT_019,LOT_019_C0164,0,normal
LOT_019,LOT_019_C0165,0,normal
LOT_019,LOT_019_C0166,0,normal
LOT_019,LOT_019_C0167,0,normal
LOT_019,LOT_019_C0168,0,normal
LOT_019,LOT_019_C0169,0,normal
LOT_019,LOT_019_C0170,0,normal
LOT_019,LOT_019_C0171,0,normal
LOT_019,LOT_019_C0172,0,normal
LOT_019,LOT_019_C0173,0,normal
LOT_019,LOT_019_C0174,0,normal
LOT_019,LOT_019_C0175,0,normal
LOT_019,LOT_019_C0176,0,normal
LOT_019,LOT_019_C0177,0,normal
LOT_019,LOT_019_C0178,0,normal
LOT_019,LOT_019_C0179,0,normal
LOT_019,LOT_019_C0180,0,normal
LOT_019,LOT_019_C0181,1,latent
LOT_019,LOT_019_C0182,0,normal
LOT_019,LOT_019_C0183,0,normal
LOT_019,LOT_019_C0184,0,normal
LOT_019,LOT_019_C0185,0,normal
LOT_019,LOT_019_C0186,0,normal
LOT_019,LOT_019_C0187,0,normal
LOT_019,LOT_019_C0188,0,normal
LOT_019,LOT_019_C0189,0,normal
LOT_019,LOT_019_C0190,0,normal
LOT_019,LOT_019_C0191,0,normal
LOT_019,LOT_019_C0192,0,normal
LOT_019,LOT_019_C0193,0,normal
LOT_019,LOT_019_C0194,0,normal
LOT_019,LOT_019_C0195,0,normal
LOT_019,LOT_019_C0196,0,normal
LOT_019,LOT_019_C0197,0,normal
LOT_019,LOT_019_C0198,0,normal
LOT_019,LOT_019_C0199,0,normal
LOT_019,LOT_019_C0200,0,normal
LOT_019,LOT_019_C0201,0,normal
LOT_019,LOT_019_C0202,0,normal
LOT_019,LOT_019_C0203,0,normal
LOT_019,LOT_019_C0204,0,normal
LOT_019,LOT_019_C0205,0,normal
LOT_019,LOT_019_C0206,0,normal
LOT_019,LOT_019_C0207,0,normal
LOT_019,LOT_019_C0208,0,normal
LOT_019,LOT_019_C0209,0,normal
LOT_019,LOT_019_C0210,0,normal
LOT_019,LOT_019_C0211,0,normal
LOT_019,LOT_019_C0212,0,normal
LOT_019,LOT_019_C0213,0,normal
LOT_019,LOT_019_C0214,1,obvious
LOT_019,LOT_019_C0215,0,normal
LOT_019,LOT_019_C0216,0,normal
LOT_019,LOT_019_C0217,0,normal
LOT_019,LOT_019_C0218,0,normal
LOT_019,LOT_019_C0219,0,normal
LOT_019,LOT_019_C0220,0,normal
LOT_019,LOT_019_C0221,0,normal
LOT_019,LOT_019_C0222,0,normal
LOT_019,LOT_019_C0223,0,normal
LOT_019,LOT_019_C0224,0,normal
LOT_019,LOT_019_C0225,0,normal
LOT_019,LOT_019_C0226,0,normal
LOT_019,LOT_019_C0227,0,normal
LOT_019,LOT_019_C0228,0,normal
LOT_019,LOT_019_C0229,0,normal
LOT_019,LOT_019_C0230,1,latent
LOT_019,LOT_019_C0231,0,normal
LOT_019,LOT_019_C0232,0,normal
LOT_019,LOT_019_C0233,0,normal
LOT_019,LOT_019_C0234,0,normal
LOT_019,LOT_019_C0235,0,normal
LOT_019,LOT_019_C0236,1,obvious
LOT_019,LOT_019_C0237,0,normal
LOT_019,LOT_019_C0238,0,normal
LOT_019,LOT_019_C0239,0,normal
LOT_019,LOT_019_C0240,0,normal
LOT_019,LOT_019_C0241,1,obvious
LOT_019,LOT_019_C0242,0,normal
LOT_019,LOT_019_C0243,0,normal
LOT_019,LOT_019_C0244,0,normal
LOT_019,LOT_019_C0245,0,normal
LOT_019,LOT_019_C0246,0,normal
LOT_019,LOT_019_C0247,0,normal
LOT_019,LOT_019_C0248,0,normal
LOT_019,LOT_019_C0249,0,normal
LOT_019,LOT_019_C0250,1,obvious
LOT_019,LOT_019_C0251,0,normal
LOT_019,LOT_019_C0252,0,normal
LOT_019,LOT_019_C0253,0,normal
LOT_019,LOT_019_C0254,0,normal
LOT_019,LOT_019_C0255,0,normal
LOT_019,LOT_019_C0256,0,normal
LOT_019,LOT_019_C0257,0,normal
LOT_019,LOT_019_C0258,0,normal
LOT_019,LOT_019_C0259,0,normal
LOT_019,LOT_019_C0260,0,normal
LOT_019,LOT_019_C0261,0,normal
LOT_019,LOT_019_C0262,0,normal
LOT_019,LOT_019_C0263,0,normal
LOT_019,LOT_019_C0264,0,normal
LOT_019,LOT_019_C0265,0,normal
LOT_019,LOT_019_C0266,0,normal
LOT_019,LOT_019_C0267,0,normal
LOT_019,LOT_019_C0268,0,normal
LOT_019,LOT_019_C0269,0,normal
LOT_019,LOT_019_C0270,0,normal
LOT_019,LOT_019_C0271,0,normal
LOT_019,LOT_019_C0272,0,normal
LOT_019,LOT_019_C0273,0,normal
LOT_019,LOT_019_C0274,0,normal
LOT_019,LOT_019_C0275,0,normal
LOT_019,LOT_019_C0276,0,normal
LOT_019,LOT_019_C0277,0,normal
LOT_019,LOT_019_C0278,1,latent
LOT_019,LOT_019_C0279,0,normal
LOT_019,LOT_019_C0280,0,normal
LOT_019,LOT_019_C0281,0,normal
LOT_019,LOT_019_C0282,0,normal
LOT_019,LOT_019_C0283,0,normal
LOT_019,LOT_019_C0284,0,normal
LOT_019,LOT_019_C0285,0,normal
LOT_019,LOT_019_C0286,0,normal
LOT_019,LOT_019_C0287,0,normal
LOT_019,LOT_019_C0288,0,normal
LOT_019,LOT_019_C0289,0,normal
LOT_019,LOT_019_C0290,0,normal
LOT_019,LOT_019_C0291,0,normal
LOT_019,LOT_019_C0292,0,normal
LOT_019,LOT_019_C0293,0,normal
LOT_019,LOT_019_C0294,0,normal
LOT_019,LOT_019_C0295,0,normal
LOT_019,LOT_019_C0296,0,normal
LOT_019,LOT_019_C0297,0,normal
LOT_019,LOT_019_C0298,0,normal
LOT_019,LOT_019_C0299,0,normal
LOT_019,LOT_019_C0300,1,latent
LOT_019,LOT_019_C0301,0,normal
LOT_019,LOT_019_C0302,0,normal
LOT_019,LOT_019_C0303,0,normal
LOT_019,LOT_019_C0304,0,normal
LOT_019,LOT_019_C0305,0,normal
LOT_019,LOT_019_C0306,0,normal
LOT_019,LOT_019_C0307,0,normal
LOT_019,LOT_019_C0308,0,normal
LOT_019,LOT_019_C0309,0,normal
LOT_019,LOT_019_C0310,0,normal
LOT_019,LOT_019_C0311,1,latent
LOT_019,LOT_019_C0312,0,normal
LOT_019,LOT_019_C0313,0,normal
LOT_019,LOT_019_C0314,0,normal
LOT_019,LOT_019_C0315,0,normal
LOT_019,LOT_019_C0316,0,normal
LOT_019,LOT_019_C0317,0,normal
LOT_019,LOT_019_C0318,0,normal
LOT_019,LOT_019_C0319,0,normal
LOT_019,LOT_019_C0320,0,normal
LOT_019,LOT_019_C0321,0,normal
LOT_019,LOT_019_C0322,0,normal
LOT_019,LOT_019_C0323,0,normal
LOT_019,LOT_019_C0324,0,normal
LOT_019,LOT_019_C0325,0,normal
LOT_019,LOT_019_C0326,0,normal
LOT_019,LOT_019_C0327,0,normal
LOT_019,LOT_019_C0328,0,normal
LOT_019,LOT_019_C0329,0,normal
LOT_019,LOT_019_C0330,0,normal
LOT_019,LOT_019_C0331,0,normal
LOT_019,LOT_019_C0332,0,normal
LOT_019,LOT_019_C0333,0,normal
LOT_019,LOT_019_C0334,0,normal
LOT_019,LOT_019_C0335,0,normal
LOT_019,LOT_019_C0336,0,normal
LOT_019,LOT_019_C0337,0,normal
LOT_019,LOT_019_C0338,0,normal
LOT_019,LOT_019_C0339,0,normal
LOT_019,LOT_019_C0340,0,normal
LOT_019,LOT_019_C0341,0,normal
LOT_019,LOT_019_C0342,0,normal
LOT_019,LOT_019_C0343,1,latent
LOT_019,LOT_019_C0344,0,normal
LOT_019,LOT_019_C0345,0,normal
LOT_019,LOT_019_C0346,0,normal
LOT_019,LOT_019_C0347,0,normal
LOT_019,LOT_019_C0348,0,normal
LOT_019,LOT_019_C0349,0,normal
LOT_019,LOT_019_C0350,0,normal
LOT_019,LOT_019_C0351,0,normal
LOT_019,LOT_019_C0352,0,normal
LOT_019,LOT_019_C0353,0,normal
LOT_019,LOT_019_C0354,0,normal
LOT_019,LOT_019_C0355,0,normal
LOT_019,LOT_019_C0356,0,normal
LOT_019,LOT_019_C0357,0,normal
LOT_019,LOT_019_C0358,0,normal
LOT_019,LOT_019_C0359,0,normal
LOT_019,LOT_019_C0360,0,normal
LOT_019,LOT_019_C0361,0,normal
LOT_019,LOT_019_C0362,0,normal
LOT_019,LOT_019_C0363,0,normal
LOT_019,LOT_019_C0364,0,normal
LOT_019,LOT_019_C0365,0,normal
LOT_019,LOT_019_C0366,0,normal
LOT_019,LOT_019_C0367,0,normal
LOT_019,LOT_019_C0368,0,normal
LOT_019,LOT_019_C0369,0,normal
LOT_019,LOT_019_C0370,0,normal
LOT_019,LOT_019_C0371,0,normal
LOT_019,LOT_019_C0372,0,normal
LOT_019,LOT_019_C0373,0,normal
LOT_019,LOT_019_C0374,0,normal
LOT_019,LOT_019_C0375,0,normal
LOT_019,LOT_019_C0376,0,normal
LOT_019,LOT_019_C0377,0,normal
LOT_019,LOT_019_C0378,0,normal
LOT_019,LOT_019_C0379,0,normal
LOT_019,LOT_019_C0380,0,normal
LOT_019,LOT_019_C0381,0,normal
LOT_019,LOT_019_C0382,0,normal
LOT_019,LOT_019_C0383,0,normal
LOT_019,LOT_019_C0384,0,normal
LOT_019,LOT_019_C0385,0,normal
LOT_019,LOT_019_C0386,1,latent
LOT_019,LOT_019_C0387,0,normal
LOT_019,LOT_019_C0388,0,normal
LOT_019,LOT_019_C0389,0,normal
LOT_019,LOT_019_C0390,0,normal
LOT_019,LOT_019_C0391,0,normal
LOT_019,LOT_019_C0392,0,normal
LOT_019,LOT_019_C0393,0,normal
LOT_019,LOT_019_C0394,0,normal
LOT_019,LOT_019_C0395,0,normal
LOT_019,LOT_019_C0396,0,normal
LOT_019,LOT_019_C0397,0,normal
LOT_019,LOT_019_C0398,0,normal
LOT_019,LOT_019_C0399,0,normal
LOT_019,LOT_019_C0400,0,normal
LOT_019,LOT_019_C0401,0,normal
LOT_019,LOT_019_C0402,0,normal
LOT_019,LOT_019_C0403,0,normal
LOT_019,LOT_019_C0404,0,normal
LOT_019,LOT_019_C0405,0,normal
LOT_019,LOT_019_C0406,0,normal
LOT_019,LOT_019_C0407,0,normal
LOT_019,LOT_019_C0408,0,normal
LOT_019,LOT_019_C0409,0,normal
LOT_019,LOT_019_C0410,0,normal
LOT_019,LOT_019_C0411,0,normal
LOT_019,LOT_019_C0412,0,normal
LOT_019,LOT_019_C0413,0,normal
LOT_019,LOT_019_C0414,0,normal
LOT_019,LOT_019_C0415,0,normal
LOT_019,LOT_019_C0416,0,normal
LOT_019,LOT_019_C0417,0,normal
LOT_019,LOT_019_C0418,0,normal
LOT_019,LOT_019_C0419,0,normal
LOT_019,LOT_019_C0420,0,normal
LOT_019,LOT_019_C0421,0,normal
LOT_019,LOT_019_C0422,0,normal
LOT_019,LOT_019_C0423,0,normal
LOT_019,LOT_019_C0424,0,normal
LOT_019,LOT_019_C0425,0,normal
LOT_019,LOT_019_C0426,0,normal
LOT_019,LOT_019_C0427,0,normal
LOT_019,LOT_019_C0428,0,normal
LOT_019,LOT_019_C0429,0,normal
LOT_019,LOT_019_C0430,0,normal
LOT_019,LOT_019_C0431,0,normal
LOT_019,LOT_019_C0432,0,normal
LOT_019,LOT_019_C0433,0,normal
LOT_019,LOT_019_C0434,0,normal
LOT_019,LOT_019_C0435,0,normal
LOT_019,LOT_019_C0436,0,normal
LOT_019,LOT_019_C0437,0,normal
LOT_019,LOT_019_C0438,0,normal
LOT_019,LOT_019_C0439,0,normal
LOT_019,LOT_019_C0440,0,normal
LOT_019,LOT_019_C0441,0,normal
LOT_019,LOT_019_C0442,0,normal
LOT_019,LOT_019_C0443,0,normal
LOT_019,LOT_019_C0444,0,normal
LOT_019,LOT_019_C0445,0,normal
LOT_019,LOT_019_C0446,0,normal
LOT_019,LOT_019_C0447,0,normal
LOT_019,LOT_019_C0448,0,normal
LOT_019,LOT_019_C0449,0,normal
LOT_019,LOT_019_C0450,0,normal
LOT_019,LOT_019_C0451,0,normal
LOT_019,LOT_019_C0452,0,normal
LOT_019,LOT_019_C0453,0,normal
LOT_019,LOT_019_C0454,0,normal
LOT_019,LOT_019_C0455,0,normal
LOT_019,LOT_019_C0456,0,normal
LOT_019,LOT_019_C0457,0,normal
LOT_019,LOT_019_C0458,0,normal
LOT_019,LOT_019_C0459,0,normal
LOT_019,LOT_019_C0460,0,normal
LOT_019,LOT_019_C0461,0,normal
LOT_019,LOT_019_C0462,0,normal
LOT_019,LOT_019_C0463,0,normal
LOT_019,LOT_019_C0464,0,normal
LOT_019,LOT_019_C0465,0,normal
LOT_019,LOT_019_C0466,0,normal
LOT_019,LOT_019_C0467,1,obvious
LOT_019,LOT_019_C0468,0,normal
LOT_019,LOT_019_C0469,0,normal
LOT_019,LOT_019_C0470,0,normal
LOT_019,LOT_019_C0471,0,normal
LOT_019,LOT_019_C0472,0,normal
LOT_019,LOT_019_C0473,0,normal
LOT_019,LOT_019_C0474,0,normal
LOT_019,LOT_019_C0475,0,normal
LOT_019,LOT_019_C0476,0,normal
LOT_019,LOT_019_C0477,0,normal
LOT_019,LOT_019_C0478,0,normal
LOT_019,LOT_019_C0479,0,normal
LOT_019,LOT_019_C0480,0,normal
LOT_019,LOT_019_C0481,0,normal
LOT_019,LOT_019_C0482,0,normal
LOT_019,LOT_019_C0483,0,normal
LOT_019,LOT_019_C0484,0,normal
LOT_019,LOT_019_C0485,0,normal
LOT_019,LOT_019_C0486,0,normal
LOT_019,LOT_019_C0487,0,normal
LOT_019,LOT_019_C0488,0,normal
LOT_019,LOT_019_C0489,0,normal
LOT_019,LOT_019_C0490,0,normal
LOT_019,LOT_019_C0491,0,normal
LOT_019,LOT_019_C0492,0,normal
LOT_019,LOT_019_C0493,0,normal
LOT_019,LOT_019_C0494,0,normal
LOT_019,LOT_019_C0495,1,latent
LOT_019,LOT_019_C0496,0,normal
LOT_019,LOT_019_C0497,0,normal
LOT_019,LOT_019_C0498,0,normal
LOT_019,LOT_019_C0499,0,normal
LOT_019,LOT_019_C0500,0,normal
LOT_019,LOT_019_C0501,0,normal
LOT_019,LOT_019_C0502,0,normal
LOT_019,LOT_019_C0503,0,normal
LOT_019,LOT_019_C0504,0,normal
LOT_019,LOT_019_C0505,0,normal
LOT_019,LOT_019_C0506,0,normal
LOT_019,LOT_019_C0507,1,latent
LOT_019,LOT_019_C0508,0,normal
LOT_019,LOT_019_C0509,0,normal
LOT_019,LOT_019_C0510,0,normal
LOT_019,LOT_019_C0511,0,normal
LOT_019,LOT_019_C0512,0,normal
LOT_019,LOT_019_C0513,0,normal
LOT_019,LOT_019_C0514,0,normal
LOT_019,LOT_019_C0515,0,normal
LOT_019,LOT_019_C0516,0,normal
LOT_019,LOT_019_C0517,0,normal
LOT_019,LOT_019_C0518,0,normal
LOT_019,LOT_019_C0519,0,normal
LOT_019,LOT_019_C0520,0,normal
LOT_019,LOT_019_C0521,0,normal
LOT_019,LOT_019_C0522,0,normal
LOT_019,LOT_019_C0523,0,normal
LOT_019,LOT_019_C0524,0,normal
LOT_019,LOT_019_C0525,0,normal
LOT_019,LOT_019_C0526,1,latent
LOT_019,LOT_019_C0527,0,normal
LOT_019,LOT_019_C0528,0,normal
LOT_019,LOT_019_C0529,0,normal
LOT_019,LOT_019_C0530,0,normal
LOT_019,LOT_019_C0531,0,normal
LOT_019,LOT_019_C0532,0,normal
LOT_019,LOT_019_C0533,0,normal
LOT_019,LOT_019_C0534,0,normal
LOT_019,LOT_019_C0535,1,obvious
LOT_019,LOT_019_C0536,1,obvious
LOT_019,LOT_019_C0537,0,normal
LOT_019,LOT_019_C0538,0,normal
LOT_019,LOT_019_C0539,0,normal
LOT_019,LOT_019_C0540,0,normal
LOT_019,LOT_019_C0541,0,normal
LOT_019,LOT_019_C0542,1,latent
LOT_019,LOT_019_C0543,0,normal
LOT_019,LOT_019_C0544,0,normal
LOT_019,LOT_019_C0545,0,normal
LOT_019,LOT_019_C0546,0,normal
LOT_019,LOT_019_C0547,0,normal
LOT_019,LOT_019_C0548,0,normal
LOT_019,LOT_019_C0549,0,normal
LOT_019,LOT_019_C0550,0,normal
LOT_019,LOT_019_C0551,0,normal
LOT_019,LOT_019_C0552,0,normal
LOT_019,LOT_019_C0553,0,normal
LOT_019,LOT_019_C0554,0,normal
LOT_019,LOT_019_C0555,0,normal
LOT_019,LOT_019_C0556,0,normal
LOT_019,LOT_019_C0557,0,normal
LOT_019,LOT_019_C0558,0,normal
LOT_019,LOT_019_C0559,0,normal
LOT_019,LOT_019_C0560,0,normal
LOT_019,LOT_019_C0561,0,normal
LOT_019,LOT_019_C0562,0,normal
LOT_019,LOT_019_C0563,0,normal
LOT_019,LOT_019_C0564,0,normal
LOT_019,LOT_019_C0565,0,normal
LOT_019,LOT_019_C0566,0,normal
LOT_019,LOT_019_C0567,0,normal
LOT_019,LOT_019_C0568,0,normal
LOT_019,LOT_019_C0569,0,normal
LOT_019,LOT_019_C0570,0,normal
LOT_019,LOT_019_C0571,0,normal
LOT_019,LOT_019_C0572,0,normal
LOT_019,LOT_019_C0573,0,normal
LOT_019,LOT_019_C0574,0,normal
LOT_019,LOT_019_C0575,0,normal
LOT_019,LOT_019_C0576,0,normal
LOT_019,LOT_019_C0577,0,normal
LOT_019,LOT_019_C0578,1,latent
LOT_019,LOT_019_C0579,0,normal
LOT_019,LOT_019_C0580,0,normal
LOT_019,LOT_019_C0581,0,normal
LOT_019,LOT_019_C0582,0,normal
LOT_019,LOT_019_C0583,0,normal
LOT_019,LOT_019_C0584,0,normal
LOT_019,LOT_019_C0585,0,normal
LOT_019,LOT_019_C0586,0,normal
LOT_019,LOT_019_C0587,0,normal
LOT_019,LOT_019_C0588,0,normal
LOT_019,LOT_019_C0589,0,normal
LOT_019,LOT_019_C0590,1,latent
LOT_019,LOT_019_C0591,0,normal
LOT_019,LOT_019_C0592,0,normal
LOT_019,LOT_019_C0593,0,normal
LOT_019,LOT_019_C0594,0,normal
LOT_019,LOT_019_C0595,0,normal
LOT_019,LOT_019_C0596,0,normal
LOT_019,LOT_019_C0597,0,normal
LOT_019,LOT_019_C0598,0,normal
LOT_019,LOT_019_C0599,0,normal
LOT_019,LOT_019_C0600,0,normal
LOT_019,LOT_019_C0601,0,normal
LOT_019,LOT_019_C0602,0,normal
LOT_019,LOT_019_C0603,0,normal
LOT_019,LOT_019_C0604,0,normal
LOT_019,LOT_019_C0605,0,normal
LOT_019,LOT_019_C0606,0,normal
LOT_019,LOT_019_C0607,0,normal
LOT_019,LOT_019_C0608,0,normal
LOT_019,LOT_019_C0609,0,normal
LOT_019,LOT_019_C0610,0,normal
LOT_019,LOT_019_C0611,0,normal
LOT_019,LOT_019_C0612,0,normal
LOT_019,LOT_019_C0613,1,obvious
LOT_019,LOT_019_C0614,0,normal
LOT_019,LOT_019_C0615,0,normal
LOT_019,LOT_019_C0616,0,normal
LOT_019,LOT_019_C0617,1,latent
LOT_019,LOT_019_C0618,0,normal
LOT_019,LOT_019_C0619,0,normal
LOT_019,LOT_019_C0620,0,normal
LOT_019,LOT_019_C0621,0,normal
LOT_019,LOT_019_C0622,0,normal
LOT_019,LOT_019_C0623,0,normal
LOT_019,LOT_019_C0624,0,normal
LOT_019,LOT_019_C0625,0,normal
LOT_019,LOT_019_C0626,0,normal
LOT_019,LOT_019_C0627,0,normal
LOT_019,LOT_019_C0628,0,normal
LOT_019,LOT_019_C0629,0,normal
LOT_019,LOT_019_C0630,1,latent
LOT_019,LOT_019_C0631,0,normal
LOT_019,LOT_019_C0632,0,normal
LOT_019,LOT_019_C0633,0,normal
LOT_019,LOT_019_C0634,0,normal
LOT_019,LOT_019_C0635,0,normal
LOT_019,LOT_019_C0636,0,normal
LOT_019,LOT_019_C0637,0,normal
LOT_019,LOT_019_C0638,0,normal
LOT_019,LOT_019_C0639,0,normal
LOT_019,LOT_019_C0640,0,normal
LOT_019,LOT_019_C0641,0,normal
LOT_019,LOT_019_C0642,0,normal
LOT_019,LOT_019_C0643,0,normal
LOT_019,LOT_019_C0644,0,normal
LOT_019,LOT_019_C0645,0,normal
LOT_019,LOT_019_C0646,0,normal
LOT_019,LOT_019_C0647,0,normal
LOT_019,LOT_019_C0648,0,normal
LOT_019,LOT_019_C0649,0,normal
LOT_019,LOT_019_C0650,0,normal
LOT_019,LOT_019_C0651,1,obvious
LOT_019,LOT_019_C0652,0,normal
LOT_019,LOT_019_C0653,0,normal
LOT_019,LOT_019_C0654,0,normal
LOT_019,LOT_019_C0655,0,normal
LOT_019,LOT_019_C0656,0,normal
LOT_019,LOT_019_C0657,0,normal
LOT_019,LOT_019_C0658,0,normal
LOT_019,LOT_019_C0659,0,normal
LOT_019,LOT_019_C0660,0,normal
LOT_019,LOT_019_C0661,0,normal
LOT_019,LOT_019_C0662,0,normal
LOT_019,LOT_019_C0663,0,normal
LOT_019,LOT_019_C0664,0,normal
LOT_019,LOT_019_C0665,0,normal
LOT_019,LOT_019_C0666,0,normal
LOT_019,LOT_019_C0667,0,normal
LOT_019,LOT_019_C0668,0,normal
LOT_019,LOT_019_C0669,0,normal
LOT_019,LOT_019_C0670,0,normal
LOT_019,LOT_019_C0671,0,normal
LOT_019,LOT_019_C0672,0,normal
LOT_019,LOT_019_C0673,0,normal
LOT_019,LOT_019_C0674,0,normal
LOT_019,LOT_019_C0675,0,normal
LOT_019,LOT_019_C0676,1,obvious
LOT_019,LOT_019_C0677,0,normal
LOT_019,LOT_019_C0678,0,normal
LOT_019,LOT_019_C0679,0,normal
LOT_019,LOT_019_C0680,0,normal
LOT_019,LOT_019_C0681,0,normal
LOT_019,LOT_019_C0682,0,normal
LOT_019,LOT_019_C0683,0,normal
LOT_019,LOT_019_C0684,0,normal
LOT_019,LOT_019_C0685,0,normal
LOT_019,LOT_019_C0686,0,normal
LOT_019,LOT_019_C0687,0,normal
LOT_019,LOT_019_C0688,0,normal
LOT_019,LOT_019_C0689,0,normal
LOT_019,LOT_019_C0690,0,normal
LOT_019,LOT_019_C0691,0,normal
LOT_019,LOT_019_C0692,0,normal
LOT_019,LOT_019_C0693,0,normal
LOT_019,LOT_019_C0694,0,normal
LOT_019,LOT_019_C0695,0,normal
LOT_019,LOT_019_C0696,0,normal
LOT_019,LOT_019_C0697,1,obvious
LOT_019,LOT_019_C0698,0,normal
LOT_019,LOT_019_C0699,0,normal
LOT_019,LOT_019_C0700,0,normal
LOT_019,LOT_019_C0701,1,latent
LOT_019,LOT_019_C0702,0,normal
LOT_019,LOT_019_C0703,0,normal
LOT_019,LOT_019_C0704,0,normal
LOT_019,LOT_019_C0705,1,latent
LOT_019,LOT_019_C0706,0,normal
LOT_019,LOT_019_C0707,0,normal
LOT_019,LOT_019_C0708,0,normal
LOT_019,LOT_019_C0709,0,normal
LOT_019,LOT_019_C0710,0,normal
LOT_019,LOT_019_C0711,0,normal
LOT_019,LOT_019_C0712,0,normal
LOT_019,LOT_019_C0713,0,normal
LOT_019,LOT_019_C0714,0,normal
LOT_019,LOT_019_C0715,0,normal
LOT_019,LOT_019_C0716,0,normal
LOT_019,LOT_019_C0717,0,normal
LOT_019,LOT_019_C0718,0,normal
LOT_019,LOT_019_C0719,0,normal
LOT_019,LOT_019_C0720,0,normal
LOT_019,LOT_019_C0721,0,normal
LOT_019,LOT_019_C0722,0,normal
LOT_019,LOT_019_C0723,0,normal
LOT_019,LOT_019_C0724,0,normal
LOT_019,LOT_019_C0725,0,normal
LOT_019,LOT_019_C0726,0,normal
LOT_019,LOT_019_C0727,0,normal
LOT_019,LOT_019_C0728,0,normal
LOT_019,LOT_019_C0729,1,obvious
LOT_019,LOT_019_C0730,0,normal
LOT_019,LOT_019_C0731,0,normal
LOT_019,LOT_019_C0732,0,normal
LOT_019,LOT_019_C0733,0,normal
LOT_019,LOT_019_C0734,0,normal
LOT_019,LOT_019_C0735,0,normal
LOT_019,LOT_019_C0736,0,normal
LOT_019,LOT_019_C0737,0,normal
LOT_019,LOT_019_C0738,1,latent
LOT_019,LOT_019_C0739,0,normal
LOT_019,LOT_019_C0740,0,normal
LOT_019,LOT_019_C0741,0,normal
LOT_019,LOT_019_C0742,0,normal
LOT_019,LOT_019_C0743,0,normal
LOT_019,LOT_019_C0744,0,normal
LOT_019,LOT_019_C0745,0,normal
LOT_019,LOT_019_C0746,0,normal
LOT_019,LOT_019_C0747,0,normal
LOT_019,LOT_019_C0748,0,normal
LOT_019,LOT_019_C0749,0,normal
LOT_019,LOT_019_C0750,0,normal
LOT_019,LOT_019_C0751,0,normal
LOT_019,LOT_019_C0752,0,normal
LOT_019,LOT_019_C0753,0,normal
LOT_019,LOT_019_C0754,0,normal
LOT_019,LOT_019_C0755,0,normal
LOT_019,LOT_019_C0756,0,normal
LOT_019,LOT_019_C0757,0,normal
LOT_019,LOT_019_C0758,0,normal
LOT_019,LOT_019_C0759,0,normal
LOT_019,LOT_019_C0760,0,normal
LOT_019,LOT_019_C0761,0,normal
LOT_019,LOT_019_C0762,0,normal
LOT_019,LOT_019_C0763,0,normal
LOT_019,LOT_019_C0764,0,normal
LOT_019,LOT_019_C0765,0,normal
LOT_019,LOT_019_C0766,0,normal
LOT_019,LOT_019_C0767,0,normal
LOT_019,LOT_019_C0768,0,normal
LOT_019,LOT_019_C0769,0,normal
LOT_019,LOT_019_C0770,0,normal
LOT_019,LOT_019_C0771,0,normal
LOT_019,LOT_019_C0772,0,normal
LOT_019,LOT_019_C0773,0,normal
LOT_019,LOT_019_C0774,0,normal
LOT_019,LOT_019_C0775,0,normal
LOT_019,LOT_019_C0776,0,normal
LOT_019,LOT_019_C0777,0,normal
LOT_019,LOT_019_C0778,0,normal
LOT_019,LOT_019_C0779,0,normal
LOT_019,LOT_019_C0780,0,normal
LOT_019,LOT_019_C0781,0,normal
LOT_019,LOT_019_C0782,0,normal
LOT_019,LOT_019_C0783,0,normal
LOT_019,LOT_019_C0784,0,normal
LOT_019,LOT_019_C0785,1,obvious
LOT_019,LOT_019_C0786,0,normal
LOT_019,LOT_019_C0787,0,normal
LOT_019,LOT_019_C0788,0,normal
LOT_019,LOT_019_C0789,0,normal
LOT_019,LOT_019_C0790,0,normal
LOT_019,LOT_019_C0791,0,normal
LOT_019,LOT_019_C0792,0,normal
LOT_019,LOT_019_C0793,0,normal
LOT_019,LOT_019_C0794,0,normal
LOT_019,LOT_019_C0795,1,obvious
LOT_019,LOT_019_C0796,0,normal
LOT_019,LOT_019_C0797,0,normal
LOT_019,LOT_019_C0798,0,normal
LOT_019,LOT_019_C0799,0,normal
LOT_019,LOT_019_C0800,0,normal
LOT_019,LOT_019_C0801,0,normal
LOT_019,LOT_019_C0802,0,normal
LOT_019,LOT_019_C0803,0,normal
LOT_019,LOT_019_C0804,1,latent
LOT_019,LOT_019_C0805,0,normal
LOT_019,LOT_019_C0806,0,normal
LOT_019,LOT_019_C0807,0,normal
LOT_019,LOT_019_C0808,0,normal
LOT_019,LOT_019_C0809,1,latent
LOT_019,LOT_019_C0810,0,normal
LOT_019,LOT_019_C0811,0,normal
LOT_019,LOT_019_C0812,0,normal
LOT_019,LOT_019_C0813,0,normal
LOT_019,LOT_019_C0814,0,normal
LOT_019,LOT_019_C0815,0,normal
LOT_019,LOT_019_C0816,0,normal
LOT_019,LOT_019_C0817,0,normal
LOT_019,LOT_019_C0818,0,normal
LOT_019,LOT_019_C0819,0,normal
LOT_019,LOT_019_C0820,0,normal
LOT_019,LOT_019_C0821,0,normal
LOT_019,LOT_019_C0822,0,normal
LOT_019,LOT_019_C0823,0,normal
LOT_019,LOT_019_C0824,0,normal
LOT_019,LOT_019_C0825,0,normal
LOT_019,LOT_019_C0826,0,normal
LOT_019,LOT_019_C0827,0,normal
LOT_019,LOT_019_C0828,0,normal
LOT_019,LOT_019_C0829,0,normal
LOT_019,LOT_019_C0830,0,normal
LOT_019,LOT_019_C0831,0,normal
LOT_019,LOT_019_C0832,0,normal
LOT_019,LOT_019_C0833,0,normal
LOT_019,LOT_019_C0834,0,normal
LOT_019,LOT_019_C0835,0,normal
LOT_019,LOT_019_C0836,0,normal
LOT_019,LOT_019_C0837,0,normal
LOT_019,LOT_019_C0838,0,normal
LOT_019,LOT_019_C0839,0,normal
LOT_019,LOT_019_C0840,0,normal
LOT_019,LOT_019_C0841,0,normal
LOT_019,LOT_019_C0842,0,normal
LOT_019,LOT_019_C0843,0,normal
LOT_019,LOT_019_C0844,0,normal
LOT_019,LOT_019_C0845,0,normal
LOT_019,LOT_019_C0846,1,latent
LOT_019,LOT_019_C0847,0,normal
LOT_019,LOT_019_C0848,0,normal
LOT_019,LOT_019_C0849,0,normal
LOT_019,LOT_019_C0850,0,normal
LOT_019,LOT_019_C0851,0,normal
LOT_019,LOT_019_C0852,0,normal
LOT_019,LOT_019_C0853,0,normal
LOT_019,LOT_019_C0854,0,normal
LOT_019,LOT_019_C0855,0,normal
LOT_019,LOT_019_C0856,0,normal
LOT_019,LOT_019_C0857,0,normal
LOT_019,LOT_019_C0858,0,normal
LOT_019,LOT_019_C0859,1,latent
LOT_019,LOT_019_C0860,0,normal
LOT_019,LOT_019_C0861,0,normal
LOT_019,LOT_019_C0862,0,normal
LOT_019,LOT_019_C0863,0,normal
LOT_019,LOT_019_C0864,0,normal
LOT_019,LOT_019_C0865,0,normal
LOT_019,LOT_019_C0866,0,normal
LOT_019,LOT_019_C0867,0,normal
LOT_019,LOT_019_C0868,0,normal
LOT_019,LOT_019_C0869,0,normal
LOT_019,LOT_019_C0870,0,normal
LOT_019,LOT_019_C0871,0,normal
LOT_019,LOT_019_C0872,0,normal
LOT_019,LOT_019_C0873,0,normal
LOT_019,LOT_019_C0874,0,normal
LOT_019,LOT_019_C0875,0,normal
LOT_019,LOT_019_C0876,0,normal
LOT_019,LOT_019_C0877,0,normal
LOT_019,LOT_019_C0878,1,latent
LOT_019,LOT_019_C0879,0,normal
LOT_019,LOT_019_C0880,0,normal
LOT_019,LOT_019_C0881,1,latent
LOT_019,LOT_019_C0882,0,normal
LOT_019,LOT_019_C0883,0,normal
LOT_019,LOT_019_C0884,1,obvious
LOT_019,LOT_019_C0885,0,normal
LOT_019,LOT_019_C0886,0,normal
LOT_019,LOT_019_C0887,0,normal
LOT_019,LOT_019_C0888,0,normal
LOT_019,LOT_019_C0889,0,normal
LOT_019,LOT_019_C0890,0,normal
LOT_019,LOT_019_C0891,1,latent
LOT_019,LOT_019_C0892,0,normal
LOT_019,LOT_019_C0893,0,normal
LOT_019,LOT_019_C0894,0,normal
LOT_019,LOT_019_C0895,0,normal
LOT_019,LOT_019_C0896,0,normal
LOT_019,LOT_019_C0897,0,normal
LOT_019,LOT_019_C0898,0,normal
LOT_019,LOT_019_C0899,0,normal
LOT_019,LOT_019_C0900,0,normal
LOT_019,LOT_019_C0901,0,normal
LOT_019,LOT_019_C0902,1,latent
LOT_019,LOT_019_C0903,0,normal
LOT_019,LOT_019_C0904,0,normal
LOT_019,LOT_019_C0905,0,normal
LOT_019,LOT_019_C0906,0,normal
LOT_019,LOT_019_C0907,0,normal
LOT_019,LOT_019_C0908,1,latent
LOT_019,LOT_019_C0909,1,latent
LOT_019,LOT_019_C0910,0,normal
LOT_019,LOT_019_C0911,0,normal
LOT_019,LOT_019_C0912,0,normal
LOT_019,LOT_019_C0913,0,normal
LOT_019,LOT_019_C0914,0,normal
LOT_019,LOT_019_C0915,0,normal
LOT_019,LOT_019_C0916,0,normal
LOT_019,LOT_019_C0917,0,normal
LOT_019,LOT_019_C0918,1,obvious
LOT_019,LOT_019_C0919,0,normal
LOT_019,LOT_019_C0920,0,normal
LOT_019,LOT_019_C0921,0,normal
